state_name,county_name,emr_16,femr_16,memr_16,emr_20to64,femr_20to64,memr_20to64,unr_16,funr_16,munr_16,unr_20to64,funr_20to64,munr_20to64,flfpr_20to64,flfpr_20to64_under6,flfpr_20to64_6to17,flfpr_20to64_under6_6to17,mlfpr_20to64,pr_f,pr_p,mfi_2022,mhi_2022,me_2022,fme_2022,mme_2022,totalpop,onerace,onerace_w,onerace_b,onerace_i,onerace_a,onerace_h,onerace_other,tworaces,hispanic,households,h_under6_bothwork,h_under6_fwork,h_under6_mwork,h_under6_singlem,h_6to17_bothwork,h_6to17_fwork,h_6to17_mwork,h_6to17_singlem,emp_m,memp_m,femp_m,emp_service,memp_service,femp_service,emp_sales,memp_sales,femp_sales,emp_n,memp_n,femp_n,emp_p,memp_p,femp_p,mcsa
Alabama,Autauga County,55.5,49.4,62.2,69.8,63.5,76.4,2.8,2.3,3.3,2.6,1.9,3.2,66.1,69.6,75.9,66.9,82.9,12,13.6,78961,68299,38318,29137,48904,58239,96.4,75.1,19.7,0.2,1.1,0,0.3,3.6,3,21856,1438,855,107,1046,4049,1828,355,1931,38.1,32.3,44.7,15.1,12.5,18,21.9,15.7,29,9.5,16.5,1.5,15.5,23,6.8,110
Alabama,Baldwin County,56.8,52.6,61.3,72.9,67.7,78.5,3.7,4.5,2.9,3.6,4.5,2.8,70.9,71.6,80.8,60.4,81.5,5.9,9.2,90253,70137,39239,30535,49557,227131,96.7,84.5,8.8,0.6,1,0,1.8,3.3,4.7,87190,6193,4012,179,2498,16975,5602,1564,5927,36.1,32,40.4,17.8,14.6,21.3,23.6,16.1,31.8,9.5,17.1,1.3,13,20.2,5.2,110
Alabama,Barbour County,41.5,44.1,39.2,52.1,58.1,47.4,8.6,11.5,5.6,9.1,12.5,5.6,66.4,77.6,74.1,67.3,50.2,21.7,26.5,53157,39700,30109,25134,35717,25259,97.6,45.5,47.4,0.3,0.4,0,3.9,2.4,4.7,9088,411,183,4,791,753,441,128,1803,25.6,19.7,31.7,20.7,19.1,22.3,19.9,9.7,30.3,12.2,23.1,1,21.6,28.4,14.7,99
Alabama,Bibb County,44.9,43.7,45.8,54,55.9,52.6,9.7,10.2,9.3,10,11.2,9,62.9,60.6,62.5,71.8,57.8,13.4,16.9,74097,59162,30638,25624,36879,22412,98.7,75.9,22.3,0.1,0.2,0,0.1,1.3,2.8,7083,245,377,80,472,1138,627,77,754,22,11.8,35,16.8,11.5,23.6,21.5,15.5,29.3,16.6,28.7,1.1,23.1,32.6,11,120
Alabama,Blount County,51.7,46.2,57.3,65.6,58.7,72.2,6,5.6,6.4,5.8,6,5.7,62.6,82.3,70.9,58.6,76.7,9.3,13.2,75150,57585,38768,31048,45166,58884,96.7,92.5,1.3,0.3,0.4,0.1,2.1,3.3,9.5,21300,1548,1045,176,790,3549,1950,365,1698,28.2,19.6,38.9,13.8,11.2,17,21.6,13.3,31.7,15.3,27.2,0.6,21.1,28.7,11.7,123
Alabama,Bullock County,46.6,45.2,47.8,58.9,55.4,61.6,3,0.3,5,1.7,0.4,2.6,55.6,50,68.2,49.6,63.2,27.6,30.9,50754,31679,29709,21839,38861,10386,98.1,24.8,69,0,0.4,0,4,1.9,8.5,3419,59,0,0,364,280,0,120,858,19.9,18.6,21.5,16.7,8.2,27.7,10.7,7,15.6,14.9,23.6,3.5,37.8,42.6,31.6,110
Alabama,Butler County,49.7,48.2,51.5,65.6,65.1,66.1,6.5,7.2,5.8,6.6,7.6,5.6,70.4,95.5,81.3,73.8,70,14,18.2,68411,49307,30402,24155,34204,19181,98.3,51.6,44.8,0.2,1.5,0,0.2,1.7,1.6,6531,422,100,23,475,1293,304,104,925,26.6,22.9,29.9,15.3,9.9,20,21.8,9.2,32.9,12.1,22.8,2.7,24.2,35.3,14.5,110
Alabama,Calhoun County,52.1,47.3,57.4,65.9,60.7,71.4,7,7.6,6.4,6.4,7,5.9,65.5,55.5,72.3,63.3,76.8,12.2,17.5,69060,55565,33252,27495,39998,116425,97.1,72.8,21.5,0.2,0.8,0.2,1.7,2.9,4,44295,1735,1860,228,2730,6356,2477,547,4714,30.1,22.8,38.2,18.1,14.6,22,21.8,14.1,30.4,9.6,17.8,0.5,20.3,30.7,8.8,100
Alabama,Chambers County,54.6,48.5,61.4,70.5,65.8,75.4,3.2,3.8,2.6,2.7,2.8,2.5,67.7,76.2,73.5,65.2,77.4,10.8,15.1,59788,51483,32976,28580,37914,34834,98.8,56.9,40.1,0.2,1,0,0.5,1.2,2.7,13123,708,252,22,1097,1255,367,249,1626,26.3,18.6,35.1,16.6,15.2,18.2,17.6,9.7,26.6,9.4,17.6,0.2,30,38.9,20,117
Alabama,Cherokee County,47.1,41,53.3,64.4,56.3,72.5,4.7,4.3,5,4.4,3.7,5,58.4,71,74.8,64.4,76.3,11.8,15,65938,47388,36616,32081,41404,24975,97.5,91.5,4.7,0.3,0.1,0,1,2.5,1.8,9692,472,375,4,228,1611,568,153,523,32.1,24.2,42.1,15.1,11.8,19.3,16.3,8.2,26.6,13.1,23.2,0.2,23.5,32.7,11.7,100
Alabama,Chilton County,50.6,44.9,56.4,63.8,57.3,70.5,6.4,6.5,6.3,6,6.2,5.8,61.1,84.2,69.4,65.8,74.8,12.2,15.7,68876,61305,37325,29755,44342,44857,95.6,81.1,8.8,1.4,0.5,0,3.8,4.4,8,16562,1342,447,66,681,2850,1699,53,1638,23.1,14.4,33.6,12.8,8,18.7,21.2,9.7,35,19.8,34.5,2,23.1,33.4,10.6,110
Alabama,Choctaw County,42.9,37.7,48.8,57.9,48.6,68.3,6.1,4.4,7.4,6.2,5.1,7,51.2,75.4,47.1,29.3,73.4,17.7,21.6,65141,42053,33797,23425,47737,12792,98.9,56.7,41.3,0.1,0.1,0,0.7,1.1,1.1,5211,211,78,85,348,330,379,8,672,22.7,19.5,26.6,14.8,11.8,18.3,26.5,10.3,45.2,18.1,33.6,0.1,17.9,24.9,9.8,120
Alabama,Clarke County,42.2,38.8,46,55.2,51.7,59,12.2,14.1,10.4,10.3,11.9,8.8,58.7,56.7,78.9,70.1,64.9,14.3,21.9,65016,48078,33682,26817,44594,23346,98.7,52,45.4,0.1,0.4,0,0.8,1.3,1.4,8250,412,176,10,627,1253,213,220,1246,26.4,19.2,33.9,15.3,10.1,20.6,25.3,16.3,34.7,13.1,24,1.7,19.9,30.4,9,110
Alabama,Clay County,47.3,42.6,52.3,64.4,60.7,68,6.1,7,5.4,6.4,7.1,5.7,65.4,60.9,72,61.6,72.6,13.9,16.9,61236,49228,34477,27742,42064,14184,95.9,82.1,13.3,0.2,0.2,0,0.1,4.1,3.1,5399,337,334,0,165,1090,256,171,447,32,19,47.1,9.4,8.3,10.6,17.2,10.7,24.7,10.6,18.2,1.8,30.8,43.7,15.8,100
Alabama,Cleburne County,48.1,41.3,55.1,63.9,55.7,72.2,4.5,5,4.1,4.1,4.4,3.8,58.2,27,71.8,44.4,75.1,8.4,14.2,68992,52683,38365,29553,45564,15046,98,93.1,2.6,0.2,0,0,2.1,2,2.6,5598,192,387,15,35,1041,403,131,476,29.5,18.7,43.3,14.4,10.5,19.3,17.8,13.8,23,15.5,27.2,0.6,22.8,29.9,13.8,100
Alabama,Coffee County,51.5,47.1,55.9,64.7,60.3,69.1,5.1,5.3,4.9,5.1,5.1,5,64,65,80.6,70.2,82,12,15.9,77265,64347,37597,26940,49589,53043,94.5,73.8,17,0.8,1.4,0,1.5,5.5,8.1,20478,880,872,269,921,3542,1575,308,2458,32.2,25.5,39.9,16.9,15.3,18.7,19.9,11,30.1,13.5,23.4,2.2,17.5,24.8,9,99
Alabama,Colbert County,54.3,48.4,60.8,70,63.8,76.5,3.8,3.9,3.6,3.6,3.8,3.5,66.4,73.9,81.9,53.6,79.6,11.3,15.1,70083,56699,38129,29641,45622,56789,97.7,78.2,16.4,0.4,0.5,0.1,2.2,2.3,3.1,22640,1151,728,95,1302,2974,1235,141,2836,32.4,26.4,39.2,14.9,13.1,16.9,19.4,8,32.4,11.4,20.3,1.3,21.9,32.2,10.3,112
Alabama,Conecuh County,41.9,37.5,46.8,57.4,52.2,63.2,4.7,4.5,4.8,4.5,4.6,4.3,54.7,75.2,86.1,62.1,66,8.6,13,56931,41405,32901,26039,39083,11778,99,50.1,48.1,0.2,0.4,0,0.2,1,0.1,4187,106,129,0,292,571,182,74,591,22.6,17.9,27.9,13.4,14.5,12.2,23.4,7.4,41.1,6.8,12.1,1,33.8,48.1,17.9,110
Alabama,Coosa County,46.1,47.2,45.1,61.5,66.3,56.8,3.3,1,5.6,2.7,1,4.5,67,59.3,81.8,92.3,60.8,6.8,11.1,63277,54514,30597,26805,37758,10442,98,66.2,30.7,0.4,0,0,0.8,2,2.6,3824,149,84,0,229,466,88,40,286,21.9,18.8,24.9,16.7,6.4,26.8,26.8,12.7,40.6,14.5,28,1.3,20.1,34,6.4,100
Alabama,Covington County,50.2,44.9,56,66.8,60.5,73.4,7,7.4,6.7,6.8,7.2,6.5,65.3,78,71.7,69.8,78.8,13.3,18,68291,50343,35141,28741,41467,37490,97.9,84.1,12.3,0.3,0.6,0.1,0.5,2.1,1.8,14296,766,300,54,899,2429,692,78,1277,31.2,24.2,39.3,14.8,12.8,17,18.4,9.2,28.8,14.7,26.9,0.7,20.9,26.8,14.2,110
Alabama,Crenshaw County,49.1,45.6,52.9,64,61.2,66.7,4.7,4.3,5.1,4.5,3.7,5.3,63.8,58.8,82.8,69,71.7,6.7,13.1,69363,46982,35425,26335,41041,13300,96.6,70.6,24.5,0.2,1.3,0,0,3.4,0.8,4653,310,96,14,250,773,305,69,650,23.3,20.4,26.4,14.5,10,19.4,24.1,10.8,38.6,9.7,18.6,0,28.4,40.1,15.7,99
Alabama,Cullman County,55.2,49.4,61.3,70.2,63.6,76.8,4.4,4.4,4.4,3.9,4.2,3.6,66.4,78.8,77.6,74.4,79.7,8.8,12.2,72221,57432,34266,26579,42157,87129,96.3,92.8,1.1,0.5,0.4,0,1.6,3.7,4.5,32939,2814,1125,209,1096,6149,2302,292,2945,27.5,23.7,32.2,16.3,12.1,21.4,22.7,12.5,34.9,14.2,24.1,2.2,19.3,27.6,9.3,112
Alabama,Dale County,44.6,40.8,48.6,55.8,51.8,59.9,8.2,8,8.3,7.9,7.5,8.2,57.6,49,72.2,57.5,81,13.7,16.7,68227,54557,33932,23661,40066,49443,96.2,70.8,20.7,0.9,1.4,0,2.4,3.8,6.9,19470,1094,1192,106,1045,2572,1213,185,2724,28.1,21.3,36,16.8,12.8,21.5,21.2,13.3,30.3,15.5,27.8,1.2,18.4,24.7,11,99
Alabama,Dallas County,48.1,46.2,50.5,61.8,60,64,8.5,8.5,8.6,8.9,8.8,9,65.8,88.7,84,84.5,70.3,18.2,24.3,57908,38103,29539,26960,36564,39162,99.4,26.9,71.7,0.2,0.6,0,0,0.6,0.1,14385,515,90,176,1974,1535,272,144,3221,26.5,18.1,33.9,14.4,11,17.4,23.5,14.4,31.6,8,15.8,1.1,27.6,40.8,16,110
Alabama,DeKalb County,53.1,45,61.3,66.8,58.3,75.2,4.3,5.2,3.5,4.3,5,3.8,61.3,64.9,66,53.7,78.3,15.6,20.6,59250,48000,32153,23963,39410,71554,95.7,83.7,1.6,0.9,0.1,0.1,9.3,4.3,15.1,25601,1577,1465,120,983,4278,3504,180,2066,27.3,20.7,36,15.7,10.7,22.5,15.7,8.7,25,14,23.6,1.2,27.4,36.3,15.4,100
Alabama,Elmore County,53.9,52.6,55.3,66.1,65.8,66.5,4.8,4.8,4.7,4.5,4.3,4.6,69.4,81.1,79.4,73.7,71.4,8.5,10.3,85980,73681,41294,34617,48856,87146,97.6,74.7,20.8,0.4,1,0,0.7,2.4,3.1,31630,2603,1183,252,1173,5719,2022,513,3242,37.5,34.3,40.5,14.3,12.8,15.8,23.7,11.5,35.3,9.5,18.8,0.5,15.1,22.6,7.9,110
Alabama,Escambia County,44,44.2,43.9,54.8,59.7,50.7,9.8,9.5,10,9.4,8.2,10.5,65.1,67.5,71.1,60,56.6,18.3,23.5,54781,41926,33349,26996,38910,36879,96.9,61.6,31.2,3.2,0.2,0,0.7,3.1,2.5,12878,504,342,80,945,1896,877,103,2054,24.7,18.2,31.5,23,16,30.3,21.5,11.2,32.2,10.5,19.9,0.8,20.3,34.8,5.3,110
Alabama,Etowah County,52.2,48.8,56.1,66.7,62.9,70.7,6.1,4.2,7.8,6,4.2,7.6,65.7,68,75.8,73.3,76.6,11.8,16,69167,51213,32654,27678,38154,103468,96.7,78.3,15.6,0.3,0.7,0,1.8,3.3,4.3,38289,2534,1238,38,2294,5866,2028,544,3418,29.1,22.2,36.3,17.5,12.5,22.8,21.1,13.1,29.6,10.5,20,0.5,21.8,32.2,10.8,100
Alabama,Fayette County,47.2,38.8,56,61,51.7,70.4,9.3,11.9,7.4,9.6,12.8,7.1,59.3,69.7,71.2,81.7,75.9,15.2,21.3,64471,47916,32869,19677,42420,16365,97.7,84.2,12.7,0.2,0.4,0,0.1,2.3,0.5,6204,419,161,17,310,1106,201,73,582,23.5,15.1,35,15,10.6,21,18.4,9.7,30.3,9.7,16.6,0.3,33.3,47.9,13.4,120
Alabama,Franklin County,52.7,44.4,61.2,66.8,57.5,76.1,4.6,3.1,5.7,3.7,2.5,4.6,59,77.1,63.2,54,79.7,14.6,18.1,59490,47560,32764,24370,39396,32034,97.4,78.1,4.4,1,0.3,0,13.7,2.6,18.2,10955,551,866,1,1040,1635,1185,45,1450,24.8,17.9,34.2,14.1,10.7,18.8,16.1,11.3,22.7,13.1,22.5,0.3,31.8,37.7,23.9,112
Alabama,Geneva County,49.2,42.9,55.9,63.4,56.2,70.7,3.5,4,3,3.3,3.7,3.1,58.4,74.8,77.8,73.5,73.8,16.1,23.5,57171,47503,33326,28604,37650,26604,97.6,84.2,9.6,0.6,0.6,0,2.6,2.4,4.3,10303,555,495,122,534,1491,561,307,931,30.4,24.6,37.5,16.8,12.5,22,19.1,9.2,31.1,15.7,28.3,0.3,18.1,25.4,9.1,99
Alabama,Greene County,35.3,26.8,44.9,49,37.4,60.6,10,6.2,12.3,10.6,6.9,12.8,40.2,80.2,55.7,10.4,69.6,30.6,39.8,52626,31420,25047,25605,24480,7851,97.3,17.6,79.2,0,0,0,0.5,2.7,2.6,2849,202,0,0,221,43,0,7,519,17.1,14.5,21.1,15.5,6.9,28.4,17.4,4.4,37.1,22.7,37.6,0,27.3,36.5,13.5,120
Alabama,Hale County,46.2,45.6,46.9,62.8,60.9,65,7,7.8,6,7.4,8.4,6.3,66.5,83.4,92,47.4,70.4,17.4,24.9,63344,35200,29516,22640,39482,14819,97.8,38.3,59,0,0.3,0,0.2,2.2,0.1,5133,256,225,0,329,453,156,12,683,33.7,21.6,44.6,18.2,13.7,22.3,19.6,18.2,20.7,6.8,14.2,0.1,21.7,32.3,12.3,120
Alabama,Henry County,50.7,46,55.8,66.5,62.5,70.7,4.9,6.3,3.8,4.7,6.2,3.3,66.6,53.7,78.1,86.4,73.6,11.1,14.4,74971,60898,35489,29582,40285,17165,98,70,26.6,0.2,0.4,0.1,0.6,2,2.7,6404,412,119,7,398,1175,259,66,417,30.8,22.9,39.5,17.7,13.2,22.7,22.2,16,29,11.6,20.9,1.3,17.7,27,7.5,99
Alabama,Houston County,53.4,48.2,59.2,66.8,61.5,72.4,5.2,5.7,4.8,5.1,5.5,4.7,65.2,72.4,74.6,58.3,76.8,13.1,17.7,71836,54742,36078,28071,45063,106355,96.6,67.4,27.3,0.2,0.9,0,0.8,3.4,3.5,41095,2275,1386,171,2902,5791,2715,320,5340,32.9,28.1,38.1,19,16,22.3,23,15.8,30.9,9.4,17.2,0.8,15.7,22.8,7.8,99
Alabama,Jackson County,46.4,40.7,52.4,59.1,51.7,66.4,5.7,5.2,6.1,5.9,5.5,6.2,54.7,55.5,72.2,50.8,70.8,13.9,17.6,60709,47726,34708,27168,40811,52548,96.5,90.4,3.5,0.9,0.3,0,1.3,3.5,3.1,20276,834,890,183,659,2661,1399,581,2227,33.6,28.5,39.8,13.5,9.7,18,17.5,10.7,25.9,12.1,21.3,0.8,23.4,29.8,15.5,100
Alabama,Jefferson County,57.5,53.8,61.8,70.9,67.5,74.8,6.1,6,6.2,5.6,5.7,5.5,71.6,76.1,77.4,71.2,79.4,11.5,15.9,82887,63580,39834,34391,47271,672550,97.4,50.9,42.9,0.2,1.7,0,1.8,2.6,4.1,264105,17832,8821,408,16475,35972,14673,1953,34319,41.3,36.5,46.1,16.1,14.2,17.9,22,14.9,29.1,7.1,13.5,0.6,13.5,20.8,6.2,123
Alabama,Lamar County,47.6,41.4,54.2,63,57.8,68.2,4.9,2.5,6.8,4.5,2.1,6.5,59.1,56.6,71.5,68.8,72.9,9.1,16.3,63693,47223,34983,32323,39140,13929,98.3,86.9,11.1,0,0.1,0,0.2,1.7,1,5351,266,174,19,284,1112,376,23,280,27.7,16.8,41.4,12.4,10.6,14.7,19.4,7.4,34.4,10.1,18,0.1,30.4,47.1,9.3,120
Alabama,Lauderdale County,54.8,48.2,62.1,70.4,63.5,77.6,3.8,4.4,3.3,3.6,4.2,3.1,66.3,60.4,70.4,69.1,80.5,9.7,13.3,75208,54500,34228,27265,41877,93342,96.5,85,10,0.4,0.5,0.1,0.5,3.5,2.9,37928,1871,1528,152,1144,5318,2464,548,2797,30.2,24.7,36.6,18.6,14.6,23.3,23.8,16.2,32.7,10.3,18.6,0.5,17.1,25.9,6.9,112
Alabama,Lawrence County,50.9,43.3,59,65.1,56,74.4,3,3,2.9,2.2,2.1,2.3,57.3,52.7,68.6,55.3,76.2,10.9,15.4,71792,56366,37823,28311,45835,33089,94,77.1,10.4,5.4,0.2,0,0.9,6,2.4,12469,593,545,0,590,1556,965,518,984,28.7,20.3,39.3,16.7,14.8,19,18.7,12,27,11.1,19.6,0.3,24.9,33.3,14.3,112
Alabama,Lee County,56.8,53,60.8,68.7,65.5,71.9,4.3,5.6,3.1,4,5.5,2.6,69.3,70.9,78.8,69,75.2,11.2,19.9,87892,62338,33741,27830,40468,172223,97,69.3,22.4,0.1,4.4,0,0.9,3,3.8,63122,4306,2684,156,3416,10181,4107,1082,6781,44.1,40.1,48.6,16.8,14.9,18.9,19.1,12.9,26,7.8,14.6,0.3,12.1,17.5,6.2,117
Alabama,Limestone County,56.3,48.5,64.1,69,61.4,76.2,4.5,6,3.4,4.1,5.9,2.7,65.2,69.3,70.6,67.8,78.5,8.1,11.5,92788,77102,43466,35215,55855,101217,95.8,77.4,13.1,0.8,1.8,0.1,2.5,4.2,6.2,37987,3182,1772,7,1181,7208,3451,223,2130,38.3,34.8,43,13.4,11,16.5,19.5,10.8,31.1,11.1,18.6,1,17.7,24.7,8.4,112
Alabama,Lowndes County,44.2,46.8,41.4,56.3,60.9,51,8.9,5.8,12.6,8.3,3.6,14.1,63.2,82.9,71.4,57.5,59.7,17.4,21.5,51374,34837,31563,28857,34421,10334,99.6,24.8,74.8,0,0,0,0,0.4,0.2,3878,94,60,103,403,275,47,43,932,23.7,22.3,24.8,14.1,8.8,18.3,22,8.8,32.3,9.7,20.9,0.9,30.5,39.2,23.7,110
Alabama,Macon County,44.8,45.1,44.4,58.4,58.1,58.7,11,10.5,11.7,10.5,10.8,10.1,65.3,79.4,71.4,100,65.8,16.6,22.2,57139,42840,23137,19162,28890,19490,98.1,16.6,81,0,0.2,0,0.2,1.9,0.5,7136,195,63,11,480,406,213,59,1171,33.6,27.6,38.5,20.7,18.6,22.4,20.1,12,26.8,4.8,10.5,0.1,20.8,31.2,12.2,117
Alabama,Madison County,61,55.2,67.1,74,68.4,79.7,4.4,4.6,4.2,4.1,4.4,3.8,71.7,73.4,78.2,67.6,83.7,7.9,10.9,100323,77557,44457,33434,57858,382149,95.7,66.7,24.3,0.5,2.6,0.1,1.5,4.3,5.2,156305,9658,5893,637,6806,23801,11511,1434,13677,49.7,50.7,48.6,14,11.9,16.5,18.9,12.1,26.8,6.1,10.9,0.5,11.3,14.5,7.7,112
Alabama,Marengo County,47.1,44.6,50,60.6,59.5,61.9,5.4,5.1,5.7,5,3.7,6.3,61.8,62.2,70.4,83.7,66,12.4,22.3,66649,38563,32533,26123,41200,19397,97.9,45.4,51.3,0.3,0.5,0,0.5,2.1,2.8,7248,528,83,0,587,1159,215,15,1030,32.5,21.3,43.5,18.2,13.3,23,17.2,9.9,24.3,12.2,24.2,0.5,19.9,31.2,8.7,120
Alabama,Marion County,48.9,43.3,54.6,64,59.4,68.5,5.9,5.4,6.4,5.2,4,6.1,61.8,65.3,79.8,52.5,73.3,11.8,17.5,62824,48561,32799,25125,39916,29392,97.8,91.6,4,0.2,0.3,0,1.7,2.2,2.6,11131,664,421,0,337,1927,1046,24,871,26.8,20.1,35,14.3,7.2,22.8,19.1,10.6,29.4,12.9,22.1,1.7,26.9,39.9,11.1,120
Alabama,Marshall County,53.6,46.4,61.1,68,60.1,75.9,3.9,3.2,4.4,3.7,3,4.3,61.9,58.3,73.8,48.6,79.5,12.7,17.7,70549,57702,35336,28350,43694,97179,95.8,88.8,2.9,0.5,0.7,0,2.8,4.2,14.7,35439,2102,3296,54,1451,6342,3455,295,3649,34.5,30.3,39.8,15.1,11.4,19.7,18.5,11,28.1,9.7,16.6,0.9,22.2,30.6,11.5,100
Alabama,Mobile County,53.7,49.6,58.3,66.9,62.6,71.5,5.8,5.6,5.9,5.7,5.6,5.7,66.4,64.8,77.4,65.6,76.6,12.6,17.6,70566,55774,37198,30153,46995,414620,97.3,57.4,36.1,0.5,2,0,1.2,2.7,3,158045,8348,6448,755,11819,21487,9092,2335,21307,34.1,27.4,41.1,17.7,14,21.6,21.5,13.2,30.1,10.6,19.7,1.1,16.2,25.8,6.2,110
Alabama,Monroe County,39.5,38.4,40.7,51.6,50.3,52.9,11.9,11.8,11.9,12.1,12.3,11.8,57.4,95,69.4,60,60.4,17.3,22.2,61020,35568,33017,27991,45087,20115,98.4,54.1,42.2,1.5,0.4,0,0.2,1.6,0.4,7333,248,168,122,580,976,354,0,1049,25.9,18.7,32.6,18.1,13.4,22.4,23.7,9.8,36.4,10.2,20,1.2,22.2,38.2,7.5,110
Alabama,Montgomery County,54.8,52.6,57.4,66.8,65.3,68.5,6.6,5.5,7.7,6.5,5.4,7.6,69.7,79.2,77.9,67.7,76.9,16.1,19.6,71894,57237,34760,31257,38885,229072,97.1,33.9,58.5,0.2,3.2,0,1.2,2.9,3.7,89134,4432,2087,102,7837,9698,5037,647,15071,37,30.9,42.8,16.8,16.1,17.5,23,16.1,29.4,5.6,11.2,0.4,17.6,25.6,10,110
Alabama,Morgan County,55.1,48.8,61.7,69.8,62.7,76.9,4.7,4.9,4.6,4.4,4.8,4.1,65.8,65.1,72.6,59,80.2,11.5,14.6,77204,61180,35816,28790,45065,122608,95.7,77.6,13.1,0.4,0.5,0.2,4,4.3,8.7,47459,2325,2316,87,2608,7079,4188,572,5254,32.1,27.6,37.6,15.6,12.3,19.7,20.5,13.5,29,10.4,18.1,1,21.3,28.5,12.7,112
Alabama,Perry County,34.3,31.2,38.2,47.2,43.7,51,19.5,14,24.5,19.3,15.9,22.2,51.9,64.1,61.8,93,65.9,30.6,35.7,41974,29492,19260,20560,15458,8702,99.9,29.5,70.1,0,0.1,0,0.1,0.1,1,2847,72,29,28,150,42,74,85,775,26.3,15.2,37.2,17.8,5.9,29.5,20.2,10.1,30,7.8,15.7,0,27.9,53.1,3.2,120
Alabama,Pickens County,43.1,33.4,53.9,56.2,44.7,68.8,7,6.8,7.1,6.3,5,7.2,47,79.8,62.7,75.2,74.7,16.7,22.7,59453,47294,33186,23694,39915,19240,98.3,57.2,40.1,0.1,0,0,0.9,1.7,5.2,6993,259,187,0,695,688,428,55,839,29.4,21.9,40.1,16.1,10.9,23.6,16.3,7.2,29.2,13.2,22.4,0,25.1,37.7,7.1,120
Alabama,Pike County,49.5,45.6,53.8,62.3,57.9,66.9,4.4,4.9,4,4.1,4.4,3.8,60.6,60.9,84.8,76.3,69.5,9.3,23.8,69947,43716,30273,27694,32529,33176,96.2,57.2,36.5,0.4,2,0,0.2,3.8,2.4,11508,733,235,81,947,1538,375,87,1604,34.7,28.9,40.8,17.8,16,19.7,19.3,14,24.9,8.3,14.4,1.8,19.9,26.8,12.7,99
Alabama,Randolph County,47.2,41.5,53.3,61.4,53.7,69.3,4,4.2,3.8,4,4.7,3.5,56.4,77,75.5,61.8,71.8,13.7,18.2,62099,51318,36144,28083,46336,21984,96.5,77.1,18.6,0.1,0.1,0,0.7,3.5,2.9,8607,543,173,0,435,1060,499,75,768,30.1,26.5,34.5,14.4,8.3,21.7,18.1,10.7,26.9,9.8,17,1.1,27.6,37.5,15.8,100
Alabama,Russell County,49.5,46.8,52.5,60.9,58.9,62.9,6.4,6.9,5.8,5.9,5.7,6,62.7,59.8,68,75.1,74.4,16.1,21.9,61227,48031,34937,27345,42117,58695,96.2,47.2,44.7,0.3,1.1,0.1,2.9,3.8,5.7,23141,1359,1070,157,1864,2430,1409,461,3179,30.2,26.9,33.6,14.9,10.4,19.6,24.3,12.5,36.6,10.1,19.8,0,20.5,30.4,10.2,117
Alabama,St. Clair County,55.3,51.3,59.3,69.8,66.1,73.4,4.8,4.5,5.1,4.5,3.7,5.2,68.6,75.5,78.8,66.5,78,9.4,12.1,83604,70926,42834,33771,52795,90412,97.9,86.2,9.5,0.4,0.6,0,1.3,2.1,2.5,33218,2488,1180,90,1274,6488,2381,495,2281,34.7,27.9,42.4,15,13.2,17.1,20.8,11.7,31.1,12.8,23.2,1,16.7,23.9,8.4,123
Alabama,Shelby County,63.4,57.2,70.1,77.8,71.5,84.4,3.3,3.3,3.2,3.1,3.1,3,73.8,74.1,77.5,71.5,87.4,4.3,7,112823,90025,48979,39014,60897,220780,96.3,78.7,12.6,0.3,1.9,0,2.7,3.7,5.8,82005,8088,3541,133,1989,18593,7670,635,5797,47.3,43.5,51.6,13.2,11.6,15.1,22.7,17.6,28.4,7.7,14,0.7,9.1,13.4,4.2,123
Alabama,Sumter County,42.6,44.2,40.8,54,56,51.9,7,5.9,8.3,5.9,4.8,7.3,58.8,56.6,68.7,72,56.2,20.9,31.6,47308,29538,22704,17790,30999,12482,98.7,25.7,71.3,0.1,1.3,0,0.4,1.3,1.2,4808,174,9,99,327,218,152,126,782,21.9,16.5,26.1,25,12,35,25,19.2,29.6,11.3,24.2,1.5,16.7,28.2,7.9,120
Alabama,Talladega County,48.4,47.1,49.9,61.4,60.6,62.2,7.9,8,7.8,6.8,7,6.7,65.2,72.3,74.4,70.5,67.1,16.1,18.6,65638,49486,33024,27285,39964,81850,97.1,63,32.2,0.2,0.3,0.1,1.2,2.9,2.4,31778,1316,610,5,2177,3663,1669,247,3889,26.9,20,33.8,16.6,12,21.2,19.3,12.5,26,11.4,20.8,2.2,25.7,34.7,16.8,100
Alabama,Tallapoosa County,46.9,40.9,53.4,60.9,53.9,68.5,9.9,13.4,6.9,9.9,12.9,7.1,61.9,71.7,70.9,71.1,74.1,13.5,16.8,65241,55211,34618,27427,42266,41284,97.7,69.3,27.3,0.1,0.2,0,0.9,2.3,2.5,16380,733,544,115,1029,1682,709,260,1915,25.3,21.4,30,16.5,13.4,20.2,22.6,13.5,33.6,11.5,20.7,0.4,24.1,31,15.8,117
Alabama,Tuscaloosa County,58.3,54.8,62,71.3,67.9,74.8,5.3,5.1,5.4,4.8,4.8,4.9,71.4,72.7,78,70.8,78.8,11,15.8,82347,62684,34761,28702,41986,223945,97.5,62.5,32.2,0.1,1.7,0,0.9,2.5,3.9,81790,5916,3011,221,5154,12584,5036,1043,9068,36.4,31.1,41.9,16.4,13.9,19,20.8,12.5,29.3,9.2,17.4,0.8,17.2,25.1,9.1,120
Alabama,Walker County,48.9,43.7,54.4,62.7,57.5,68,7,6.8,7.2,6.4,6.6,6.2,61.6,70.6,74.5,57.9,72.6,11.5,16.9,68014,51712,36705,29277,44333,65194,96.6,88.6,5.9,0.2,0.2,0,1.7,3.4,2.7,24646,1313,977,53,1359,3655,1487,247,2269,26.2,19.3,34.2,18.7,14.8,23.2,22.2,12.1,34.1,13,22.5,1.9,19.9,31.2,6.7,123
Alabama,Washington County,41.4,36.5,46.1,55.6,48.9,62,6.4,5.7,6.9,6.3,4.9,7.3,51.5,61.2,47.3,72.9,66.9,15.1,16.7,67299,48518,41394,28676,49245,15574,97.1,65.8,23.8,7.2,0.1,0,0.2,2.9,1.1,5261,328,197,108,375,492,540,28,642,34.3,26.3,45.2,14.9,8.8,23,14.7,9.2,22.1,12.4,21.4,0.2,23.7,34.2,9.6,110
Alabama,Wilcox County,36.9,34.2,40,48.4,45.8,51.4,14.1,17.2,10.8,14.8,18.1,11.2,55.9,16.7,66.2,78,58.5,21.4,27.4,51138,39660,30383,20642,41013,10686,98.2,27.2,70.8,0.1,0,0,0,1.8,0.5,3626,131,101,0,258,249,187,13,915,20.2,14,26.7,16.9,7.8,26.3,21,10.1,32.3,14.7,29,0,27.1,39,14.8,110
Alabama,Winston County,49,41.5,56.5,63.6,56.7,70.5,4.9,6.9,3.3,4.8,7.5,2.5,61.3,70.6,68.3,64.2,72.7,12.9,19.3,62730,50245,33340,26289,36725,23650,97.5,94.1,0.9,0.6,0.2,0.1,1.7,2.5,3.2,9219,555,240,32,293,1407,494,93,656,26.9,21.2,34.5,12,9.4,15.5,18.5,6.7,34.3,12.6,20.5,1.9,30,42.2,13.7,112
Alaska,Anchorage Municipality,63.2,62.2,64.2,72.7,72,73.4,5.4,5.2,5.5,5,5,5.1,77.3,70.5,81.2,67.7,85.4,5.8,9.1,116082,96869,48279,42612,55461,292545,88.2,60.3,5.4,7.2,9.7,2.9,2.7,11.8,9.5,106695,10002,6249,706,4860,20195,8358,1519,8857,41.6,36.8,46.8,18,16.7,19.4,21,14.8,27.7,8.3,14.8,1.2,11.1,16.8,4.9,122.31
Alaska,Fairbanks North Star Borough,55.8,58.5,53.5,62.8,67.1,59.2,6.3,4.3,8,6.4,4,8.5,72.3,51.9,77.9,54.9,83.3,3.6,6.4,101403,85370,45856,38546,53587,97149,90.7,73,4.6,7.6,3.4,0.6,1.7,9.3,8.3,35298,3174,3657,274,1006,5931,3099,469,2136,37.4,33.6,41.7,18.4,13.9,23.4,21,14.4,28.4,11.6,20.7,1.4,11.6,17.4,5.1,161.54
Alaska,Juneau City and Borough,62.3,60.7,63.9,74.9,73.4,76.3,5.1,4.3,5.8,4.4,3.5,5.2,76.4,74.2,84.3,66.3,83.3,5.1,7.2,118705,98237,51745,47162,56839,32240,85.7,64.7,1,10.1,6.7,1.3,1.8,14.3,7,12922,1174,572,44,264,2096,861,109,840,44.4,34.7,55,14.5,15.9,13.1,19.6,13.9,25.8,11.4,20.1,2,10,15.4,4.1,329.08
Alaska,Kenai Peninsula Borough,52.5,50.3,54.5,65.3,61.5,68.7,8.2,7.3,9,7.9,7.2,8.5,66.4,61.9,72,56.2,75.8,6.7,11.9,102532,76964,43417,35006,53977,58711,92.7,80.7,0.7,7.5,1.8,0.4,1.7,7.3,4.4,22768,1161,1338,267,727,3614,2172,368,1539,39.4,33.5,46.5,18.6,15.8,21.9,17,10,25.5,13.4,23.6,1.3,11.6,17.2,4.9,183.51
Alaska,Ketchikan Gateway Borough,62,60.2,63.6,74.7,72.7,76.5,4.7,3.8,5.5,5,3.8,5.9,76.2,63.6,76.1,62.6,85.3,6.2,9.4,106604,84824,46969,37300,54717,13939,90.2,64.4,0.8,14.8,8.5,0.2,1.6,9.8,5.7,5487,284,213,24,196,865,310,88,437,33.2,27.4,39.8,21,18.1,24.3,21.5,13,31.2,11.5,21,0.6,12.8,20.4,4.1,129.23
Alaska,Kodiak Island Borough,60.7,65.8,56.3,69.3,75.5,63.9,5.8,3.2,8.2,5.6,2.8,8.4,81.8,82.4,84.6,72.5,85.6,7,7.8,106298,91304,38123,34395,44840,13218,87.7,52.4,1.1,11,22,0.1,1.1,12.3,8.9,4416,530,248,34,305,1137,349,123,248,29.3,19.7,38.7,16.3,14,18.6,18.2,11,25.2,12.9,25.2,0.9,23.3,30.2,16.6,148.06
Alaska,Matanuska-Susitna Borough,54.8,51,58.2,64.7,60.6,68.4,7.4,8,6.9,7.1,7.6,6.7,66,54,71.6,53.1,75.9,8.1,10.7,101837,86437,49595,38782,60043,106807,91.4,80.6,1.3,6.2,1.7,0.4,1.2,8.6,5.4,38056,2715,2974,264,1420,8088,5387,907,2569,34.3,29.5,40.3,17.6,13,23.3,19.9,11.9,30,17.3,29.4,2,10.9,16.1,4.4,159
Arizona,Apache County,35.3,37.1,33.4,45.6,49,42.3,9,6.9,11.3,9.3,7.1,11.6,52.8,42.3,69.9,53.1,47.9,27,33.9,46579,37919,35084,33717,37311,66473,97.4,20.9,0.9,73.7,0.5,0.1,1.3,2.6,6.8,19443,585,713,182,2327,2662,1199,738,5032,32.3,27.5,36.5,23.1,18.3,27.3,20.3,10.9,28.6,12.5,24.3,2.1,11.9,19,5.5,158.75
Arizona,Cochise County,43.8,40.8,46.7,58.4,56.2,60.5,7.1,7.7,6.5,7,7.6,6.5,62.3,57.6,69,64.6,72.7,9.7,14.2,75982,60034,35013,28480,40937,125092,87.7,76.7,3.9,1.1,1.9,0.3,3.8,12.3,35.7,49239,2399,2383,397,2142,5932,3938,506,4494,35.9,33.1,39.3,23.1,23.8,22.2,21.7,12.9,32.3,9.5,16.4,1.2,9.8,13.8,5.1,155.41
Arizona,Coconino County,56.6,53.6,59.8,70,68.1,72,7.8,8.1,7.5,6.5,6.5,6.5,72.8,71.8,79.3,69.2,77,9,17.6,85846,67458,29781,27467,34004,144942,94,60.2,1.4,25.9,1.8,0.2,4.5,6,14.6,51037,3261,1461,247,2625,7426,2895,534,6208,39,34.4,44,20.9,19.5,22.5,21.8,16,28,8.3,15.1,1.1,9.9,15.1,4.4,158.75
Arizona,Gila County,43.1,41.1,45.2,62,59.1,65,7.3,6.4,8.2,7.7,6.7,8.6,63.3,68.5,77,59.8,71.5,14.3,19.8,64407,56033,34411,30436,41435,53211,92.9,70.8,0.8,16.6,0.8,0,3.8,7.1,19.2,22306,694,578,146,1115,2027,1169,226,2146,32,25.6,39,24.6,21,28.4,19.2,10.2,28.8,14,26.1,1,10.2,17,2.8,143.75
Arizona,Graham County,46.1,46,46.1,56.4,59.1,54.4,5.9,5.7,6.1,5.6,5.5,5.6,62.5,54.2,70.7,56.7,57.6,15.5,20,68258,62244,30826,27572,35009,38145,91.5,73.4,2,13,0.7,0.1,2.2,8.5,33.3,11577,669,830,18,740,1958,1280,133,2032,27.6,21.5,35,20.5,18.9,22.4,20.8,12.5,30.8,19.6,31.5,5.3,11.5,15.6,6.5,155.41
Arizona,Greenlee County,57.3,49.1,64.5,71.5,60.5,81.1,3.6,3,3.9,2.2,3.3,1.5,62.5,63.3,66,62.7,82.4,6.9,11.6,75693,73818,44707,26752,59301,9542,93.8,86,1.9,3.5,0.5,0,1.9,6.2,47.9,3265,196,215,57,113,502,414,116,283,24.9,17.2,36.4,20.1,9.9,35.2,7.3,3.6,12.9,29.5,47.2,3.1,18.2,22.1,12.4,155.41
Arizona,La Paz County,36.6,32.7,40.2,63.6,55.2,72.2,7.7,10.4,5.5,8.5,11.6,5.9,62.4,56.7,76.9,77.4,76.7,15.1,20.2,54360,43308,34612,27440,39739,16845,88.5,65.9,0.6,15.1,0.9,0,5.9,11.5,28.3,8678,147,114,21,259,510,190,18,616,26.8,23.7,30.9,22.5,18.6,27.7,21.3,11.5,34.2,17.5,29.1,2.2,11.9,17.2,4.9,143.13
Arizona,Maricopa County,61.6,56,67.3,75.6,69.7,81.5,5,5.1,4.9,4.5,4.7,4.3,73.3,70.5,74.4,62.5,85.6,8.5,12,93644,79509,43485,38020,48255,4367186,89.4,70.5,5.6,1.9,4.2,0.2,7,10.6,31.5,1632151,106813,77003,6451,80984,266436,150320,17441,172022,40.5,37.4,44,16.5,14.2,19.1,23.9,18.3,30.5,8.3,14.8,0.8,10.8,15.2,5.7,168.75
Arizona,Mohave County,42.3,41.2,43.3,62.4,60.9,63.8,7.4,6.6,8.1,6.7,6.3,7,65.1,69.6,80.7,71.3,68.9,10.9,16,64652,54214,33466,30894,36162,211274,94.1,85.6,1.1,1.9,1.1,0.2,4.1,5.9,17.2,93179,2562,2043,168,3872,7985,3183,1354,6751,28.4,23,34.1,24.9,22.2,27.8,22.8,14.7,31.6,9.5,17.7,0.7,14.4,22.4,5.8,143.13
Arizona,Navajo County,41.8,41.9,41.7,54.2,55.5,53,10.5,8.1,12.7,10.3,7.8,12.7,60.3,57.8,68.3,61.9,60.8,19.6,25.5,58209,50277,31795,27955,36267,106609,95.2,46.2,1,43.9,0.5,0.2,3.4,4.8,11.8,36567,1779,1471,267,3376,5096,2842,848,6218,33,26.8,39.4,21.6,20.2,22.9,22.3,13.2,31.4,12,23,0.9,11.1,16.7,5.4,158.75
Arizona,Pima County,54.3,50.3,58.3,70.2,66.5,74,6.3,6.6,5.9,5.7,6,5.4,71.2,68.5,75.8,64.7,80.2,10.6,15.1,81967,64544,35545,31338,40597,1035063,88.8,69.6,3.4,3.6,2.8,0.1,9.2,11.2,38,417483,22674,13771,1689,17475,51162,26403,4208,41376,39.4,36.1,43.1,20.3,18.7,22.2,22.5,16.2,29.4,8.4,15.3,0.7,9.4,13.7,4.7,159.13
Arizona,Pinal County,47.9,45.7,49.9,62.5,61.8,63.2,6.4,6.6,6.1,6,6,6,65.7,70,75.4,55.9,67.7,8,11.4,80797,71382,40617,34840,46625,420625,90.2,73.1,4.6,4.7,1.5,0.3,6,9.8,30.9,145554,7627,8415,916,6715,25006,13257,2366,14624,32.2,27.6,37.6,19.9,18.5,21.7,23.8,15.3,34,11.2,19.8,0.9,12.9,18.8,5.9,143.75
Arizona,Santa Cruz County,51.1,45.3,57.5,67.4,59.3,76.2,9.9,9.8,9.9,8.8,10.2,7.7,66,68,70.2,63,82.8,18.4,21.6,57344,49147,31295,28586,34293,47463,76.2,64.9,0.5,0.5,0.4,0,9.9,23.8,83.2,16428,735,1011,49,1596,2647,2457,212,2262,26.5,20.1,33.9,21.2,18.4,24.4,28.3,22.9,34.5,9.7,17.8,0.4,14.3,20.8,6.7,155.41
Arizona,Yavapai County,46.1,43.7,48.7,67.7,65.1,70.3,5.4,5,5.9,4.9,4.4,5.4,68.1,64.4,79.6,57.5,74.4,7.6,12.5,76626,61225,33748,29551,37738,233789,94,86.8,0.6,1.3,1.1,0.1,4.1,6,15,103934,3299,2719,282,3111,9950,4963,1232,4884,33.4,28.5,38.6,21.2,18.2,24.3,24,17.5,30.8,11.3,20.2,1.9,10.1,15.5,4.4,158.75
Arizona,Yuma County,47.9,43.7,51.9,64.5,60.5,67.9,8.4,9.3,7.7,8,8.7,7.5,66.6,64.1,72.3,63.5,79.7,15.4,18.3,63862,57294,32413,25592,37898,202944,81.2,66.5,2.1,1.5,1.1,0.1,10,18.8,64.7,72716,3833,4158,333,6098,11155,6586,776,10945,26.2,21.3,32.6,21.1,17.2,26.1,20.6,14.4,28.5,16.6,25.2,5.7,15.4,22,7.1,143.13
Arkansas,Arkansas County,56.7,52.5,61.2,73.2,68.6,78.3,4.3,5.8,2.8,3.9,4.9,3,72.1,75.5,81.7,79.5,80.7,11.6,16.4,73842,59974,38041,28258,47696,17273,97.8,71.2,25.7,0.2,0,0,0.7,2.2,3.7,6595,583,232,11,229,1172,352,18,523,34.5,30.9,38.4,13.2,9.2,17.6,18.4,8.5,29.1,11.2,20.3,1.4,22.6,31.1,13.6,82.5
Arkansas,Ashley County,46,43.1,49.1,61.7,58.6,64.9,5,5.4,4.7,4.6,5,4.1,61.7,77.3,66.2,58.5,67.7,15.8,20.6,61278,46524,34211,25745,44316,19362,98.1,71.6,25.1,0,0.2,0.3,1,1.9,5.9,7239,300,314,23,463,1061,642,158,833,27.1,14.8,39.8,17.7,14.3,21.2,18.9,4.5,33.7,13.8,26.5,0.6,22.6,39.9,4.6,82.5
Arkansas,Baxter County,43.1,41.1,45.2,64.4,61.8,67.2,5.4,5.3,5.4,5.7,5.8,5.5,65.6,56.8,75.2,82.2,71.1,8.8,14,58729,47448,30740,27384,34354,41476,96.3,94.3,0.3,0.6,0.3,0,0.8,3.7,2.6,18835,928,544,23,336,2017,767,408,1057,32.9,28.2,37.8,16.8,12,21.7,20.9,13.3,28.6,8.8,17.2,0.3,20.6,29.4,11.7,82.5
Arkansas,Benton County,64.1,58,70.3,78.4,72.2,84.4,3,2.8,3.2,2.6,2.3,2.9,73.9,68.3,78.3,62.5,87.1,5.9,8.1,95573,83807,44305,37316,50979,278774,88.1,77.3,1.8,1.2,4.1,0.7,3,11.9,17.1,101109,9735,5850,451,4446,22763,11413,1490,9072,38.8,36.7,41.3,14.1,10.4,18.5,22.4,16.8,29.1,9.1,16.1,0.7,15.6,19.9,10.4,104.5
Arkansas,Boone County,54.7,52.4,57.1,71.3,69.4,73.2,4.6,5,4.3,4.4,4.7,4.1,72.8,75.5,78.3,75.6,76.4,9.6,13.3,65087,53001,32756,28020,39287,37445,97.1,95.4,0.2,0.5,0.7,0,0.4,2.9,2.7,15190,1123,435,192,438,2812,763,275,830,33,27.1,39.2,15.8,10.5,21.4,24.5,14.7,34.8,9.6,18.2,0.4,17.1,29.3,4.2,82.5
Arkansas,Bradley County,48.6,44.6,53,62.7,56.6,69.2,5.4,8.1,2.8,5.4,8.5,2.4,61.9,75.3,80.2,49.6,70.9,11,14.8,58028,45749,42289,29294,50397,10597,96.4,63.5,26.3,4.8,0.1,0,1.7,3.6,15.9,3706,59,301,12,223,497,364,63,710,27.8,23.9,31.9,13.9,5.3,23.1,15.8,7.5,24.6,16.1,27,4.6,26.3,36.3,15.8,82.5
Arkansas,Carroll County,51.7,46.3,57.1,68.9,61.5,76.3,4,2.6,5.2,3.1,2.3,3.8,63.5,66.5,82,53.2,79.3,10.5,14.3,71545,58169,33007,31206,34352,28154,90.6,84.9,0.5,1.1,1,1.1,2,9.4,15.3,11168,724,742,81,223,1937,1096,258,510,29.4,26.5,32.9,13.2,8.6,18.6,19.7,12.1,28.9,16.3,28.2,1.8,21.5,24.5,17.7,82.5
Arkansas,Chicot County,36.6,39,34.2,47.3,53.5,41.9,14.1,13.1,15.2,15,13,17.2,61.4,34,71.2,46.8,50.5,20.6,29.6,48351,36809,34650,32066,37314,10405,97.3,42.8,53.6,0.1,0.3,0,0.4,2.7,6.1,4014,109,86,82,317,303,244,97,716,32.4,28.4,36,15.1,8.1,21.3,18.1,15.1,20.8,13.7,29.1,0,20.7,19.3,21.9,82.5
Arkansas,Clark County,53.5,47.2,60.9,66.9,59.6,74.8,3.7,4.1,3.3,3.4,4.3,2.5,62.3,46,70.4,66,76.9,12.6,20.4,67467,49433,25667,21570,31283,21569,97.7,69.9,24.4,0.1,0.6,0.1,2.6,2.3,4.9,8056,363,226,55,518,1087,500,212,613,30.5,24.4,37.3,22.1,19.4,25,19.6,12.5,27.5,9.3,17.2,0.6,18.5,26.5,9.6,82.5
Arkansas,Clay County,53,51.3,54.8,68.7,68.2,69.2,6.4,4.8,8,6.2,5.1,7.3,71.8,84.8,87.3,85.6,74.6,15.2,18.8,58076,43401,29766,23464,35594,14661,95.8,95,0.6,0.1,0,0,0.1,4.2,0.8,6152,305,113,51,258,852,100,139,547,30,21.3,38.8,16.4,11,21.8,20.4,14.6,26.3,11.7,22.4,0.9,21.5,30.7,12.2,82.5
Arkansas,Cleburne County,45.8,41.8,49.8,63.7,59.8,67.5,6.3,3.2,8.8,6.4,2.8,9.4,61.5,58.6,73.5,72.2,74.7,10.8,15.1,62155,52756,32322,27323,36788,24848,97.2,95.6,0.3,1,0.2,0.1,0,2.8,2.6,10664,509,358,13,318,1428,759,124,367,26.7,19.6,35,18.7,14.2,24,21.7,10.5,34.8,14.9,27.2,0.3,18.1,28.4,5.8,82.5
Arkansas,Columbia County,48,45.3,50.9,61.9,57.6,66.1,4.4,6.6,2,4,7.2,1.1,62.1,78,65.4,79.1,66.8,20,23.4,60105,44815,29664,21587,38319,22947,98.7,61.6,35.8,0.2,0.6,0,0.4,1.3,2.9,7768,745,83,0,441,1092,409,79,1075,31.9,22.2,41.9,16.3,7.8,25.1,18.2,11.8,24.9,10.5,19.2,1.6,23,39,6.5,82.5
Arkansas,Conway County,55.1,53.9,56.3,69.6,67.2,71.9,6.7,5.4,7.9,6.7,6,7.3,71.5,73.5,65.6,95.3,77.7,13.3,18.9,62675,49935,30179,24758,37764,20687,96.4,84.3,10.4,0.4,0.6,0,0.6,3.6,4.2,8460,596,101,0,523,1339,495,23,1015,31.9,27.3,36.4,18.1,10.7,25.4,16.4,8.1,24.6,14.8,25.5,4.1,18.9,28.4,9.5,82.5
Arkansas,Craighead County,60,56.5,63.8,73.5,70.5,76.8,5.7,6.2,5.3,5,5.2,4.8,74.3,81,80.4,73.5,80.9,12,17.8,73223,56449,34683,30775,38162,109875,95.7,76.5,15.5,0.3,1.1,0,2.3,4.3,5.3,41865,3439,1233,344,2623,7728,2139,612,5669,36.4,28.5,44.5,17.3,15.5,19.2,21.6,17,26.3,9.6,17.5,1.4,15.2,21.5,8.6,104.5
Arkansas,Crawford County,52.1,46.8,57.6,65.6,59.7,71.6,4.7,3.6,5.6,4.7,3.5,5.6,61.9,63.5,68.9,59.9,76.5,12.2,17.7,66757,56742,34857,28241,42668,60483,94.5,87.6,1.6,1.2,1.3,0,2.9,5.5,8.2,22748,1499,917,118,981,3197,1893,523,2177,28.8,25.1,33.2,16.8,12.5,21.9,22.6,12.5,34.5,10.4,18.8,0.5,21.4,31.2,9.8,104.5
Arkansas,Crittenden County,56.6,54,59.5,69.1,66.8,71.6,9.9,10,9.8,9.3,9.4,9.1,73.7,75.4,82.9,77.4,78.8,15.8,19.8,60846,50633,35501,30462,43416,48338,92.6,42,49.5,0.2,0.7,0,0.2,7.4,2.8,18561,1044,221,26,2488,3110,588,116,3789,31.6,27.9,35.2,17.4,11,23.6,19.4,12.2,26.3,10.3,19.6,1.4,21.2,29.3,13.4,104.5
Arkansas,Cross County,53.6,48.1,59.8,69.6,65.5,74,8.2,9.4,7.1,7.8,8.1,7.5,71.3,92.8,85.2,79.2,80,13,17.6,67349,49319,36427,31053,40079,16935,88.9,72.9,15.7,0.2,0,0,0,11.1,2.1,6390,417,138,24,582,859,367,50,851,25.8,11.9,41.5,14.4,9.1,20.3,22.3,13.7,32,15.6,29.4,0.2,21.8,35.9,5.9,82.5
Arkansas,Dallas County,44.5,43.3,45.8,65.8,68.7,63,8.2,10.3,5.8,8.8,11,6.5,77.2,73.5,94.5,72.5,67.5,7.7,12.9,72910,37427,34214,34193,34310,6645,98.2,53.5,43.3,0.6,0.1,0.7,0.1,1.8,1.1,2326,120,28,0,139,202,19,0,252,26.8,13.6,39.7,21.5,20.4,22.5,12.2,8.7,15.6,6,12.2,0,33.6,45.2,22.2,82.5
Arkansas,Desha County,48.3,43.9,53.3,61,55.5,67.5,5.7,3.1,8,4.3,2.5,6.1,56.9,74.9,60.8,79,71.8,21.5,27.8,49355,36292,32066,28452,34677,11530,97.9,48.8,48.2,0.1,0.2,0,0.6,2.1,6.7,4721,257,74,0,441,460,396,14,633,29.7,16.7,43.3,20.2,18.8,21.7,19.4,12.3,26.9,12.3,24.1,0,18.3,28.1,8.1,82.5
Arkansas,Drew County,52.1,50,54.4,66.8,65.4,68.3,2.5,1.4,3.6,2.1,1.4,2.9,66.3,62.9,81.1,80.7,70.8,12.8,20,65125,46751,36404,33943,38169,17511,98,68.4,28.9,0,0,0,0.6,2,3.8,6970,316,260,16,499,1290,317,18,442,38.8,29.3,48.3,15.4,17.5,13.3,19.3,8.3,30.5,11,20.3,1.6,15.5,24.6,6.4,82.5
Arkansas,Faulkner County,60.3,56.5,64.5,73.8,71.2,76.5,3.3,3,3.5,2.7,2.4,3,73,68.8,82.8,74.3,80.1,9.8,14.8,79517,59781,38106,33937,44201,123191,96.5,81.2,11.8,0.3,1.2,0,2,3.5,4.3,46445,4061,1888,191,2043,9854,2538,469,4524,41.4,34.7,48.6,17,14.8,19.2,20.2,14.6,26.3,8.5,16,0.5,12.9,19.9,5.4,104.5
Arkansas,Franklin County,49.8,44.7,55.4,65.5,57.7,73.5,5.1,6.5,3.9,4.8,6.8,3.2,61.9,64.2,74.9,62.7,75.9,14.7,22.8,61968,45920,33907,29747,38992,17159,94.8,91.8,0.8,0.4,0.8,0.1,0.9,5.2,3.4,6718,508,322,21,145,1254,488,161,432,29.5,22.3,37.9,14.3,9.3,20,17.1,7.2,28.5,13.4,23.3,1.9,25.8,37.9,11.7,82.5
Arkansas,Fulton County,41.3,41.5,41,58.6,58.8,58.3,5.9,2.7,9.1,6.6,3.1,9.7,60.7,83.1,80.6,55.1,64.7,14.6,17.9,52022,40276,28546,24501,32544,12072,94.9,93.6,0.3,0.4,0.4,0.2,0,5.1,0.5,4636,288,225,68,86,734,477,25,189,29,21.6,35.9,24.4,21.3,27.3,20.6,6.9,33.5,10.5,21.2,0.4,15.5,29,2.9,82.5
Arkansas,Garland County,50.4,48.3,52.8,67.4,65.3,69.6,6.2,4.3,8,6.1,4.3,7.9,68.2,75.1,73.9,59.3,75.6,10.9,16.2,69997,54484,31190,27167,35643,99694,96.2,85,8.3,0.7,0.7,0.1,1.4,3.8,6,41919,1695,1322,278,1864,4032,1694,849,4077,32.3,28.5,36.2,22.9,18.5,27.4,23.6,16.2,31.1,10.3,19.9,0.7,10.8,17,4.7,104.5
Arkansas,Grant County,53.6,48.4,58.8,68.7,64.3,73.1,3.4,2.3,4.4,2.5,0.9,3.9,64.9,90.9,69,73.4,76.6,9.8,14.1,85587,68102,45594,34287,53085,17912,97,93.1,2.2,0.1,0.3,0.2,1.1,3,3,6850,611,121,0,312,890,616,195,799,35.7,24.2,49.3,14.9,10.9,19.7,18.4,12,26.1,14.2,25.8,0.5,16.7,27.1,4.4,104.5
Arkansas,Greene County,55.1,50.1,60.3,67.4,61.4,73.4,7.4,7.3,7.5,6.6,6.6,6.6,65.8,44.2,81.9,70.1,78.7,12.3,16.4,63404,55990,34539,28757,39528,45665,96.8,92.7,2.4,0.2,0.5,0.1,0.8,3.2,3,17583,935,1049,48,998,2970,724,268,2067,32,22.3,43.3,14.2,10.3,18.7,19.3,11.3,28.7,13.2,24.1,0.5,21.3,32,8.9,82.5
Arkansas,Hempstead County,51.6,45.5,58.4,65.1,59.6,71.2,4.8,5,4.7,3.4,3.6,3.3,61.8,72.3,65.9,71.7,73.6,15.7,24.6,64005,47515,34781,31805,37810,20352,96.3,55.4,30.3,0.5,0.1,0.3,9.7,3.7,13.3,7566,342,194,37,595,891,770,122,1262,27.8,17.7,39.5,16.4,9.6,24.1,15.2,10.3,21,14.2,22,5.2,26.4,40.4,10.2,82.5
Arkansas,Hot Spring County,46.7,48.7,44.8,59.9,64.5,55.9,5.5,3.1,7.9,5.3,2.8,7.6,66.4,58.1,72.4,73.7,60.7,14.4,19,65786,50929,33191,29859,37371,33096,97.2,84.5,11.2,0.4,0.3,0,0.9,2.8,3.7,12070,612,451,32,477,1897,652,146,1375,33.5,23.2,43.8,17.9,18.2,17.7,19.7,9.2,30.2,13.2,24.3,1.9,15.7,25.1,6.3,82.5
Arkansas,Howard County,56.5,51.4,62.3,71.3,64.6,78.4,5.7,8.2,3.4,5.5,8.8,2.4,70.8,72.1,68.9,88.2,80.4,16.7,20.3,59529,43118,30135,24269,35836,12894,97.6,65.6,20.5,0.3,1,0.2,10,2.4,13.2,5253,399,136,0,423,731,458,92,808,25,23.6,26.4,18.3,22.2,14,17.5,2.9,33.2,15,25.3,4,24.2,25.9,22.4,82.5
Arkansas,Independence County,54.2,51.3,57.1,67.6,64.4,70.7,5.4,4.6,6.2,5.6,4.5,6.5,67.5,73.8,77.8,60.6,76.1,12.5,17.7,65351,54531,31822,27660,35795,37796,93.9,86.7,1.9,0.5,0.8,0.3,3.7,6.1,6.9,14349,1117,660,73,484,2342,929,305,1124,28.1,22.3,34.4,17.1,12.7,22,20.5,10.7,31.2,11.5,21.4,0.8,22.7,33,11.7,82.5
Arkansas,Izard County,38.8,38.3,39.2,53.3,56.2,51,6.9,4.5,8.8,7.2,4.5,9.4,58.8,47.8,83,82.9,56.3,11.2,15.7,60460,49397,31941,27527,34608,13653,92.7,90,0.9,1.2,0,0,0.6,7.3,2.6,4623,159,174,5,220,870,265,87,359,33.2,25.4,42.1,16.4,12.7,20.7,16.1,10.7,22.3,11,19.7,0.9,23.4,31.6,14,82.5
Arkansas,Jackson County,42.8,34.6,51.2,50,41.3,58.3,10.3,11.4,9.5,10.6,11,10.3,46.4,70.7,73.3,72.1,65,15.2,20.8,57937,42678,27790,20192,37197,16878,87.8,76.6,10.9,0,0,0,0.2,12.2,3.1,5978,425,189,14,329,754,306,83,692,24.4,19.1,32.1,23.3,17.5,31.6,20.1,14.5,28.2,9.8,16.5,0.1,22.4,32.4,8,82.5
Arkansas,Jefferson County,45.6,47,44.2,58.5,62.4,54.8,9.3,7.7,11.1,8.7,7.3,10.2,67.3,79.3,82.6,63.2,61.1,16,19.4,64111,47655,33988,31287,37615,68199,97.4,39,55.8,0.2,0.8,0.3,1.2,2.6,2.3,24416,827,757,145,2275,2669,1161,473,4053,30.7,22.2,38.4,20.4,18.5,22.1,17.1,10.8,22.7,7.8,14.5,1.8,24.1,34,15,104.5
Arkansas,Johnson County,52.2,48.2,56.3,67.1,62,72.1,3.8,3.3,4.3,3.3,2.2,4.2,63.4,61.3,79.4,66.9,75.5,13.9,18.9,52062,44285,29450,23557,34654,25853,94.6,87.4,1.6,0.5,2.6,0.3,2.2,5.4,14.2,9849,710,466,76,460,2084,613,166,927,27,25.6,28.5,14.9,9,21.7,18.1,9.8,27.8,11.8,20.4,1.8,28.2,35.2,20.2,82.5
Arkansas,Lafayette County,41.7,40.1,43.5,55.8,53.1,58.5,8,5,10.6,7.9,4.7,10.8,55.8,36.1,58.1,28.9,65.6,16.6,23.5,56259,39330,30723,25969,37301,6373,97.8,59.2,35.6,0.1,0.7,0,2.2,2.2,3.2,2500,98,89,0,85,254,114,22,254,27.6,22,33.4,18.5,20.6,16.3,23.3,9.4,38,15.4,27.8,2.4,15.3,20.3,10,82.5
Arkansas,Lawrence County,50,44.5,55.6,64.4,57.7,71.1,7.2,7.7,6.9,6.7,6.3,7.1,61.5,73.9,74.9,50.1,76.5,11.1,15.5,60575,44413,29623,23158,36567,16292,95.9,94,1.3,0.3,0,0,0.2,4.1,1.7,6260,367,376,35,214,761,484,69,673,25.8,16.8,36.8,13.6,10.7,17.1,23.7,17.1,31.8,12.3,21.3,1.3,24.5,34,13,82.5
Arkansas,Lee County,34.4,35.1,33.9,43.4,49.1,40.4,14.3,9.8,17.3,14.3,11.7,15.9,55.6,94.6,44.3,63.1,48,21.4,27.7,51061,31699,32588,25141,34246,8832,98.1,42.2,54.9,0.2,0.2,0,0.6,1.9,2.7,2767,156,35,14,277,264,61,29,625,33.9,34.3,33.2,19.6,10.4,32,18.7,14.5,24.5,14.6,23.5,2.7,13.2,17.3,7.7,82.5
Arkansas,Lincoln County,30.2,48.3,20.7,33,61,21,3.1,1.6,5,2.9,1.9,4.1,62.2,79.1,79.1,64.1,21.9,12.8,15.1,63005,53927,32747,27133,36057,13092,98.4,65.2,29.9,0.4,0,0,2.9,1.6,4.3,3391,367,90,0,190,786,195,20,270,29.7,18.4,38.9,15.1,9.8,19.4,22.1,9.6,32.5,14.5,32,0,18.7,30.1,9.2,104.5
Arkansas,Little River County,51.5,48.5,54.9,68.9,67.6,70.4,8.4,5.4,11.2,8.8,5.1,12.4,71.2,77.2,74.6,82.3,80.4,8.1,12.4,76020,62799,36663,33327,44448,12104,95.9,73.2,20.3,0.9,0.3,0,1.1,4.1,1.8,4753,195,153,0,331,650,271,138,551,29.8,14.2,45.8,15.7,11.2,20.3,16.6,9.2,24.3,14.3,27.5,0.7,23.6,37.9,9,104.5
Arkansas,Logan County,53,47.6,58.6,68,62.8,73.4,4.8,5.5,4.3,4.7,5.6,3.9,66.5,59,83.8,72,76.3,10.5,15.7,60188,50761,30524,25668,34690,21299,94.1,89.7,1.4,0.4,1.7,0,0.9,5.9,3.1,8271,385,336,26,414,1354,372,139,528,25.5,18.8,33.3,17.7,14.9,21,18.6,8.6,30.3,12.8,22.4,1.4,25.5,35.3,13.9,82.5
Arkansas,Lonoke County,57.7,55.5,60.1,70.4,69.1,71.8,5.2,4.3,6,5,4.2,5.7,72.9,73.4,81,70.3,81.1,8,11.6,83478,68191,43549,35568,48762,73824,95.9,87.7,5.6,0.3,1,0.2,1.1,4.1,4.7,27277,2767,1170,151,1254,6130,1582,330,3183,36.3,27.1,45.8,13.8,11.1,16.4,22.8,14.2,31.7,12.8,24.4,0.9,14.3,23.2,5.2,104.5
Arkansas,Madison County,50.7,45.3,55.8,65.1,61.1,68.8,5.1,3.7,6.2,5.2,3.9,6.3,63.6,60.3,74.6,71.5,73.3,12,16.5,69090,52170,33324,25126,36937,16496,90.6,87.2,0.1,0.6,0.6,0.6,1.5,9.4,6,6056,460,236,32,411,939,545,103,525,28.1,22.2,35.8,15.4,12,19.9,19.1,9.9,31.3,16.8,29,0.9,20.5,26.9,12.1,104.5
Arkansas,Marion County,40.7,39.9,41.5,56.6,54.4,59,7.7,4.9,10.4,7.4,4.8,9.7,57.2,67.3,75.5,75.4,65.3,11,18.1,53542,44731,26031,22439,32138,16750,97.9,95.4,0.8,0.8,0.6,0.2,0.1,2.1,2.4,6950,367,132,5,202,922,189,10,561,31.5,20.8,42.4,14.4,15.1,13.8,18.5,13.1,24,11.7,21.8,1.5,23.8,29.2,18.4,82.5
Arkansas,Miller County,48.6,43.9,53.5,61.7,56.2,67.2,7.5,8.4,6.7,6.2,6.3,6.1,60.2,47.3,62.2,65.5,71.5,15.8,18.1,62229,50805,36530,28839,45838,42875,98.1,69.4,25.5,1.3,0.1,0,1.8,1.9,3.6,16240,699,481,0,1418,1427,1111,74,2804,31.9,23.1,42.2,15,10.8,19.8,22.3,15.5,30.2,10.2,18.5,0.5,20.7,32.1,7.3,104.5
Arkansas,Mississippi County,55.3,51.4,59.4,66.9,64.4,69.5,9.6,8.4,10.6,8.5,7.8,9,69.9,69.8,74.8,81,76.5,16.5,21.8,59107,49857,33639,27080,41320,41061,96,59.1,34.8,0.2,0.4,0,1.5,4,4.6,15565,894,357,39,1823,2086,678,120,2827,26.9,19,35.4,16.4,12.1,21.1,18,9.9,26.8,11.6,21,1.5,27.1,38,15.2,82.5
Arkansas,Monroe County,45.4,42.3,48.9,57.8,54.2,62.1,10.3,12.3,8.3,11.3,13.3,9.1,62.5,100,48.1,92.1,68.4,15.1,21.4,69264,45417,33777,25604,43169,6903,98,54.2,42.9,0.3,0.3,0,0.3,2,0.3,2816,237,26,0,263,323,127,0,352,24.2,23.2,25.1,19.8,9.6,30.2,18.7,9.6,27.9,9.6,19,0.1,27.7,38.5,16.7,82.5
Arkansas,Nevada County,47.4,47.6,47.2,58.9,59.2,58.6,7.4,9.2,5.4,8.5,10.6,6.1,66.2,69.3,81.1,76.1,62.4,21.4,25.2,51832,46510,29355,28395,31116,8340,98.3,62.8,35.3,0.2,0.1,0,0,1.7,0,3070,41,10,6,422,291,150,152,453,24.6,7.5,41,29.4,28.3,30.6,16.4,11,21.5,11,22.5,0,18.5,30.7,6.9,82.5
Arkansas,Ouachita County,46.5,43.9,49.4,60.6,56.8,64.7,6.3,5.6,6.9,6.3,6.3,6.3,60.6,39.8,73.8,54.6,69.1,14.5,21.1,61147,47238,32095,29597,37591,22858,99,56.7,42.1,0.1,0,0,0.1,1,2.5,8686,206,245,52,729,1119,402,147,1374,29,20.4,37.9,19.2,16.3,22.2,13.3,6.2,20.6,8.5,13.7,3.1,30,43.4,16.2,82.5
Arkansas,Perry County,46.7,39.9,53.4,61.7,55.8,67.3,4.3,7.8,1.5,4.5,7.7,1.7,60.5,64.5,77.9,60.4,68.5,13.1,15.3,65919,51775,35801,29006,46432,10056,96.6,92,2.5,0.1,0.1,0,1.9,3.4,3.1,3732,233,87,4,181,729,163,47,339,31.8,22.1,45.2,13.1,8.5,19.6,17.9,9,30.2,19.1,31.8,1.6,18,28.6,3.3,104.5
Arkansas,Phillips County,42.7,41,44.7,54.9,53.7,56.3,15.3,17.6,12.6,15.5,17.3,13.3,64.9,70.7,67.6,65.8,66.1,27.6,33.3,51082,35136,34210,25515,41075,16923,98.8,34.7,63.8,0,0,0,0.2,1.2,2,6315,94,92,0,1063,735,200,10,1455,30.1,20.4,38.9,16.6,14.8,18.3,24.4,11.3,36.5,7.8,16.2,0,21.1,37.3,6.3,82.5
Arkansas,Pike County,52.5,48.9,56.1,68,63.1,72.8,3.7,3.8,3.5,2.9,3.8,2.1,65.5,61.1,77.8,60.3,74.7,13.8,17.7,64649,50872,31568,24317,40531,10234,96.1,88.8,4,0.2,0.2,0,2.9,3.9,6.7,4042,254,186,21,118,722,324,73,222,29.8,19.8,41.1,16.3,12,21.1,18.4,12.3,25.2,13.3,23.5,1.8,22.2,32.4,10.7,82.5
Arkansas,Poinsett County,51.7,47.3,56.4,64.5,61.7,67.5,4.2,4.2,4.3,4.4,4.2,4.6,64.4,68.9,73.2,59.5,70.9,16.2,20.8,56889,46711,32028,27432,35325,23212,91.5,86.3,4.1,0,0,0,1,8.5,3.4,8992,536,276,55,542,1291,542,118,946,27,19.7,35.1,18.3,13.6,23.4,18.4,8.8,29.2,12.8,23.4,1.1,23.5,34.5,11.3,104.5
Arkansas,Polk County,48.2,43.3,53.3,65.5,60,71.1,10.4,11.1,9.7,10.4,10.8,10.1,67.3,88.6,80.1,67.6,79.3,16.6,20.9,58226,47354,30133,23240,38284,19476,95.9,89.8,0.4,1.8,0.3,0.2,3.4,4.1,6.6,7736,529,352,9,256,1227,706,107,696,31.7,22.8,42.2,20.3,16,25.5,15.3,9.8,21.8,13.7,23.9,1.6,18.9,27.5,8.9,82.5
Arkansas,Pope County,53.3,48.5,58.2,67.9,62.6,73,5.9,6.5,5.4,4.4,4.7,4.1,65.8,68.6,79.8,54.4,76.4,12.5,17.4,63669,51581,29656,22609,40524,63234,95.1,87.6,2.5,0.5,1.2,0,3.3,4.9,9.5,23304,1496,1099,25,1320,4201,1326,248,2099,30.7,24.9,37.4,18.8,15.8,22.3,19.6,14.5,25.4,9.7,16.7,1.7,21.2,28.1,13.3,82.5
Arkansas,Pulaski County,59.6,57.2,62.3,72.5,71,74.2,5.3,5.2,5.4,5.1,5,5.3,75.2,75.5,82.4,69.3,80,11.7,15.8,81229,60206,39805,35970,44450,397931,96.3,53.7,37.3,0.3,2.3,0.1,2.7,3.7,6.3,164697,9138,5857,527,11116,22742,7707,1704,22294,42.6,37.8,47.2,16.4,14.5,18.3,22.8,16.9,28.4,6.5,12.6,0.6,11.7,18.2,5.5,104.5
Arkansas,Randolph County,48.3,38.8,57.8,64.1,54.6,73,7.3,9.1,6,6.6,8.4,5.4,59.5,58.8,68.2,62.2,77.1,15.7,19.3,60232,46025,34706,28003,36945,18442,94.5,91.2,1,0.2,0.3,0.9,0.9,5.5,2.4,7234,390,372,31,255,1125,652,157,605,30.2,22.5,41.6,17.1,12,24.7,14.8,8.4,24.3,14.6,23.9,0.7,23.3,33.2,8.6,82.5
Arkansas,Saline County,60.8,57.4,64.5,77,74.3,79.8,3.8,3.3,4.3,3.4,2.9,3.8,76.5,82.4,84,73.5,83.6,6.3,8.6,89661,74779,45864,40521,51076,122308,97,86,8.1,0.2,1.1,0.1,1.4,3,5.2,47468,4246,1613,367,1418,9754,2370,555,3899,38.2,30.7,46.1,14.2,11.4,17.2,24.8,18.5,31.5,10.3,19.4,0.5,12.5,19.9,4.6,104.5
Arkansas,Scott County,53.4,48.4,58.1,68.3,60.3,75.6,5.9,8.4,3.8,5.4,9.4,2.3,66.5,93.8,68.9,42.4,77.4,11.2,15.2,61286,47499,30825,26781,34775,9928,95.3,85.7,2.9,0.3,0.8,0,5.6,4.7,8,3938,191,99,5,166,654,253,92,441,28,21,36.6,15,9.2,22.2,17.3,11.6,24.5,12.6,20.2,3,27.2,37.9,13.7,82.5
Arkansas,Searcy County,44.7,41.9,47.5,61.4,58.3,64.5,4.3,4.2,4.4,3.8,2.6,4.9,59.9,49,73.3,58.5,67.8,14.8,24.1,54257,43193,26035,22773,27898,7872,93.9,90,0.4,3.1,0.1,0,0.3,6.1,2.8,2964,155,113,5,114,634,152,8,143,29.6,23.2,37,17.1,11.6,23.4,21.7,14.3,30.3,8.9,15,1.8,22.7,35.9,7.5,82.5
Arkansas,Sebastian County,57.6,52.6,62.8,72.2,67.4,77,5,5.2,4.7,4.3,5,3.8,71,77.7,66.4,69.4,80.7,12.6,17.5,64668,54746,34367,29031,40636,127941,92.8,71.6,6.1,1,4.5,0,9.5,7.2,14.8,51587,3257,1526,421,3104,6730,4289,917,5457,34.2,30.8,38,16.6,15.3,18.1,21.4,12.1,31.8,8.9,16.3,0.5,19,25.5,11.7,70
Arkansas,Sevier County,55.6,46.4,64.5,67.2,54.8,79.2,4.8,3,6.1,5,3.4,6,56.8,75.9,60,41.5,84.2,13.1,21.6,64663,53922,31875,26710,38804,16074,97.3,60.7,2.9,1.9,0.2,3.3,28.3,2.7,34,5498,450,428,0,336,885,1035,109,545,19.1,12.9,28,15.2,10.1,22.4,14.5,5.3,27.6,19.9,32.8,1.5,31.4,39,20.6,82.5
Arkansas,Sharp County,42.6,39.6,45.6,58.1,55.5,60.7,5.5,4.5,6.5,5.4,4,6.6,57.8,71.5,71.5,81.5,65.4,13.3,18,53606,40723,28040,24583,31396,17243,95.2,93.4,1,0.2,0.2,0,0.4,4.8,2.5,6841,390,169,13,314,1020,316,186,383,26.4,21.3,32,20.1,12,29.2,22.2,15.9,29.1,13.2,22.9,2.4,18.2,28,7.2,82.5
Arkansas,Stone County,39.3,36.7,42,56,52.9,59,7.5,4.6,9.9,7.4,3.6,10.5,54.9,93.6,61.6,34.4,66.1,14.5,20.9,54817,35766,22985,20892,24743,12364,94.6,91.8,0.1,0.5,0.5,0,1.6,5.4,1.9,4678,226,92,38,221,482,175,33,613,26.2,18.7,34.4,22,18.6,25.7,17,7,28.1,19.8,35.9,2,15,19.8,9.7,82.5
Arkansas,Union County,50.4,48.7,52.2,63.5,62.3,64.7,4.4,3,5.7,4.2,2.6,5.7,63.9,72.3,74.2,73.2,68.6,15.4,18.5,66936,50624,36377,29301,46211,39262,98.4,63.6,32.7,0.6,0.8,0,0.7,1.6,4.1,14791,719,721,28,1227,2592,1063,81,2050,31.5,23.4,39.6,17.4,15.4,19.3,22.2,13.2,31.3,11.1,21.4,0.7,17.9,26.6,9.1,82.5
Arkansas,Van Buren County,42.1,39.3,44.9,58.6,56.2,60.9,5.4,4.7,6.1,4.1,3.6,4.5,58.3,69.4,77.8,76.1,63.8,11.5,17.6,57457,44432,26935,23366,34547,15851,97.2,93.9,1,0.9,0.2,0.1,1.1,2.8,3.3,6951,263,171,0,230,966,267,110,440,25.7,13.7,39.1,19.5,16.6,22.8,18.4,10.8,26.9,11.8,22.4,0.1,24.5,36.5,11.1,82.5
Arkansas,Washington County,62.1,56.8,67.5,73.8,69,78.4,4.7,4.3,5.1,3.9,3.3,4.5,71.4,69.7,77.1,64.9,82.2,10.2,15.3,77883,61705,36349,31340,40401,242793,90,72.8,3.4,0.9,2.7,2.5,7.7,10,17.2,91329,7566,4754,662,4083,16217,7772,1361,8783,41,36.3,46.7,15.7,13.1,18.7,19.6,15.1,24.9,9,15.5,1.3,14.7,20,8.3,104.5
Arkansas,White County,52.1,46.9,57.7,65.3,60,70.7,5.4,5.4,5.3,5.1,5.1,5,63.3,64.7,75.8,61.3,74.6,12.6,15.3,62604,50516,31799,25148,39895,77075,96.1,89.6,4.5,0.3,0.8,0,0.9,3.9,4.6,28599,1778,1136,393,1048,4923,2305,634,2750,33,26.1,40.8,16.8,12.8,21.4,19.4,11.6,28.2,12,21.3,1.5,18.8,28.2,8.1,82.5
Arkansas,Yell County,56.1,49.2,62.8,69.1,62.1,75.5,3.6,5,2.6,3.4,4.3,2.7,64.9,65.6,72,70.9,77.5,11,13.8,65400,55666,31909,27045,39440,20489,97.8,76.6,1.8,0.3,1.2,0,17.9,2.2,20.9,7541,453,257,111,393,1235,576,180,1069,23.5,19.6,28.5,19.9,12.8,29.3,18.2,12.6,25.6,13.7,22.6,2.2,24.6,32.4,14.4,82.5
Connecticut,Fairfield County,63.2,57.8,68.8,76.7,71.8,81.7,6.4,6.1,6.5,6,5.9,6.1,76.4,73.5,76.1,67.4,87.1,6.5,9.2,136864,110301,52467,42332,62634,956446,93.3,68,11.5,0.2,5.5,0.1,8.1,6.7,20.5,349443,28745,15133,1241,11128,68877,31935,4276,31227,47.8,45.6,50.4,16.6,13.7,19.9,20.6,16.4,25.3,7.2,13.4,0.3,7.7,10.9,4.1,117.5
Connecticut,Hartford County,61.9,58.7,65.3,76.5,74.5,78.6,5.8,5.3,6.2,5.3,4.9,5.7,78.4,77,82.9,76.9,83.5,7.5,10.9,111518,87549,50035,42610,58384,898636,93.1,66.7,13.9,0.3,5.7,0,6.5,6.9,18.8,356529,25593,9198,1251,15061,60602,16293,3160,37424,45.4,42.3,48.7,16.1,13.8,18.5,20.8,14.9,26.9,5.9,11.1,0.6,11.8,17.9,5.4,114
Connecticut,Litchfield County,61.8,57.2,66.5,77.7,73.9,81.4,6,5.9,6,5.7,5.6,5.8,78.2,80.8,84.1,71.9,86.6,4.8,7.8,114231,92429,48468,40931,58323,185175,95.9,90.4,1.8,0.1,1.9,0,1.7,4.1,7.1,74857,4988,1733,252,1386,11547,3460,760,4969,42,36.1,48.7,17.5,14.9,20.4,20.4,16.3,25,9.7,17.7,0.6,10.5,15,5.4,142
Connecticut,Middlesex County,63.1,59.1,67.3,79.6,77.2,82,4.7,3.9,5.4,4.2,3,5.4,79.6,78.6,85,80.7,87.2,3.4,6.4,129269,99008,55948,46918,64010,164568,95.5,85.4,5.4,0.3,3.3,0,1.2,4.5,6.7,68200,4446,1462,113,1213,10835,2486,534,4965,47.6,42.9,52.6,15.2,13,17.5,21.2,17.4,25.3,7.1,13.3,0.5,9,13.5,4.2,121.5
Connecticut,New Haven County,60.8,58.4,63.5,75.1,73.7,76.6,6.7,6.1,7.3,6.5,5.8,7.2,78.3,77.4,83.7,79.6,82.6,7.8,11.5,105914,81797,46931,40908,54642,864751,93.8,69.1,13.8,0.2,4.1,0,6.6,6.2,19.2,336400,21451,7665,1086,16094,53740,14046,3356,36873,43.4,38.8,48.1,17.4,14.9,20,19.9,14.3,25.5,7.6,14.5,0.6,11.7,17.5,5.9,127.75
Connecticut,New London County,59.2,57.2,61.1,73.7,73,74.4,5.1,4.5,5.8,4.9,4.3,5.5,76.7,77.1,83.1,70.4,85.6,6.2,8.7,108242,86154,45866,37424,56899,269131,92.8,78.5,6,0.5,4.1,0,3.7,7.2,11.4,109481,7378,2634,372,3235,15842,5139,1029,10118,42.5,40.7,44.5,21.3,18.2,24.6,18.2,11.7,25.2,7.6,14.1,0.7,10.4,15.4,5,106.25
Connecticut,Tolland County,60.5,59.1,62,74.8,74.3,75.2,4.7,3.9,5.3,4.1,3.5,4.7,77.1,75.5,82.8,70.2,79.2,5,9.7,125189,96492,46595,35880,59343,150120,96,85.6,3.1,0.1,4.8,0,2.3,4,6,56989,4490,1270,140,1226,9316,1845,623,4234,47.9,43.3,52.8,15.7,14.2,17.2,19.2,13.9,24.7,8.2,15.1,0.8,9,13.4,4.4,110.25
Connecticut,Windham County,60.2,56.4,64,73.7,70.1,77.2,6.9,7.2,6.6,6.7,7,6.5,75.4,77.5,77.8,76.1,83,7.4,11.3,95982,77846,42362,34586,51286,116503,93.8,86.6,2.3,0.3,1.4,0,3.2,6.2,12.5,45425,2519,1006,96,1985,6943,1503,275,5103,35.2,30.6,40.2,18.3,15.7,21.3,20.4,14,27.7,9.8,17,1.7,16.3,22.7,9.2,106.25
Delaware,Kent County,56,53.5,58.8,70.2,69.1,71.4,5.6,5.1,6,4.9,4.4,5.4,72.9,78,80.3,62.7,80.4,10.1,13.3,82161,69449,38788,33147,44961,180078,93.6,63.6,25.7,0.5,2.1,0,1.6,6.4,7.5,66720,4434,3072,197,3660,10124,4334,604,8227,34.5,27.7,41.2,18.2,17.3,19,23.2,14.8,31.5,9.8,18.7,0.9,14.4,21.4,7.4,102.19
Delaware,New Castle County,61.5,58.7,64.5,75.3,73,77.6,5.9,5.9,6,5.5,5.5,5.5,77.4,77.2,82.6,71.6,82.7,6.6,10.6,107546,85487,46980,40939,54620,567769,95.2,60.8,25.2,0.2,5.8,0,3.2,4.8,10.5,218002,15402,6146,696,9871,35527,10939,1993,23342,45.4,40.8,50.1,16.2,14.2,18.3,20.2,14.4,26,7.6,14.3,0.6,10.7,16.3,5,105.36
Delaware,Sussex County,51.9,47.8,56.3,71.3,67.2,75.6,5.1,5,5.1,4.8,4.8,4.8,70.8,79.4,81,56.7,79.7,8.1,12.1,90892,75086,38299,33579,43855,234045,95.4,79.3,11.2,0.4,1.3,0,3.1,4.6,9.4,96375,3809,2601,299,4424,10951,5252,969,7995,35.2,28.8,42.2,19.2,17.5,20.9,22.3,15.6,29.6,11.2,20.8,0.8,12.1,17.3,6.5,102.19
Florida,Alachua County,57.1,53.3,61.2,70.4,66.9,74.1,4.8,5,4.7,4.5,4.6,4.4,70.1,70.6,82.5,72.6,77.7,9.2,20.1,86886,58112,33418,30492,35982,276171,93.6,65.7,19.9,0.3,6,0.1,1.8,6.4,10.5,105003,6963,3430,352,4581,13106,5103,793,9684,48.2,45.1,51.5,18.6,18.7,18.6,21.1,16.8,25.6,5.4,9.7,0.9,6.7,9.8,3.5,125
Florida,Baker County,51.3,53.9,49.1,62,68.2,56.9,5.1,7,3.1,5.1,7.5,2.7,73.8,80.5,87.7,82.8,59.4,10.2,11.7,83640,69607,38368,34206,44215,28003,92.8,79.1,12.6,0.3,0.3,0.1,0.4,7.2,2.9,8532,1046,201,0,449,1716,280,192,734,35.9,33.2,38.7,20,13.3,27,18.1,10,26.6,7.5,13.8,0.8,18.5,29.6,7,92
Florida,Bay County,56.3,53.2,59.4,70,67.1,72.9,4.6,3.9,5.3,4.5,3.6,5.2,70.5,69.8,72.3,66.3,81.9,9.1,12.9,77644,65916,36514,30662,42639,181384,94.4,79.1,10.4,0.5,2.2,0.1,2.1,5.6,6.9,72881,4146,2674,248,3408,8683,3806,842,7578,36,32.1,40.3,19.3,16.7,22.2,23.2,15.9,31.3,10.6,19.1,1.2,10.8,16.2,5,100
Florida,Bradford County,46,51.4,41.8,56.7,68.1,49.1,5,5.8,4.2,4.4,5.9,3,72.3,74.4,74.1,81.5,50.9,11.7,19.4,64517,53195,35080,31065,40113,27928,96.7,75.7,19.3,0.3,0.8,0,0.4,3.3,4.6,8967,418,258,117,624,1181,527,557,831,28.5,22.1,35.4,21.7,16.7,27,24.2,17.4,31.3,11.1,20.3,1.3,14.5,23.5,5,100
Florida,Brevard County,52.8,48.2,57.5,70.8,66.1,75.5,4.8,4.5,5,4.5,4.2,4.8,69.2,70.3,76.6,67.3,80.3,7.2,10.6,85822,69359,38427,32567,46840,601573,93.5,78.8,9.7,0.3,2.4,0.1,2.2,6.5,11,242657,11859,8240,574,9215,30282,15066,3388,17964,41.8,40.2,43.5,17.2,14.7,20.1,21.8,14.3,30.4,8.6,15.7,0.6,10.6,15.2,5.3,125
Florida,Broward County,62.2,57.9,66.8,76.7,72.8,80.7,6,6.2,5.8,5.7,6,5.5,77.5,74.2,81.3,72.6,85.5,9.4,12.4,84595,70329,39482,35136,44450,1934551,88.9,52.5,28.5,0.2,3.6,0.1,3.9,11.1,30.9,732464,51415,21473,1856,38951,108118,37930,6595,87418,38.1,35,41.4,19.1,16.4,22,24.5,18.3,31.3,8.4,15.5,0.7,10,14.8,4.7,150
Florida,Charlotte County,40.2,38.9,41.4,65.1,64.7,65.4,5.4,4.2,6.5,5.4,3.9,6.9,67.3,71.7,79.2,69.9,70.4,7.6,10.5,74932,63097,33974,31643,36113,184837,95.8,87,5.4,0.2,1.3,0.1,1.7,4.2,7.8,82755,1902,915,204,2068,6194,1871,1039,3669,31.9,26.8,37,20.6,17.9,23.4,26.8,19,34.8,10,19,0.9,10.7,17.4,3.9,110
Florida,Citrus County,36.8,34.7,39.1,58,54.1,62.2,7.7,6.4,8.9,7.4,6.5,8.1,57.9,58.5,77,69.6,67.8,10.3,14.9,67474,53044,32756,28424,36839,151888,96.4,90.9,2.5,0.2,1.7,0,1,3.6,6.2,65843,1614,1154,196,2037,5354,2251,738,3777,31.9,27.9,36.2,19,15.5,22.7,24.5,15,34.6,11.7,21.6,1.3,12.9,20,5.3,90
Florida,Clay County,58.3,55,61.9,72.5,69,76.1,4.8,4.9,4.7,4.3,4.6,4.1,72.6,71.8,77.7,74.6,82.2,7.2,9.6,90175,80724,41057,34254,47981,216308,92.7,75.2,11,0.1,2.9,0,3.4,7.3,10.5,77434,5368,2828,488,3275,15651,5446,1470,8295,37.8,32.6,43.2,16.5,14.1,19,24.8,16.8,33.3,9.2,17,0.8,11.8,19.5,3.6,135
Florida,Collier County,50.4,44.3,56.7,74.9,67.8,81.9,4.2,4.6,3.8,3.8,3.8,3.9,70.5,70.6,78.4,67.7,85.3,7,10.6,98793,82342,38133,33437,43858,372797,90.7,79.6,6.6,0.2,1.5,0,2.9,9.3,28.5,153711,6242,4180,153,5694,17329,8040,1184,11775,34.9,31.6,38.9,22.4,19.1,26.5,21.7,16.1,28.7,12.7,21.7,1.5,8.3,11.5,4.3,125
Florida,Columbia County,48,48.6,47.4,61.4,63.7,59.3,8.2,7,9.2,7.3,5.7,8.9,67.7,87.4,74.9,65.3,65.3,9.4,14.4,68354,52048,35030,29876,41520,69265,94.9,73.7,17.7,0.1,1,0,2.3,5.1,6.6,25728,1355,479,125,1848,3580,1881,199,2720,32,25,39.5,19.4,15.5,23.6,22.1,14.8,30,12.3,21.9,2.1,14.1,22.9,4.8,85
Florida,DeSoto County,42.7,36.7,47.2,56.2,52,59,9.4,9.4,9.5,9.7,9.8,9.6,57.7,50.1,57.8,60.4,65.2,17,25.3,50981,43540,29031,24975,31253,34027,95.1,78.5,12.5,0.2,0.1,0,3.9,4.9,31.9,12207,492,598,18,636,960,1259,220,1111,23.4,16.8,35,21.5,18.3,27.1,16.2,9.6,27.7,25.7,39,2.6,13.1,16.3,7.6,90
Florida,Duval County,60.7,56.8,64.9,72.9,69.4,76.4,5.1,5.4,4.9,4.9,5.2,4.5,74.2,71.5,81,65.1,84.1,10.7,14.5,79715,64900,39485,35234,44379,983153,93.5,56.1,29.4,0.2,4.7,0.1,3,6.5,10.6,387008,25715,16675,1442,25072,50191,20877,4135,49588,38.4,34,43,17.4,15.5,19.5,23.7,17.5,30.4,8.1,14.7,1,12.4,18.3,6.1,110
Florida,Escambia County,53.6,51.9,55.4,66.9,65.5,68.4,6.3,5.2,7.3,5.7,5.1,6.3,70.9,73.1,73.3,64.5,79.5,10.8,14.5,73755,61699,34990,30958,38976,318828,92.9,66.1,21.8,0.3,3.1,0.2,1.5,7.1,6,124494,6798,4334,504,6992,12960,7586,1127,15655,35.1,31.2,39.2,19.3,16.5,22.2,25.3,18.4,32.5,8.9,16.6,0.8,11.4,17.4,5.2,110
Florida,Flagler County,47.9,44.6,51.4,69.3,65.3,73.7,3.7,3.8,3.5,3.5,3.6,3.4,67.8,74.2,82,55.5,76.7,7.9,11.1,79241,67912,36107,32554,42156,113888,95.3,79.1,9.8,0.2,2.4,0.1,3.8,4.7,10.9,45491,1953,1091,25,963,5312,1871,596,3739,35.8,29.6,42.4,18.7,14.9,22.7,24.1,18.7,29.7,10.4,19.8,0.5,11,17,4.6,110
Florida,Gadsden County,47.3,45.3,49.5,59.9,57.2,62.8,4,3.9,4,3.9,3.6,4.2,59.3,71.2,81.5,65.3,65.8,16.9,24.2,58330,46500,33250,30595,36988,44233,97.1,37.2,55.3,1,0.2,0,3.4,2.9,10.7,15769,809,370,0,1401,1776,653,187,2965,29.2,25.4,32.9,22.3,20.4,24.2,23.2,12.2,34,12.9,22,4,12.4,20.1,4.9,90
Florida,Hardee County,46.2,42.1,49.7,59.9,58.8,60.8,6.6,5.7,7.3,5.9,5.7,6,62.4,51.4,69.7,61.6,64.8,20.8,26.2,56761,45121,34885,31154,35834,25632,89.3,73.6,5.8,0.2,1.2,0,8.6,10.7,44.3,8032,431,493,29,969,1953,799,28,1345,23.9,19.3,30.2,19.2,17.7,21.2,20.3,8.6,36,21.7,34.2,4.9,14.9,20.2,7.7,100
Florida,Hendry County,58.3,52.2,63.8,70.1,62.9,76.1,6.1,5.7,6.4,5.4,6.1,5,67,66.9,77.4,49.1,80.1,23.3,25.9,46419,42339,29797,23299,33990,39439,86.6,67.7,10.8,1.9,1,0,5.1,13.4,55.1,12821,704,1084,35,1156,1618,1486,253,2858,19.2,15,24.9,17.8,11,27.3,22,12.9,34.6,25.4,38.4,7.3,15.7,22.7,5.9,99
Florida,Hernando County,46.7,42.9,50.8,66.3,61.6,71.2,6.3,6.9,5.8,5.9,6.3,5.5,65.8,71.1,79.6,65.3,75.5,9.6,13.2,68071,58098,34157,29087,40048,192128,93.3,83.4,5.2,0.3,1.2,0,3.2,6.7,14.9,78041,3396,2180,202,2424,9084,3085,1094,6682,31.7,25.7,38.3,19.9,19,20.8,25.8,17.7,34.6,11.2,20.4,1.1,11.5,17.3,5.3,97
Florida,Highlands County,40,37,43.2,64.3,61.7,67,7.4,7.4,7.3,6.8,6.4,7.1,65.9,59.8,77.3,73.5,72.1,11.9,15.9,61614,51116,32995,28859,35887,101174,94.8,77.8,9,0.5,1.6,0,5.8,5.2,21.1,43977,1453,1071,149,1186,4194,1325,200,3752,31,24,38.7,21.5,17.4,26,22.7,16.4,29.5,15,26.5,2.2,9.9,15.7,3.5,105
Florida,Hillsborough County,61.6,57.1,66.3,75,70.6,79.4,5,5.1,5,4.6,4.7,4.5,74.4,72.8,78.3,69.9,84.3,10.2,14,86125,69939,41372,36621,45897,1444359,89.5,63.4,16.5,0.3,4.2,0.1,5.1,10.5,29.6,547578,36981,19269,2575,29877,83182,35454,5656,63580,40.9,37.9,44.1,16.6,14.4,19,23.7,17.5,30.5,8.6,15.4,1,10.3,14.8,5.4,110
Florida,Holmes County,45.3,46.3,44.5,56.8,62.5,52.5,4.8,5.6,4.1,4.7,5.5,4,66.1,58,79.4,70.8,55.2,14.8,18.8,56676,45572,29887,28387,33203,19622,97.7,87.4,7.1,1,0.7,0.4,1.1,2.3,3.1,6995,483,135,49,313,876,341,277,590,27.8,20.5,36.4,25.6,19.4,32.9,19.9,13.8,27.1,15.7,28.7,0.6,10.9,17.7,3,100
Florida,Indian River County,46.1,43.5,48.8,67.7,64,71.7,6,6,6,6.3,6.3,6.2,68.3,80.6,79.7,60.6,77.9,6.2,10.7,82491,67137,34616,30584,37746,158002,93.7,81.8,8.2,0.2,1.4,0.1,1.9,6.3,12.9,63377,2666,1197,334,2507,6709,3012,924,3913,36.5,34.8,38.4,19.3,17.5,21,24.8,15,35,9.9,18.4,1.1,9.5,14.4,4.5,100
Florida,Jackson County,40.6,44.6,37.5,52.4,62.3,45.5,5.1,5.9,4.4,4.9,6,3.7,66.3,60.9,84.3,44.6,47.6,14,18.1,58929,47323,33230,29846,36571,48067,96.5,67.4,26.9,0.4,0.3,0.1,1.3,3.5,5.1,16859,974,445,132,897,1889,629,187,1629,33.1,28,38.4,23.6,21.2,26.2,18.4,9.8,27.5,13,23.6,1.8,11.9,17.4,6.1,100
Florida,Jefferson County,47.9,52.4,44.1,63.4,72.2,56.1,6.2,7.8,4.5,5.8,7.8,3.6,78.3,80.6,90.1,30.3,58.8,12.5,17.1,72483,57857,39486,35173,46623,14405,97.8,63,33,0.2,0.4,0,1.2,2.2,4.4,5394,209,195,9,219,598,314,6,396,33.6,26.6,40.4,19.3,18.3,20.3,27.8,19,36.5,11.7,22.7,0.8,7.7,13.4,2,100
Florida,Lake County,50.8,47.2,54.8,71.6,67.9,75.4,6.1,6.1,6.2,5.7,5.5,5.9,71.9,76.7,78.1,67.2,80.4,7.4,10.7,79504,65414,36070,31222,42097,375059,92.6,77.2,10.5,0.3,2.1,0.2,2.3,7.4,16.8,149455,8199,4157,792,6050,19928,8613,1953,13125,35.1,31.4,39,20.6,18.3,23.2,24.9,17.1,33.3,9.9,18.3,0.8,9.5,14.8,3.7,120
Florida,Lee County,50.8,47,54.8,72.4,67.4,77.6,4.6,4.8,4.5,4.4,4.7,4.1,70.8,72.7,77.5,63.4,81,8.4,12,81276,68926,36857,31911,42321,752251,91.9,78,8.1,0.1,1.7,0.1,3.9,8.1,22.6,298343,14722,8849,1136,10585,35082,15510,3526,23956,33,29,37.5,20,17.3,23,25.1,17.6,33.4,12.1,22,1.2,9.8,14.1,4.9,110
Florida,Leon County,61.6,59.5,63.9,74.8,73.4,76.3,6.2,6.1,6.3,5.2,4.9,5.4,77.2,80.2,84.3,73.4,81,10.1,19.3,89546,62521,33528,30753,36641,290965,95.3,59.1,31,0.2,3.6,0.1,1.4,4.7,6.7,117677,6978,2571,292,5152,15823,3479,824,12432,47,44.4,49.4,17.8,16.9,18.7,23.1,17.7,28.1,5.3,9.9,0.9,6.8,11.1,2.8,125
Florida,Levy County,47.3,44,50.9,64.8,60.3,69.7,5.2,6.1,4.3,5.1,6.7,3.6,64.6,69.7,77.6,73,72.3,13.5,18,58168,46902,31047,26963,36475,42392,95.3,85.1,8.4,0.2,0.9,0,0.7,4.7,8.9,17248,672,298,57,779,2291,840,133,1493,24.7,19,30.7,22.9,18.3,28,21,13.9,28.5,17.8,31.2,3.4,13.7,17.6,9.5,85
Florida,Madison County,40.3,42,38.9,53,57.4,49.5,3.9,2.3,5.3,3.2,1.9,4.3,58.5,84.9,86.6,37.9,51.7,18,25.4,55671,43058,31060,27662,34940,18051,96.8,56.7,36.8,0.1,0.7,0,2.5,3.2,6.2,6441,283,221,47,326,554,269,143,908,25.6,14.5,37.8,19.9,13.9,26.5,21.4,16.8,26.5,12.4,23.7,0.1,20.6,31.1,9.1,115
Florida,Manatee County,51.1,47,55.5,71.2,66.6,76,5.5,5.1,5.8,5,4.8,5.2,70,74.7,77.5,68.3,80.6,6.8,10.4,87404,70811,37961,34051,42329,394824,94.4,80.8,8.3,0.2,2.2,0.1,2.8,5.6,16.7,156254,7242,4125,534,5717,20366,8481,1973,11706,37.1,33.3,41.2,19.5,18.2,20.9,23.5,16.6,31.1,9.2,16.8,0.9,10.7,15.1,5.9,115
Florida,Marion County,44.4,42,47,64.7,62.3,67.2,6.9,5.6,8.1,6.7,5.3,8,65.8,71.9,77.3,62.3,73.2,10.5,14.6,66078,55381,33728,29977,37826,370372,93.9,77.6,12.6,0.3,1.5,0,1.8,6.1,14.3,150880,6249,3621,875,6979,15675,7096,1785,14236,31.2,25.3,37.2,21,17.4,24.8,25.1,18.4,31.8,10.3,19.5,1,12.4,19.5,5.2,120
Florida,Martin County,48.9,45.2,52.7,69.8,65.8,73.6,4.6,4.6,4.5,4.1,4.2,4.1,68.8,69.9,72.2,61.8,76.9,6.6,10.5,97297,76048,38375,32322,46894,158323,95.1,85,5.6,0.4,1.6,0.1,2.4,4.9,14.1,66108,3048,2119,289,1745,6431,4059,488,4533,39.4,38.1,40.8,20.1,19.1,21.3,23.2,14.6,33,10.3,18.5,0.9,7,9.7,4,89.5
Florida,Miami-Dade County,60.3,54.6,66.4,74.9,70.2,79.7,5.1,5.5,4.8,4.9,5.3,4.6,74.2,70.1,79.7,69,83.7,12.5,15.7,70512,63018,35439,31603,39698,2690113,79.9,56.5,16.3,0.2,1.5,0,5.3,20.1,68.5,936351,60833,34384,3268,56320,136391,51897,9182,120918,35.2,31.9,38.9,19.5,15.7,23.8,23.8,18,30.3,10.1,17.7,1.3,11.6,16.7,5.8,120
Florida,Monroe County,60.4,57.2,63.3,75.9,73.4,78.1,3.7,3.8,3.6,3.8,3.7,3.8,76.7,85.9,83.4,72.4,85.7,6.4,11,94318,79737,41262,34451,45848,82244,91.4,79.9,7.2,0.1,1.3,0.2,2.8,8.6,25.1,33643,2041,729,107,803,3376,1128,178,2311,31.2,27.3,35.8,24.6,22.5,27,22,14.7,30.9,13.9,23.5,2.3,8.4,12,4,130
Florida,Nassau County,54.1,50,58.3,71.9,66.6,77.4,4.8,3.4,6,4.8,3.2,6.2,68.9,74.4,70.6,51.7,83.9,7.6,9.6,95487,84479,41978,34176,50731,88492,96.8,88.5,5.5,0.3,1,0,1.5,3.2,4.8,34691,2030,1538,6,993,5138,2586,301,2280,36.4,29.4,44.4,16.6,15.6,17.7,22.9,14.6,32.4,12.4,23,0.4,11.7,17.4,5.1,100
Florida,Okaloosa County,55.7,52.8,58.5,66.8,65.2,68.3,3.9,4.4,3.4,3.7,4,3.4,70.3,65,74.3,63.5,85.5,7.8,11,92992,73455,37813,31427,45461,209230,92.7,75.7,9.6,0.2,3.4,0.3,3.4,7.3,9.8,81785,5858,4516,245,3875,11713,7007,704,6442,39.6,37.4,42.2,21,19.2,23.1,20.8,14.8,27.9,9.4,16.4,1.3,9.1,12.3,5.5,125
Florida,Orange County,63.3,58.7,68.1,75.4,71.3,79.6,5.7,5.5,5.8,5.2,5.1,5.3,75.2,70.6,78.5,67,84.2,10.6,13.9,82490,71705,36144,31745,41104,1409949,88.5,55.5,20.7,0.2,5.2,0.1,6.8,11.5,32.6,475292,37916,20773,2187,26354,79275,32669,7635,61830,38.4,35.7,41.2,19,17.4,20.9,23.7,17.9,30.2,7.7,13.7,1.2,11.1,15.4,6.4,120
Florida,Osceola County,60.8,56,65.8,74,69.1,78.9,6,6.9,5.1,5.6,6.9,4.3,74.3,71.2,81.2,65.8,82.5,10.9,13.5,69800,63779,31605,28362,34519,380331,87.1,57.7,10.9,0.3,2.7,0,15.4,12.9,55.5,110156,11003,5778,349,8173,24357,9931,1436,19224,28.5,25.4,31.9,21.8,19.1,24.7,25.6,17.3,34.8,10,17.8,1.2,14.2,20.4,7.3,115
Florida,Palm Beach County,56.1,51.1,61.5,75,70.3,79.7,6.1,6.2,6,5.7,5.9,5.6,74.8,72.8,79.5,66.7,84.5,8,11.6,92114,75073,39710,34240,45463,1481233,91.1,65.4,18.6,0.2,2.8,0,4.1,8.9,23.1,581119,34164,18523,1425,21499,78291,32943,4269,49303,38.9,36.7,41.5,21,18.5,23.8,22.6,16.4,29.5,8.8,15.9,0.8,8.7,12.5,4.4,105
Florida,Pasco County,52.1,48.2,56.3,70,65.4,74.7,5.4,4.8,6,5.2,4.5,5.7,68.5,71.9,74.1,66.7,79.8,8.4,12.2,79508,63312,40228,34518,46008,551598,92.8,81.3,5.9,0.3,2.7,0.1,2.5,7.2,16.7,217318,12291,7259,1173,7911,32319,14481,2738,18628,39.1,34.7,43.8,17.1,15.3,19.1,25,18,32.7,9.6,17.5,0.9,9.2,14.4,3.5,110
Florida,Pinellas County,55.8,53,58.8,74.5,72.3,76.8,5,4.6,5.3,4.7,4.4,5.1,75.7,77.1,79.9,71.5,81.6,7.4,11.5,88400,65892,40890,37319,45015,957989,94.5,78.5,10.3,0.2,3.5,0.1,1.9,5.5,10.2,415730,18324,8030,1321,12955,40414,15233,2711,30771,42.1,38.5,45.6,17.4,15.6,19.2,24.5,19.5,29.6,6.6,12.4,0.7,9.5,13.9,5,125
Florida,Polk County,53.2,49,57.6,69.9,65.4,74.4,4.9,4.8,5.1,4.6,4.5,4.7,68.6,68.2,74.3,58.1,78.3,11.1,14.6,69314,60058,35232,30506,40298,713148,92.9,68.5,15,0.3,1.7,0,7.2,7.1,24.9,253178,14706,10543,1242,14015,37129,20360,4099,30591,30,26.1,34.5,19.7,16.2,23.7,24.6,16.3,33.9,10.9,19.5,1.2,14.7,21.9,6.7,100
Florida,Putnam County,42.9,39.2,46.7,57.5,53,62,9,11.4,6.9,9.3,11.9,6.9,60.2,58.9,74.8,61,66.6,17.7,23.7,54981,43573,30346,27143,34974,73147,94.3,76.4,16,0.4,0.6,0,1,5.7,10.3,29174,805,1193,60,2576,2905,1662,501,3058,25.9,19.9,32.9,19.4,15.5,24,20.8,11.6,31.5,18.1,30.1,3.9,15.9,22.9,7.7,90
Florida,St. Johns County,57.1,51,63.6,73.8,66.6,81.3,4.7,4.6,4.8,4.5,4.5,4.5,70,68.4,75.4,60.4,85.8,5,7.7,117943,96785,48513,38404,59196,265724,94.7,84.9,5.3,0.1,3,0.1,1.2,5.3,7.6,95640,7484,4124,135,2823,19902,9194,980,6769,47.9,46.6,49.4,14.9,12.8,17.2,23.1,18,29.1,6.8,11.8,0.8,7.4,10.8,3.5,169
Florida,St. Lucie County,52.6,49.1,56.4,71.5,67.4,75.6,5.7,5.9,5.5,5.1,5.6,4.6,71.5,71.5,82,67.9,79.6,7.9,11.8,75261,65190,36013,32101,41601,324599,92.4,66.5,20.4,0.3,2,0,3.2,7.6,20,122186,6689,4128,173,5902,16760,5414,1511,14900,31.5,28.8,34.3,20.4,16.1,25,25,16.6,34.1,10.7,19.7,1,12.4,18.8,5.5,98
Florida,Santa Rosa County,53.1,50.8,55.2,65.1,64.3,65.9,4.9,5.7,4.2,4.4,4.8,4,67.9,63.9,75.3,62.8,75.7,6.2,8.8,95295,84213,41961,30633,50883,184345,94,83.7,5.9,0.4,1.8,0.3,2,6,6,67534,4381,3652,386,2084,12501,5815,1074,4794,39.6,36.2,43.5,18,15.3,21,22.3,16.3,29.2,10.8,19.2,1.3,9.3,13.1,5,120
Florida,Sarasota County,47.7,44.5,51.2,73.4,69.5,77.6,3.6,3.5,3.7,3.4,3.5,3.4,72,69.5,78,78.7,80.4,5.2,8.1,93323,75744,38815,33594,45754,429336,95.7,87.9,4.3,0.2,1.8,0,1.3,4.3,9.7,193923,8222,2934,320,4350,17359,6240,1681,12164,37.2,34.9,39.7,20.3,16.9,23.9,25,17.6,32.6,8.5,15.9,0.9,9,14.7,2.9,140
Florida,Seminole County,63.6,58.3,69.4,77.4,72.4,82.7,4.5,4.2,4.7,4.1,4.1,4.2,75.6,71,77.5,64.5,86.5,6.5,9.5,97579,79572,43435,37835,48382,467382,91.7,69.4,11.9,0.2,4.8,0,5.3,8.3,22.5,180891,13521,6708,635,5192,30848,13176,2306,14519,45.3,42.5,48.4,15,13.3,16.9,25,20.1,30.4,6.6,12,0.7,8,12.1,3.6,145
Florida,Sumter County,22.6,22.5,22.6,46.1,50.6,42.1,5.5,6.8,4.2,5.7,7,4.2,54.4,63.4,74.4,69.7,44.4,6,9.7,82699,69022,29628,25134,36197,127335,97.9,88,7.3,0.2,1,0,1.4,2.1,6,61441,737,318,27,1212,2285,892,253,1924,30.9,27.6,34.3,19.8,19.3,20.2,27.9,16.5,39.3,10.6,19.7,1.5,10.8,16.9,4.7,125
Florida,Suwannee County,46.6,44.8,48.2,62,61.5,62.5,5.3,5,5.6,3.3,5.3,1.5,64.9,63.6,73.8,60,63.4,10,15.2,61489,51468,30536,27901,34765,43514,94.1,79.2,11.7,0,0.4,0,2.8,5.9,10,15098,510,397,80,737,2005,962,87,1649,29.9,24.7,35.9,22.1,16.9,28.1,20.4,13,29.2,13.2,24.1,0.5,14.4,21.3,6.3,80
Florida,Taylor County,37.1,45.5,30.4,46.8,62.4,36,6.2,4.8,7.8,6,5.3,6.8,65.9,34.2,87.1,62.4,38.6,14.9,18.2,56822,47484,34891,30982,38666,21762,98,72.9,22.5,0.1,0.2,0.3,2.1,2,4.3,7270,124,498,0,246,600,475,279,772,30.9,18.7,41.4,20.5,16.7,23.7,21.6,9.8,31.6,12.2,24.9,1.4,14.8,29.9,1.9,90
Florida,Volusia County,51.7,48.3,55.4,70.3,66.8,73.9,4.2,4.2,4.2,3.9,3.9,3.9,69.5,72.6,77.2,69.5,77.1,8.4,12.9,76241,61897,36985,33430,41536,548783,95.6,76.8,10.9,0.2,1.8,0,5.8,4.4,15.1,228569,10743,5308,607,7533,22535,10775,2977,18770,34.2,29.7,39.1,20.2,18.2,22.3,24.7,17.6,32.3,10,18.3,1,11,16.2,5.3,105
Florida,Wakulla County,54.7,57.1,52.8,65.3,69.7,62,3.3,3.1,3.4,2.8,2.8,2.7,71.7,76.8,85.8,71.8,63.8,4.8,6.2,89316,79506,44299,41327,47965,33144,96.1,80.2,13.5,0.3,0.6,0,1.5,3.9,4,11266,709,269,9,534,2688,500,83,734,41.3,34.5,49.1,18,18.8,17.2,21.4,12.7,31.4,12.6,22.9,0.6,6.7,11.1,1.6,103.95
Florida,Walton County,54.9,50,59.8,68.7,63.1,74,4.6,4.4,4.8,4.2,4.1,4.2,66.8,62.4,74.3,63.2,78,9.3,12.8,89439,74241,38896,34345,43682,73456,95,85.8,4.2,0.4,0.9,0,3.6,5,6.5,30182,2118,1022,24,1129,4166,1569,324,2100,36.7,32.8,41.4,19.3,18.6,20.2,24.8,18.4,32.6,11.8,20.1,1.7,7.4,10.2,4.1,110
Georgia,Appling County,51.8,45.8,57.8,64.7,57.6,71.6,2.9,2.1,3.5,2.4,1.9,2.7,58.7,56.4,74.3,59,73.8,20.4,25.4,55955,43151,32800,26025,38705,18509,96.2,72.7,19.7,0,0,0,3.8,3.8,10.1,6637,364,342,54,400,743,558,325,932,28.4,24.6,33.3,13.7,6.1,23.5,16.1,7,27.5,16.3,28.4,1,25.4,33.9,14.6,60
Georgia,Atkinson County,54.3,49.1,59.5,65.2,58.8,71.1,6.2,6,6.3,6.5,5.6,7.1,62.3,27.3,59.9,44,76.6,20.5,26.9,50735,38958,30575,29451,31411,8269,95.3,69.1,16.1,0,0,0,10,4.7,26.8,2968,126,221,0,157,303,271,114,532,26.9,13.6,43.1,14.6,17.2,11.5,15,4.8,27.5,18.9,32.8,1.9,24.6,31.5,16,60
Georgia,Bacon County,49.4,46.8,52.1,60.4,60.3,60.6,3.4,3.4,3.5,3.4,3.6,3.2,62.6,51.9,77.8,68,62.9,18.6,24.5,54980,44026,31462,30629,33595,11163,95.2,76.9,15.8,0,0.5,0,1.9,4.8,8.5,3874,226,172,20,365,578,207,35,348,25.6,14.8,37.1,16.1,13.5,18.9,18,15.1,21,16.8,30.3,2.4,23.6,26.4,20.5,60
Georgia,Baker County,36.3,36.3,36.3,52.6,48.2,58.6,12.1,2.3,21.1,13.4,2.6,22.9,49.5,67.6,65.2,91.3,76,15.7,25.1,49868,36425,33528,29750,35425,2928,97.4,51.1,39,0.1,7.3,0,0,2.6,0.1,1201,32,34,0,51,122,41,0,201,32.9,30.7,34.9,18.2,17.1,19.1,26.8,11.8,40,13.1,24.4,3.2,8.9,15.9,2.8,60
Georgia,Baldwin County,47.6,45,50.2,62.4,61.4,63.2,7.6,8.2,7,5.3,4.8,5.8,64.4,74.9,75,64.8,67.1,15.3,22.6,74464,54950,31668,27827,37700,43876,97.3,53.1,41.5,0.1,1.5,0.3,0.8,2.7,2.5,15948,960,170,0,748,1983,367,74,2408,33.6,26.5,41.5,21.2,15.5,27.6,17.7,12.9,23.2,10.6,18.9,1.2,16.9,26.1,6.6,75
Georgia,Banks County,54.6,48.8,60.5,69.2,62.5,75.8,3.4,4.5,2.5,3.3,4.8,2,65.6,77.8,66.8,72.9,77.6,12.3,13.2,75811,63103,38626,29124,48569,18061,96.4,89.5,2.6,0.2,1.3,0,2.7,3.6,7.4,6483,620,252,20,218,1304,625,39,416,32.1,24,41.9,14.7,10.6,19.7,18,8.7,29.4,13.7,24.5,0.5,21.5,32.1,8.5,60
Georgia,Barrow County,63.6,56.9,70.8,75.1,68.5,82,4,3.5,4.4,3.7,3,4.3,70.7,69.4,79.6,53.6,85.6,9.8,10.5,83456,74518,39223,34022,45496,82138,93.9,73.6,12.5,0.4,4,0,3.4,6.1,12.3,28087,1886,2074,49,1671,5902,2646,500,3355,33,29,37.8,15.6,13.9,17.7,22.9,14,33.3,11.4,20.1,1.2,17,23,10,75
Georgia,Bartow County,59.4,53.7,65.2,71.6,66.1,77.2,5.6,7.2,4.2,4.8,6.3,3.5,70.6,67.4,79.2,70.3,80.4,9.5,12,85187,71459,41027,33017,47570,107868,95,80.6,10.3,0.1,1,0.1,2.9,5,9.2,38029,3182,1797,287,1881,7479,3104,571,3683,29.9,25.4,35.2,15.3,10.2,21.2,24.9,18,32.8,11.7,21,0.7,18.3,25.4,10,75
Georgia,Ben Hill County,53.7,53,54.4,66.3,68.1,64.2,4.2,1.2,7.4,4,0.7,7.6,68.5,70.1,74,94.4,70.1,20,25.6,44203,37556,28971,27325,31568,17237,98,58,37.2,0,0.2,0,2.6,2,6.5,6828,297,59,0,547,822,378,51,1059,22.5,16.9,27.5,15.1,10.6,19.1,25.4,10.9,38.2,10.5,19.4,2.5,26.5,42.2,12.7,60
Georgia,Berrien County,50.1,44.8,55.6,62.7,57.8,67.6,6.2,4.5,7.7,6.9,4.9,8.5,61,83.1,66.6,35.9,75.4,15.1,21.1,61296,48949,35638,31199,41034,18195,95.6,82,9.8,0.2,1.1,0.3,2.3,4.4,5.5,6634,476,316,0,295,825,723,13,873,29.7,26,34.2,15.1,12.1,18.7,18.6,9,30.1,16.7,29.9,1.1,19.8,23,15.9,60
Georgia,Bibb County,52.8,51.3,54.6,65.8,65.6,65.9,7.7,8,7.4,6.9,7.4,6.3,71,83.5,83.1,78.9,70.9,19.7,25.2,64807,47810,33290,29942,37740,156711,96.5,38.4,54.3,0.2,2.2,0,1.4,3.5,3.6,58752,2966,691,180,5842,7760,1928,560,11184,35.1,30.5,39.3,20,17.7,22.1,23.8,15.9,31.1,6.6,13.3,0.5,14.4,22.6,7,75
Georgia,Bleckley County,43.2,40.3,46.7,58.1,57.3,59.1,7.7,10.2,5.1,6.9,8.3,5.2,62.5,97.3,78.9,77.1,62.6,14.8,18,57238,53177,30203,26522,40927,12562,99,70,27.9,0,0.4,0,0.8,1,3.4,4232,345,87,18,219,509,214,43,519,29.9,20.5,39.2,24.8,19.4,30.2,18,15.8,20.2,12.8,19.8,5.8,14.5,24.4,4.7,60
Georgia,Brantley County,44.6,36.9,52.3,56.2,46.6,65.2,4.7,8,2.3,3.7,6.5,1.7,49.9,79.1,43.9,24.1,66.5,15.8,16.8,57884,41650,35272,28351,41427,18072,96.4,92.8,2.3,0.1,0.7,0,0.5,3.6,2.5,6625,229,253,2,418,1032,874,2,569,23.5,11.2,40.9,20.7,22.6,17.9,15.7,4.4,31.7,18.1,30.9,0,22.1,31,9.4,60
Georgia,Brooks County,50.6,48.4,53,67.2,65,69.6,7.1,5.4,8.7,5.9,5,6.8,68.5,76.2,71.7,64.8,74.7,19.1,23.1,65805,43349,32775,26459,38484,16254,98,57.8,35.9,0,0.7,0.2,3.4,2,6.2,6004,308,284,5,324,674,395,90,851,21.8,19.7,23.9,26.7,25.4,28,22.2,13.4,31.1,11.1,20,2.2,18.2,21.5,14.8,60
Georgia,Bryan County,59.8,59.9,59.7,69.1,70.6,67.7,6.3,5.5,7.1,6.4,5.2,7.7,74.7,79,77.1,51.3,87.6,7.7,8.8,101266,88325,48092,36269,59617,43278,93.9,73.6,14.2,0.2,1.7,0.1,4.2,6.1,7.9,14796,1588,1349,15,504,4007,1765,182,2057,41.7,37.8,45.5,15.2,12.5,17.7,20.8,12,29.2,9.9,19.5,0.7,12.5,18.3,6.9,75
Georgia,Bulloch County,53.6,50.5,56.8,66.5,64.2,68.8,9.1,10.7,7.4,7.4,9.1,5.7,70.7,80.3,81,65.2,73.2,13,22.5,72765,55135,27605,22368,34537,79635,95,64,27.9,0.2,1.5,0.3,1.2,5,4.3,28917,1717,840,209,1436,3548,1821,104,4019,31.9,27.4,36.7,18.7,15.2,22.5,20.8,11.4,30.7,12.7,22.7,2.1,15.9,23.3,8,75
Georgia,Burke County,55.4,50,61.6,68.3,63.6,73.4,5.6,6.7,4.7,5.1,5,5.2,66.9,73.3,80.9,62,77.6,14,15.4,66296,52142,34975,28517,44775,24231,97.5,49.5,46.4,0,0.5,0,1.1,2.5,3.5,8742,631,420,10,695,1355,791,13,1233,25.4,22.4,28.7,17.7,13,22.8,17.9,6.1,30.7,15.1,27,2.3,23.8,31.4,15.5,60
Georgia,Butts County,47.5,48.2,46.9,56.9,61.8,53.3,4.8,1.6,7.4,4.9,1.7,7.5,62.9,71.8,73,65.8,57.6,13.3,19.1,71321,58438,36152,32590,39627,24950,96.5,67,28.1,0.1,0.3,0,1,3.5,3.6,8440,404,229,42,468,1159,271,46,1303,30.2,25.8,35.4,14.7,8.9,21.4,22.6,17,29.1,11.2,20.8,0,21.3,27.5,14.1,75
Georgia,Calhoun County,29,37,24.3,33.3,51.6,25.2,15.1,18.9,11.3,16.2,21,11.4,65.3,100,75.5,88.6,28.4,19.6,26.1,52553,47468,27625,27084,27824,5668,98.4,33.6,61.7,0,0,0,3,1.6,5.1,1457,75,8,0,167,155,62,19,331,34,23.4,45.9,16.6,10.9,23,19.5,17.4,21.8,12.4,22.7,0.9,17.5,25.6,8.3,60
Georgia,Camden County,52.5,51.3,53.6,63.3,62.2,64.3,4.6,4.8,4.4,4,4.7,3.4,66.5,59.1,80.4,50,86.7,14.2,16,76963,67183,39578,29483,46905,54256,93.8,71.2,18.4,0.7,2.1,0.1,1.4,6.2,7.3,20032,959,1328,97,1250,2545,1707,171,2870,33.1,26.9,40.1,20,15.6,24.9,21.5,14.5,29.5,11.3,20.6,0.7,14.2,22.5,4.8,90
Georgia,Candler County,51.6,45.5,58,66.9,60.8,73.1,5.8,5.9,5.7,6.4,6.4,6.4,65,68.1,81.2,67.5,78.1,19.6,24.9,51471,40072,28677,23192,33254,10885,95,67,22.5,0.1,0.9,0,4.6,5,12,4034,64,228,59,402,613,255,167,465,26.3,21.6,32,19.1,15.3,23.6,19.4,12.6,27.8,13.6,23.7,1.3,21.6,26.8,15.3,60
Georgia,Carroll County,58.6,54.8,62.7,71.6,66.9,76.5,6.1,6.4,5.7,5.5,6,5.1,71.2,72.4,72.8,65.7,80.7,13.2,17.3,80423,68123,35677,29044,43428,118402,96.2,71.9,20,0.5,0.8,0,2.9,3.8,7.2,42635,2411,1736,55,3724,6864,3459,378,5348,32,27.3,37.1,15.9,12.3,19.6,21.5,12.4,31.1,10.6,19.6,1,20,28.5,11.1,60
Georgia,Catoosa County,59.7,54.9,64.9,75.2,69.6,81.1,3.5,3.2,3.8,3.4,3,3.7,71.7,63.8,83.2,56.9,84.4,7.4,8.7,79114,68309,38151,33349,43974,67579,96.7,90.9,2.3,0.2,1.6,0.1,1.7,3.3,3.2,25450,1169,1479,142,1292,4814,2269,612,1866,33.2,27.4,39.5,13.9,10.6,17.5,24.9,18.6,31.9,10.4,19.3,0.7,17.6,24,10.5,75
Georgia,Charlton County,45.6,41,48.7,54.9,56.4,54.1,11.1,13.4,9.8,11,13,9.8,64.8,74,68.7,88.2,60,18.1,21.3,59354,49588,28863,26044,31142,12416,94.8,64.1,27.6,1,0.8,0.1,1.2,5.2,6.7,3960,146,38,0,277,577,416,73,318,24.2,17.3,36.8,22.4,22.9,21.5,14.8,8.1,27,15.6,23.4,1.3,23.1,28.3,13.5,60
Georgia,Chatham County,58.9,57.4,60.7,72.2,71.4,73.1,7.1,6.9,7.3,6.1,6.3,5.9,76.5,77.6,82.3,70.3,81.5,9.7,14.1,81645,66560,36524,33394,41802,294815,95.9,50.6,40.4,0.2,2.8,0.2,1.8,4.1,6.7,115403,7369,3644,98,8296,13122,4038,1140,17055,38.2,34.6,41.8,19.9,18.2,21.5,21.3,14.6,27.8,6.5,11.8,1.4,14.1,20.8,7.6,60
Georgia,Chattahoochee County,20.2,35.7,13.3,20.9,36.9,13,11.7,15.8,6.2,12.3,15.7,7.1,57.6,53.2,58.2,41.5,93.3,17.6,17.8,54762,54520,28186,25053,28542,9533,91.7,62.9,19.5,0.4,3.1,0.7,5,8.3,16.9,2404,226,424,22,216,183,349,26,267,32.5,21.7,41.6,19.8,19.2,20.4,18.1,12.1,23.1,14.8,31.3,0.9,14.7,15.8,13.9,60
Georgia,Chattooga County,46.6,47.8,45.6,57.2,62.1,53.1,3.2,3.6,2.8,2.9,3,2.8,64.1,83.5,73.4,62,54.7,16.6,21.5,50716,41361,33385,29042,36407,24898,96.2,83.7,9.8,0.8,0.1,0,1.8,3.8,5.5,9189,315,386,40,684,1303,569,65,797,23.3,16.4,30.3,12.9,9.2,16.7,19,10.5,27.8,12.4,23.5,1,32.4,40.4,24.1,60
Georgia,Cherokee County,65.6,59.2,72.3,78.6,72.1,85,4.1,4.7,3.5,3.6,3.9,3.4,75.1,78.1,75.1,69.7,88.1,5.6,7,112351,98842,48718,38073,58593,262155,95.3,83,7.3,0.6,1.8,0.1,2.5,4.7,10.9,94208,9641,4169,295,2630,22489,9159,1204,6866,43.9,42,46.2,14.8,13.2,16.7,23.4,17.9,29.9,8.9,15.7,1,8.9,11.3,6.1,90
Georgia,Clarke County,57.7,54.8,60.9,70.7,69.2,72.2,5.6,5.1,6,4.5,4.2,4.8,72.5,76.9,87.4,62.5,76,12.6,26.2,75296,48036,26157,23252,29213,128195,95.5,60.6,27.8,0.1,3.9,0,3.1,4.5,11,52352,2486,1530,294,2254,4710,1767,725,5791,45.1,42.2,48,18.9,18.7,19.2,18.1,13.7,22.4,4.9,9.2,0.7,12.9,16.2,9.7,75
Georgia,Clay County,46.1,37.1,55.3,68.1,61.1,74.5,4.8,4.8,4.7,4.5,2.9,5.6,63,100,83.8,30.8,78.9,13.3,25.7,56072,39123,30823,24812,35880,2883,99.4,41.4,56.3,0,1.7,0,0,0.6,0.4,1286,40,7,0,37,111,45,0,263,23.2,18.6,29.9,17.6,12,25.6,19.2,10,32.6,22.3,33.8,5.7,17.7,25.6,6.1,60
Georgia,Clayton County,61.6,59.9,63.6,72,70.1,74.3,7,7.4,6.5,6.7,7,6.4,75.4,78.2,80.9,73.7,79.6,13.1,16.4,62436,56620,33800,30847,36719,294335,95.1,14.1,70.5,0.1,5.1,0.1,5.2,4.9,13.3,103399,4678,4378,662,11713,13052,6941,1606,26038,26,19.8,31.4,20.1,16.6,23.1,22.6,13.7,30.5,8.5,16.9,1.1,22.8,32.9,13.9,90
Georgia,Clinch County,42.9,42.4,43.4,55.1,53.1,57.2,5.1,7.7,2.2,5.1,7.8,2.3,57.6,65.7,43.3,95.3,58.6,25.3,30.2,59405,52048,33126,26569,36246,6737,98.5,66.7,25.5,2.1,0.2,0,3.9,1.5,6.2,2361,181,7,0,246,291,287,23,361,30.5,17.8,42,7.7,3.2,11.7,17.6,6.7,27.6,21.3,35.7,8.1,23,36.5,10.5,60
Georgia,Cobb County,66.3,60.8,72.3,78.5,73.2,84.1,4.9,5.6,4.3,4.6,5.4,3.9,77.5,74.9,77.9,70.1,88,5.7,8.6,114566,93754,48826,43299,57178,762500,93.9,55,27.5,0.2,5.5,0,5.7,6.1,13.3,287426,25736,12583,1721,10409,52082,24076,2773,30101,48.7,45.4,52.3,13.6,11.9,15.6,21,16.3,26.3,7.1,12.9,0.8,9.5,13.6,5.1,90
Georgia,Coffee County,51.9,49.5,54,62.6,64.5,61,4.2,6.3,2.2,3.5,4.6,2.4,67.6,82.1,76.8,58.4,63.1,19.1,22.2,58476,48451,32482,28972,34566,43048,94.5,63.6,28.6,0.1,0.9,0,1.2,5.5,12,14934,1007,556,22,1507,2508,764,24,2009,27.8,18.2,39,15.6,15.2,16.2,19.3,12.1,27.8,15.5,27.1,2,21.7,27.4,15,60
Georgia,Colquitt County,54.5,48.1,61.2,67.5,62.3,72.7,6.9,7.9,6.1,7,7.9,6.2,67.7,66.8,81.2,73.8,77.6,20,23.8,57311,45369,31848,29805,33568,45800,97.2,61.9,23.4,1.3,0.8,0,9.8,2.8,19.8,16219,921,482,67,1644,3008,972,49,2348,26.4,20.8,33.2,16.2,15.3,17.3,20.2,10.6,31.7,16.9,24.7,7.3,20.4,28.5,10.5,60
Georgia,Columbia County,59.4,56,62.9,72.2,68.8,75.8,5.2,4.6,5.8,5.1,4.5,5.7,73.3,70.2,77.9,58.6,86.7,4.9,6.9,108283,93662,46263,37492,55672,154274,94.4,71,16.9,0.2,4.1,0,2.2,5.6,7.1,47597,4988,3540,252,1601,12167,6885,778,4827,43.3,40.1,46.6,16.7,13.9,19.6,21.7,15.9,27.9,8.3,15.6,0.4,10.1,14.5,5.4,75
Georgia,Cook County,56,48.5,64.1,68.4,61.2,75.8,5.3,5.5,5.1,5.2,6,4.5,67.1,65,83,62,81.5,18.6,20.5,55768,49815,35124,32320,41556,17188,95.2,66.9,26.8,0.4,0.7,0,0.4,4.8,6.1,6056,385,277,11,370,1678,275,47,589,27.4,19.5,36.8,15,10.2,20.6,21.9,13.2,32.3,15.1,24.2,4.3,20.6,32.9,6,60
Georgia,Coweta County,63.4,57.1,70.1,76,69.5,82.7,3.4,4.1,2.8,3.3,4,2.7,72.4,78.9,80.1,63.5,85.3,5.9,8.5,106871,91000,46757,36625,57815,144928,95.8,74.5,17.6,0.2,2.1,0,1.5,4.2,7.3,53405,4339,2590,253,1961,9950,5071,851,6024,39.6,34.4,45.5,15.2,13.7,17,21.1,15.1,27.9,8.6,15.2,1,15.5,21.5,8.5,75
Georgia,Crawford County,48.5,42.8,53.8,62.4,56.3,68.1,9.8,11.3,8.6,10,11.3,8.9,63.8,85.2,55.4,62.1,75,11.1,13.6,70457,57914,36855,38397,36182,12159,97.4,74.6,21.1,0,0.6,0,1.1,2.6,3.7,4283,300,50,0,226,481,371,51,589,25.5,20,32.8,18.3,13.4,25,20.7,8.8,36.6,17,29.8,0,18.4,28,5.6,60
Georgia,Crisp County,51.2,44.1,59.1,66.7,59,75.4,9.7,11.5,8.2,7.2,8.3,6.3,64.4,98.5,70.1,90.8,80.4,19.3,26.2,58924,45349,33012,23686,35174,20524,98.2,52.1,45.7,0,0.1,0,0.3,1.8,3.7,7651,364,15,0,972,888,177,5,1551,25.7,17.9,35.2,19.3,11.3,29.1,22.5,18.5,27.3,11.2,19.9,0.6,21.3,32.5,7.7,60
Georgia,Dade County,52.7,50.9,54.5,68.5,66.8,70.2,4.7,4.1,5.3,4.6,4,5.2,69.7,50.8,82,79.7,74,7.9,9.8,68473,51966,31646,24020,36431,16313,96.6,94.2,1.1,0,0.7,0.1,0.4,3.4,2.5,6142,438,254,0,151,1327,354,21,227,26.8,21.3,32.6,20.3,13.7,27.2,22.4,14.5,30.7,15,28,1.3,15.5,22.5,8.2,60
Georgia,Dawson County,58.8,53,64.5,73,64.9,80.7,5.8,7.5,4.4,5.1,7.8,3,70.3,59,77,42.2,84.1,7.2,9.7,104738,84617,43304,36038,53072,26202,95.9,93.9,0.9,0.1,0.8,0,0.3,4.1,5.4,9776,395,402,0,469,1699,584,0,858,41.7,36.8,47.6,11.3,9.4,13.5,25.2,18,34.1,7.6,13.9,0,14.2,21.9,4.8,75
Georgia,Decatur County,50.9,46.3,56,64.2,61.3,67.1,5.7,6.6,4.8,5,5.6,4.4,65.3,71.6,78.2,73.1,71.5,16,21,57088,49196,35899,29373,39459,29020,98.5,51.7,41.6,0.3,0.5,0,4.5,1.5,6.4,10242,451,446,10,953,1605,490,91,1420,25.6,22.5,29,23.7,19.1,28.6,18.9,11.1,27.5,10.3,18,1.9,21.5,29.4,13,60
Georgia,DeKalb County,64.6,61.8,67.9,76.8,74.7,79.1,6.7,6.2,7.2,6.2,5.8,6.7,79.4,79.1,82.7,70.9,84.9,9.5,13.5,95607,75671,43602,39554,47283,758634,94.5,32.6,52.8,0.8,6.1,0.1,2,5.5,8.5,286068,21409,11891,990,18952,37440,16217,4204,38929,47.3,44,50.4,14.9,12.9,16.8,20.1,15.1,24.8,5.3,10,0.8,12.4,18,7.1,90
Georgia,Dodge County,45.4,44.8,45.9,58.1,61.1,55.6,4.2,4.8,3.7,3.1,3.6,2.7,63.3,58.4,81.9,52.7,57.4,15.4,20.9,56834,45085,33708,28518,35688,20089,98.7,67.1,30,0.2,0.3,0,1,1.3,3.9,6569,235,233,0,530,1016,56,216,806,29.2,21.9,37.5,15.8,6.7,26.1,17.6,10.4,25.8,17.3,30.9,1.6,20.2,30,9,60
Georgia,Dooly County,40.3,42.4,38.6,49.5,59,43,10,11.8,8.3,8,7.6,8.3,63.9,100,82.4,20.5,46.9,17.2,22.6,67045,43209,33300,24497,37578,11546,96.6,45.5,49.3,0.2,0,0,1.7,3.4,7.1,3888,60,31,0,89,478,129,0,592,27.1,21,33.9,24.1,22.2,26.3,12.9,4.9,21.9,15.3,26.7,2.5,20.5,25.2,15.3,60
Georgia,Dougherty County,50.4,51.6,49.1,63.5,66.6,59.7,9.9,9.3,10.6,8.7,7.8,9.9,72.5,71,86.8,83.9,67.1,21.3,26.3,55765,46025,31759,29255,35168,86825,97.6,25.3,69.9,0.1,0.9,0,1.3,2.4,3,34338,1299,548,48,3598,2305,783,380,7527,31.5,26,35.8,21.4,19.1,23.3,22.8,14.4,29.5,7.4,15.8,0.7,16.9,24.7,10.7,75
Georgia,Douglas County,61.4,58,65.4,73,69.6,77,6.7,6.3,7.1,5.9,5.5,6.3,73.7,70,78.3,64.2,82.3,9.2,12.2,85162,73827,41730,37582,46925,143520,95.7,42.6,48.3,0.1,1.8,0,3,4.3,10.3,50188,2730,2479,157,3621,9288,4258,678,9540,37,29.7,44.3,14.2,12.2,16.2,24.6,18.5,30.6,7.9,15,0.9,16.3,24.6,8,90
Georgia,Early County,47.6,45,50.6,60.8,57.1,64.8,8.2,9.2,7.3,8,8.1,7.9,62.2,65.6,91.1,65,70.3,20.6,25,54788,43235,30002,28280,34374,10813,98.1,44.2,52.9,0.2,0,0,0.7,1.9,2.3,4034,142,71,0,502,597,65,52,924,27.8,17.4,37.9,17.5,12,22.8,16.3,7.2,25.1,16.8,29.1,4.8,21.7,34.3,9.4,60
Georgia,Echols County,51,42.2,61.5,62.6,53.4,72.5,3.9,3.4,4.4,4.3,3.4,5,55.3,17.9,81.8,48.2,76.3,23.2,25.4,62241,49215,36921,36668,37754,3691,88.2,66.2,3.1,0.3,1.5,0,17.1,11.8,29.4,1327,59,74,11,95,193,97,35,116,16.1,8.7,25.3,13.2,10.2,16.9,27.1,9.8,48.6,27.4,46.2,4.1,16.2,25.1,5.1,60
Georgia,Effingham County,61.7,56,67.7,73.7,67.4,80,5.2,5.1,5.3,5.2,5.2,5.2,71.1,60.7,81.2,61.2,86.2,5.7,7.6,92552,78784,44743,33934,56643,63448,95.1,78.6,13.6,0.2,0.7,0.1,1.9,4.9,5.1,22313,1909,1845,16,769,5645,2039,191,2023,35.3,29.2,42.3,14.4,13,16,20,9.2,32.4,13.4,24.7,0.4,16.9,23.8,8.9,75
Georgia,Elbert County,52.6,47.6,58.3,66,60.6,71.8,7.6,6.3,8.8,7.6,5.7,9.4,64.7,86.3,76.8,60,79.8,16.6,23.5,53873,43495,30039,27384,39400,19453,97.2,65.1,28.6,0.4,1,0,2.1,2.8,6.1,7773,355,141,17,692,1176,371,51,786,21.8,13.1,31.2,18,14.8,21.4,18.5,9.5,28.4,13.6,24.7,1.5,28.1,37.9,17.5,60
Georgia,Emanuel County,49,46.9,51.1,62,60.4,63.5,9.4,9.3,9.6,8.7,9,8.4,66.4,65.4,77.5,69.6,69.3,22.3,24.9,55260,46739,33428,28544,37448,22739,95.9,61.4,32.3,0.4,0.2,0,1.6,4.1,4.7,8245,247,405,14,891,1321,348,173,1428,26.6,19.8,34,17,10.4,24.2,17.6,9.2,26.9,17.1,31.8,1,21.8,28.9,13.9,60
Georgia,Evans County,54.6,49.8,59.7,67.7,60.9,75.3,8.2,9.5,6.9,7.1,7.7,6.5,66,88.5,78.6,64.2,80.5,20.1,23.7,59410,53764,32155,23694,39871,10761,95.9,56.5,28.4,0.2,0.9,0,9.9,4.1,12,3886,133,69,0,433,605,235,0,733,24.7,16.8,33.6,15.4,9.6,21.8,17,9.3,25.6,15.6,24.4,5.8,27.2,39.9,13.1,60
Georgia,Fannin County,46,41,51.3,65.7,60.5,71.2,5.1,3.9,6.1,4.3,2.3,6,62,84.1,72.5,71.7,75.9,8.4,11.6,63875,54293,34352,29379,39985,25198,96.7,94.2,0.3,0.1,0.5,0,1.7,3.3,2.6,11188,671,137,19,294,1122,382,141,873,32,27.2,37.7,22.6,21.1,24.3,21.6,13.1,31.4,12.3,22.9,0,11.5,15.7,6.6,60
Georgia,Fayette County,58.4,51.8,65.5,74.6,67.4,82.2,4.1,5,3.4,3.5,4.1,3,70.2,66.2,78.6,55.2,85.4,4,5.4,122014,104732,50956,39517,68260,117828,95,62.9,24,0.1,4.7,0.2,3.2,5,7.5,42351,2716,1888,227,1046,9228,4372,838,3625,48.1,44.8,51.9,13.3,11.6,15.2,19.9,14.2,26.5,7,12.4,0.7,11.8,17,5.7,90
Georgia,Floyd County,54.9,50.2,60,68.9,63.9,74.1,4.6,4.4,4.9,4,3.8,4.1,66.5,57.2,72.9,67.6,77.6,14.6,18.7,69941,57103,34084,28166,40054,98210,95.6,77.3,14.1,0.4,1.3,0,2.5,4.4,11.6,35859,2019,1687,104,2112,5997,2774,326,4556,29,23.2,35.4,18,14.4,21.9,20.7,13.9,28.2,10.3,18.2,1.5,22,30.2,13,75
Georgia,Forsyth County,67.2,58.1,76.3,79.7,69.6,89.6,3.7,4.5,3,3.5,4.5,2.8,72.9,64.9,72,65.9,92.4,3.7,5.3,145195,131889,60894,43513,80693,245754,94.3,72.6,3.8,0.3,15.4,0,2.2,5.7,9.5,82293,9228,5604,257,1068,26730,12613,769,4819,54.4,54.7,53.9,11,8.7,13.9,22.5,18.7,27.5,5.2,8.9,0.4,6.9,8.9,4.3,90
Georgia,Franklin County,51.8,48.7,55,67.9,66.1,69.6,5.5,6.7,4.4,4.9,6.8,2.9,71,81.4,80,88,71.7,13.6,19,64468,54103,33678,28459,41410,23256,97.7,84.5,8.8,0.4,1.4,0,2.5,2.3,5.1,8346,733,107,40,467,1341,301,181,1088,30.3,27.4,33.4,17.1,11.5,23.3,18.6,8.8,29.4,10.1,17.9,1.7,23.8,34.5,12.2,60
Georgia,Fulton County,64.9,61.1,69.1,76.4,73.1,79.8,5.5,5.8,5.2,5.2,5.4,5,77.4,75.3,76.7,71.3,84.2,9,12.9,114063,84622,51909,44467,61462,1054286,96,42.5,43.5,0.2,7.5,0,2.3,4,7.2,441958,26818,13975,1606,20582,56506,26660,3602,51403,54.2,54.5,53.8,12.4,11,13.8,21.2,16.7,26,3.3,6.2,0.3,8.9,11.6,6.1,90
Georgia,Gilmer County,50,43.5,56.5,66.2,57.2,75,3.4,3.2,3.5,3.5,3.7,3.3,59.4,73.2,81.3,58.8,78.2,10.1,15.1,77258,65949,33629,30027,41169,31047,96.2,92.1,0.6,0.6,0.3,0,2.5,3.8,12.1,12648,694,542,3,479,1510,703,45,723,30.4,23.9,38.7,16.6,12.9,21.5,22.3,15.4,31.2,15,26.6,0.1,15.7,21.2,8.5,60
Georgia,Glascock County,54.5,48.3,62.2,69.4,61.7,77.6,1.5,0.3,2.7,0.8,0.4,1.1,62,100,80.4,100,78.4,11,15.6,76655,57906,39000,28281,49259,2903,99,88.7,10.2,0,0,0,0,1,1.8,1045,108,0,0,41,179,28,0,134,22.8,10.6,35.4,16.8,10.3,23.5,26.3,19.1,33.8,14.4,28.3,0,19.7,31.7,7.3,60
Georgia,Glynn County,56.5,52.9,60.6,73.1,68.9,77.8,4.3,4.1,4.6,4.1,4,4.1,71.7,78.3,81.8,72.6,81.7,12.3,16.8,82877,66245,37073,30860,45748,84373,96,66.9,25.4,0.3,1.5,0.1,1.8,4,6.7,33401,1372,596,22,1938,4547,1649,333,4442,35.9,31.8,40,21,18.2,23.9,22.2,13.6,30.7,8.1,16,0.3,12.7,20.4,5.1,75
Georgia,Gordon County,57.6,49,66.6,70.3,61.2,79.4,3,3.1,3,2.9,2.5,3.1,62.7,70.3,74.9,55.5,81.9,11.9,16.1,64244,55067,36120,28307,40506,57274,94.5,83,3.2,1.3,1.2,0.2,5.6,5.5,16.5,20183,1797,836,30,1188,3356,1757,263,2621,27.3,22.6,33.5,16.5,14.7,18.8,20.2,10.5,32.8,13.5,21.7,2.7,22.5,30.5,12.2,75
Georgia,Grady County,54.7,46.7,63.3,70.2,61.8,79,2.7,4,1.6,2.9,4.3,1.7,64.6,72.3,73.1,68.7,80.4,11.4,17.5,65984,52016,36670,32135,39307,26076,95.2,64.8,28.4,0.7,0.4,0,0.9,4.8,11.7,9760,313,164,20,475,1783,709,46,1709,30.6,24,39,16.6,18.2,14.6,17,8.9,27.4,18.5,29.3,4.8,17.2,19.6,14.1,60
Georgia,Greene County,47.1,42.8,51.6,67.1,61.1,73.6,5.5,4.5,6.5,6.2,5.1,7.1,64.4,38.5,76.8,65.7,79.7,8.2,14.8,87563,71677,33492,27589,40158,18461,97.1,58.8,33,0,1.1,0,4.2,2.9,6.4,7324,196,300,0,381,565,377,57,933,31.2,27.6,35.3,17.8,17.7,17.9,25.1,13.7,38.2,9.3,16.7,0.8,16.7,24.4,7.8,60
Georgia,Gwinnett County,65.6,60,71.6,77.1,71,83.4,4.1,4.6,3.6,3.8,4.2,3.4,74.1,66.1,76.9,65.7,86.5,8.5,10.5,94529,82680,42711,36527,47875,948505,92.5,42.6,28.3,0.5,12.3,0.1,8.7,7.5,21.6,313172,30136,21452,1765,15140,77310,37096,6195,39089,40.5,36.7,44.7,15.9,12.7,19.5,22,17.5,27.1,9.6,17.1,1.1,12.1,16.1,7.6,90
Georgia,Habersham County,55.2,47.8,63.7,71.1,62.6,80.8,2.4,2.3,2.6,2.2,1.7,2.5,63.7,74.3,59.7,78.3,83.1,9.7,12.9,75693,61781,32955,29297,37044,45767,93.5,83.5,3.3,0.2,2,1,3.6,6.5,16,15123,1376,776,15,707,3592,1168,98,1189,31.7,24.1,40.5,15.6,14.8,16.6,20.3,13.9,27.9,11.9,21.2,0.9,20.5,26.1,14.1,60
Georgia,Hall County,61.9,54.8,69.2,75.9,68,83.6,3.6,4,3.3,3.4,3.7,3.2,70.7,73.9,70.3,61.5,86.5,10.6,14,86413,73652,36324,30491,42702,201703,90.2,76.1,7.1,0.3,1.9,0,4.8,9.8,29,67241,5782,3282,182,4392,13063,7782,545,9389,31.9,28.5,36.1,14,12.7,15.7,21.8,14.2,31.2,11.9,20.8,0.8,20.5,23.8,16.3,90
Georgia,Hancock County,30.9,46.8,19,37.2,65.8,19.6,2.2,1,4.2,2.1,0.7,4.7,66.2,30.3,84,50,20.5,21.4,29.1,58724,37001,31701,26180,41206,8652,99.6,24.7,73.6,0.2,0,0.1,0.9,0.4,1.3,2869,0,0,0,320,153,65,8,510,24.3,8.1,33.1,31.6,23.5,36,15.1,8.4,18.8,9.5,26.2,0.4,19.5,33.8,11.7,60
Georgia,Haralson County,59,53.4,64.9,74.2,67.6,80.6,4.9,4.9,4.9,3.9,4.1,3.7,70.5,79.1,81.7,62.7,84.1,8.2,11.4,76516,62950,39400,32805,45790,29685,97.6,91.2,4.8,0,0.3,0,1.3,2.4,2.1,11240,997,580,0,540,2460,638,14,846,30.2,24.4,37,13.4,11.6,15.5,20.4,9.4,33.5,13.5,23.3,2,22.4,31.3,12,60
Georgia,Harris County,56.2,52.1,60.3,70.9,66.3,75.7,6.4,6.2,6.6,5.7,6,5.5,70.5,77.4,79.3,42.2,83.8,4.5,6.1,104386,89646,44681,37162,54148,34316,96.7,78.1,15.7,0.1,0.6,0,2.1,3.3,4.1,12194,934,402,27,314,2510,1126,239,883,42.2,32.9,52.9,11.7,11.6,11.8,22,15.3,29.7,10.6,19.5,0.3,13.5,20.6,5.4,75
Georgia,Hart County,48.9,42.1,55.9,64.5,56.3,72.3,5.6,7.2,4.3,5.8,7.6,4.4,61.1,83.6,60.1,65.4,75.9,11.7,14.9,73606,59412,34246,28191,39918,25808,98.1,76.3,19.4,0.4,1.1,0,0.8,1.9,3.8,10111,715,249,70,245,1486,817,107,821,29.9,24,37.4,18.8,19.5,18,21.4,12.6,32.4,13.7,22.8,2.2,16.2,21.1,9.9,75
Georgia,Heard County,50.8,44.4,57.3,63.5,54.9,72.4,7.1,8.3,6.1,7.2,8.3,6.3,59.9,69,72,58.7,77.4,17,20.4,70915,60642,36015,26036,47553,11440,97.4,86.2,9.9,0,0.8,0.1,0.3,2.6,2.8,4285,277,144,9,189,823,228,72,253,26.5,18.6,36.4,14.6,7.6,23.5,18.6,10.4,28.9,19.1,34.2,0,21.3,29.2,11.3,60
Georgia,Henry County,62.4,58.6,66.6,75.4,71.2,80.2,6.3,6.2,6.4,5.3,5.9,4.8,75.8,78.8,80.7,74.2,84.8,7,8.6,89724,80105,44008,37097,49106,236615,94.4,43,46.7,0.1,3.3,0,1.3,5.6,7.3,80672,5505,3026,399,5414,19308,6675,948,13742,35.3,28,42.7,15.7,14.6,16.8,23.5,15.5,31.6,8.8,16.5,1,16.7,25.4,7.9,90
Georgia,Houston County,59.3,55.5,63.4,71.3,67.5,75.3,5.4,6.4,4.5,4.5,5.6,3.4,73.3,82.1,80.1,62.1,85.5,8.1,10.3,90453,76641,42120,35506,48723,161177,94.9,58.2,31.5,0.4,3.4,0.2,1.2,5.1,6.7,59627,4721,2776,261,2431,12117,5165,949,7400,37.1,31.5,42.9,17.4,15.3,19.6,22.6,15.6,30,9.1,16.9,1,13.8,20.7,6.5,75
Georgia,Irwin County,51.4,50.5,52.1,66.6,67.1,66.2,7.7,6.2,8.8,7.5,7.1,7.7,72.2,67.3,93,67.8,71.8,15.4,20.9,68944,46120,29970,25376,34178,9615,98.9,70,27.8,0.1,0.6,0,0.4,1.1,4.1,3604,223,30,0,306,496,87,6,556,27.3,19.6,36.7,14.3,5.5,25,17.9,13,23.8,12.6,21.9,1.2,27.9,39.9,13.3,60
Georgia,Jackson County,61.1,56.7,65.5,74,68.9,79.1,4.5,5.1,3.9,4.3,5.4,3.4,72.9,67.6,81.4,68.2,82,6.3,9.7,91340,80066,42071,35600,50651,73839,95.9,83.9,7.4,0.1,1.9,0,2.6,4.1,8.6,24874,2331,1543,297,847,6913,1990,611,2610,37.1,32.8,41.9,15.1,12.3,18.2,22.1,14.5,30.6,10.2,18.9,0.4,15.6,21.5,8.9,75
Georgia,Jasper County,51,49,53.1,66.3,63.5,69.3,5.6,4.8,6.4,5.2,4.1,6.2,66.2,80.6,66.5,81.8,73.9,11.8,16.2,66378,57031,35230,27831,46527,14478,97,76,18.4,0,0.2,0,2.4,3,4.1,5300,328,141,0,299,801,410,53,655,30.2,25.3,35.3,16.2,10.6,22,20.4,12.2,28.9,16.4,31.4,1,16.7,20.5,12.8,60
Georgia,Jeff Davis County,49.7,44.6,55.4,64.2,61.1,67.3,5.1,3.7,6.3,4.6,3.2,5.8,63.2,18.5,73.7,78.7,71.8,18.4,21.2,54650,43238,38126,32277,41467,14753,92.3,74.4,13.1,0.1,0.5,0,4.2,7.7,12.6,5246,275,268,50,196,1527,347,61,590,31.3,25.3,38.1,10.6,11,10.3,21.5,8.2,36.4,12.6,23.6,0.2,24,31.9,15.1,60
Georgia,Jefferson County,50.2,43.5,57.5,61.2,53.9,68.5,5.8,7.5,4.4,6,7.1,5.1,58.1,60.7,68,53.2,72.1,14.2,18.2,60336,46039,33858,32746,37034,15708,98.4,43.1,52.4,0.1,0.3,0,2.4,1.6,4,5625,177,212,0,455,471,517,91,1116,30.4,21.9,40.8,10.6,6,16.3,15.2,4.9,27.8,13.6,23.1,1.9,30.2,44,13.2,60
Georgia,Jenkins County,48.2,43.5,53.2,60.4,57.6,63,4.1,4.2,4,4.1,4.8,3.5,60.4,57.1,97.2,81.7,65.3,22.9,27.9,51492,31676,21865,19848,25459,8693,97.2,61.1,31.5,1.5,0.8,0,2.3,2.8,7.8,3290,122,152,0,394,559,111,0,175,33,33.7,32.2,18.8,13,25.4,18.5,12.1,25.8,8,11.6,3.9,21.7,29.6,12.7,60
Georgia,Johnson County,43.1,36.2,47.9,53.5,48.5,56.6,11.6,11.5,11.6,12.5,11.9,12.8,55.1,46.2,57,77.3,64.9,19.2,19.5,59564,50458,33874,22410,37517,9272,96.8,62.6,33.6,0,0.2,0,0.5,3.2,2.7,3201,174,160,0,319,165,114,68,449,26.9,23.4,33.6,13.1,9.3,20.3,15.7,7.2,31.6,20.7,31.5,0.5,23.6,28.6,14.1,60
Georgia,Jones County,56.2,57.3,55.1,70.4,70.8,70,5.1,4.3,6.1,5.3,4.3,6.4,74,68.7,80.4,68.2,75.2,11.4,14.2,83840,67254,40234,35454,48749,28297,97.5,72,24.4,0.1,0.6,0,0.4,2.5,1.9,10444,818,312,27,500,2302,453,60,1389,35.3,34.5,36,12.6,8.9,15.9,27.9,13.7,40.5,11.3,23.2,0.7,12.9,19.7,6.9,75
Georgia,Lamar County,49.5,47.4,51.6,62.1,59.2,65.2,8.4,7,9.7,8.4,6.1,10.4,63.1,49.2,77,57.4,73.8,6.9,12.5,81020,58644,32159,22715,41647,18482,96.3,66.4,27.9,0,0.6,0,1.4,3.7,2.7,6811,315,479,87,217,734,512,118,654,28.8,23.9,33.8,21.5,11.2,32,25.4,19.6,31.4,9.5,18.7,0.2,14.7,26.5,2.6,75
Georgia,Lanier County,44,48.7,38.9,54,59.3,48.4,3,3.6,2.1,2.4,2.6,2.2,64,75.3,91.2,54.2,59.9,27.1,34.1,54687,37012,29094,21374,38309,9874,95.6,71.4,22.6,0.1,1.1,0,0.3,4.4,6.7,3529,199,276,0,277,696,194,39,311,31.2,23,37.3,23.4,14,30.5,18.7,5.2,28.7,13,27.3,2.4,13.6,30.5,1.2,60
Georgia,Laurens County,49.9,47.2,53,64.1,62.2,66,5.1,5.1,5.1,4.7,4.9,4.5,65.4,81.5,80.4,72.1,69.2,19.9,25,56617,46123,32201,24982,40150,49202,98.8,57.9,38.4,0.2,0.3,0,1.9,1.2,2.8,17366,915,416,265,1665,2576,975,268,3094,29.9,24.4,35.4,19.2,12.8,25.4,20.7,12.9,28.3,11.1,19.8,2.5,19.2,30.1,8.4,60
Georgia,Lee County,60.6,61.5,59.7,72.8,73.6,72.1,4.9,4.7,5.2,4.2,3.5,4.9,76.3,89.8,79.5,71.6,77.5,8.2,9.9,91659,81679,47117,40234,55297,32547,96.8,70.7,22.8,0.1,2.7,0.1,0.5,3.2,3.2,11616,1081,533,0,537,2553,980,304,1101,45.2,35.4,54.9,14.1,10.3,17.8,19.7,15.7,23.6,10.4,20.8,0.1,10.7,17.9,3.6,75
Georgia,Liberty County,48.2,48.7,47.7,55.2,56.2,54.3,9.5,10.7,8.3,9.4,10.9,7.8,68.1,58.1,73.7,60.3,82.2,15.9,16.8,60324,55173,33532,24985,40385,64334,90.3,42.2,41.4,0.5,1.9,0.5,3.8,9.7,12.6,22554,1932,2088,73,2168,2472,1802,665,3907,30.7,22,39.4,19.9,16.5,23.3,21.7,17.4,26,8.7,17,0.3,19,27,11,75
Georgia,Lincoln County,47.5,43.2,52,61.9,58.2,65.8,4.5,2.3,6.4,5.4,2.7,7.7,59.8,52.1,82.1,52,71.3,13.8,18.5,58386,48055,30632,23475,36209,7686,98.2,67.7,29,0.1,0.1,0,1.4,1.8,2.1,2953,44,128,0,164,311,155,0,288,27.8,16.3,40.8,21.5,20.5,22.6,18.2,10.1,27.4,15.1,28.1,0.5,17.4,25,8.8,60
Georgia,Long County,50.4,45.1,55.7,59.4,54.6,64,7.6,7.8,7.3,5.8,7.2,4.6,59.4,78.6,79.7,58.8,80,10.8,18.4,67674,57489,39513,28786,45138,16398,91.3,59.7,23.2,0.2,0.9,0.7,6.6,8.7,11.4,5341,354,313,5,426,1229,523,153,583,28.7,23.1,35.7,20.3,16.5,25.1,17.5,10.5,26,15.4,23.3,5.6,18.1,26.5,7.6,60
Georgia,Lowndes County,53.2,51.9,54.6,63.5,63.4,63.6,5.6,6.4,4.8,5.4,6.3,4.4,68.8,66.7,73.7,61,74.6,17.1,22.9,73461,53086,33330,28551,38865,117437,95.9,54.7,37.1,0.6,1.5,0.1,1.9,4.1,6,42512,2968,1745,184,3558,6266,2444,674,6431,32.4,26,38.5,17.6,15.4,19.6,26.7,19.4,33.9,8.5,16.4,0.9,14.8,22.8,7,75
Georgia,Lumpkin County,54.9,50.8,59.4,70.2,66.4,74.2,4.3,3.1,5.4,4.1,2.3,5.7,67.9,82.1,81.7,67,79.9,6.2,12.1,81964,69955,30057,27206,31511,33188,98.7,93.5,1.5,0.6,1.5,0,1.6,1.3,5.1,11102,869,523,13,228,1608,1058,211,714,30,26.4,34,20.8,19,22.8,23,14.9,31.8,10.2,19.4,0.1,16,20.2,11.3,75
Georgia,McDuffie County,53.2,49.1,57.9,67.8,63.9,72,5.4,5.8,4.9,5.9,6.4,5.4,68.3,76.1,80.5,74.7,76.1,10.9,16.9,63646,55286,32589,27945,39861,21727,97.7,53.9,40.9,0,0.5,0,2.4,2.3,3.4,8216,370,232,53,696,835,269,191,1826,29.3,21.1,37.7,16.6,15.3,18,21.6,11.7,31.7,12.4,23.5,1,20.1,28.4,11.6,75
Georgia,McIntosh County,49,48,50.1,63.7,64.5,62.9,4.2,3.3,5,3.8,3.2,4.5,66.7,78.1,77.7,86.2,67.5,11.9,19.7,73772,54447,29873,28199,33925,11291,97.1,63.3,32.2,0.1,1.4,0,0,2.9,2.5,4706,105,49,8,92,432,199,72,514,27.1,20.8,33.5,18.4,13.8,23.1,27.5,20.9,34.2,11.8,22.4,1.2,15.1,22.1,8.1,60
Georgia,Macon County,38.6,47.5,31.1,45.7,59.5,35.6,9.3,9.8,8.6,7.6,8.2,6.9,64.8,95.8,70.5,68.5,38.2,20.8,27.3,52570,36148,27364,21345,33302,12330,98.6,35.3,60.6,0,0.8,0,1.9,1.4,4.4,3907,78,78,0,481,499,153,5,609,22.7,26.2,20.1,25.6,18.9,30.7,16.7,7.5,23.9,8.6,17.3,1.9,26.3,30.1,23.5,60
Georgia,Madison County,56.5,53.7,59.4,70.2,67.1,73.3,6.2,5.6,6.8,6,5.7,6.3,71.1,47.5,87.8,45.5,78.2,17.2,22.1,71238,56521,33960,28256,41145,29906,95,82.3,8.7,0.1,1.3,0,2.6,5,6.1,10510,695,644,15,394,1575,807,244,1356,30.6,25.3,36.2,20.2,15.2,25.6,18.3,14,22.8,13,20.7,4.7,17.9,24.8,10.7,75
Georgia,Marion County,47.8,46.3,49.4,65.2,67.4,63.2,5.7,4.7,6.7,4.5,2.2,6.6,68.9,64.2,70.9,92.9,67.6,10.8,13.5,65584,51503,32917,31033,38738,7563,98.1,59.8,30.4,1.1,1.8,0,5.1,1.9,8,2924,173,34,16,250,389,196,67,260,23.4,15.4,31.7,14,8.3,19.9,23.1,12,34.7,19.6,31.8,6.8,19.9,32.4,6.9,60
Georgia,Meriwether County,48,42.9,53.7,62.5,58.2,67.1,5.6,3.6,7.3,5.1,4,6,60.6,75,87.2,62.3,71.4,16.5,21.9,62668,51000,34067,26039,43660,20659,98.8,58,39.3,0.2,0.4,0.1,0.9,1.2,2.5,7895,252,239,0,571,537,328,18,1464,25.3,22,29,20.8,14.5,27.8,15.1,8.2,22.9,13.1,24.5,0.5,25.6,30.8,19.8,75
Georgia,Miller County,53.6,51,56.5,70.9,67.2,75,6.4,7.5,5.3,6.4,7.3,5.4,72.5,78.1,74.9,75.3,79.3,19.1,22.7,68106,56661,39720,35740,48513,5984,96.5,67.2,27.7,1.1,0.3,0.3,0,3.5,3,2531,70,83,0,168,365,143,55,374,35.6,29,42.3,17.1,12.8,21.4,20.5,10.9,30,13.1,25.4,0.9,13.6,21.9,5.4,60
Georgia,Mitchell County,47,46.8,47.1,55.3,57.9,53.3,8.8,9,8.6,9.2,9.2,9.2,63.7,45.8,60.7,76.3,58.7,22.7,26.5,50629,47335,32775,27281,38183,21940,96.7,47.7,46.5,0.3,0.2,0.3,1.7,3.3,4.9,7946,288,149,0,807,903,455,7,1652,27.7,19.9,36.4,19.1,16.4,22.2,21.7,16.1,28,13.8,23.9,2.3,17.7,23.6,11.1,60
Georgia,Monroe County,55.3,55.4,55.2,70,73.8,66.4,4.1,2.1,6.1,3.7,1.6,5.9,75,88.4,76.7,82.2,70.7,9.6,14.5,91338,73198,37992,31906,54689,27825,98.1,73.9,22.4,0.4,0.9,0,0.7,1.9,2.4,10176,922,255,1,328,2007,706,16,887,35.7,32.9,38.5,19.6,15.4,23.7,19.8,9.6,29.9,8.5,16.5,0.7,16.3,25.5,7.2,60
Georgia,Montgomery County,46.5,42.7,50.3,60.3,57.1,63.4,9.4,9.8,9,6.3,8.2,4.6,62.2,44.5,85.6,62,66.6,12.7,17,66786,53102,32090,29930,38708,8701,98,67.9,25.8,0,0.6,0,3.7,2,7,2857,257,74,14,180,634,125,11,224,33.2,28.2,39.1,18,12,25.3,13.6,8.5,19.7,16.8,25,6.9,18.5,26.3,9,60
Georgia,Morgan County,58.7,53.5,64.4,76,72,80.2,3.1,3.5,2.7,2.8,2.6,3,73.9,93.3,90.4,80.2,82.7,4.2,6.5,93229,77390,42268,33622,48654,19694,97,73.2,22.2,0.1,0.1,0,1.3,3,3.2,7246,843,178,127,148,1661,416,83,541,37.4,30.3,45.1,15.5,15.1,15.9,17.1,11.8,22.9,10.2,18.5,1.1,19.9,24.3,15,75
Georgia,Murray County,56.2,49.6,62.7,68.3,59.4,77.1,6.8,7.9,5.9,6.8,8,6,64.6,66.9,77,69.1,82.1,11.2,15.1,68030,58665,35613,29813,41917,39853,97,94.8,0.7,0.6,0.5,0,0.4,3,15.5,14431,827,600,12,807,2711,1081,66,1392,19.6,16.4,23.7,14.9,11.6,19,22.9,15.7,32.1,9.4,16.5,0.5,33.1,39.8,24.6,75
Georgia,Muscogee County,52.3,52.2,52.5,63.9,64.8,62.8,8,8.1,7.9,7.1,7.1,7.1,70.4,69.5,79,66.4,76.8,14.9,19.5,72044,55091,36052,30563,42683,204366,94,41.7,46.4,0.1,2.6,0.1,3.1,6,7.9,78491,3600,3459,274,7994,8666,4469,1011,14897,35,29.6,39.9,18.6,15.6,21.3,24.8,18.2,30.9,7.3,14.3,0.7,14.4,22.3,7.1,75
Georgia,Newton County,61,57.4,65.1,72.8,69.3,76.9,5.8,4.7,7,5.4,4.4,6.5,72.5,76.7,84.4,57.1,82.5,11.7,13.6,76079,70596,37155,29880,41957,111262,95.8,46.7,45.7,0.2,1.3,0.1,1.9,4.2,6,39342,3021,2163,81,2192,8170,3283,442,5894,33.5,25.9,41,14.2,11.8,16.6,21.7,10.3,32.9,10.8,20,1.7,19.8,31.9,7.8,75
Georgia,Oconee County,62.6,57.7,67.8,78.3,72.2,84.7,3,2.6,3.4,2.8,2.6,3.1,74.1,77.2,81.2,75,87.5,4.2,4.7,131898,115720,47246,35129,62070,41006,95.1,86.7,3.6,0.7,3.8,0.1,0.2,4.9,5.6,13965,1458,479,152,328,4973,1311,100,969,53.3,52.2,54.7,9.8,8,11.9,20.2,14.7,26.4,7,12.6,0.6,9.7,12.5,6.5,75
Georgia,Oglethorpe County,59.9,58.3,61.4,75.3,75.1,75.5,4.2,2.5,5.7,3.6,1.9,5.1,76.6,52.7,97,76.3,80.3,8.4,10.6,79388,64082,34855,27537,40834,14779,97.3,79,17.3,0,0.4,0,0.6,2.7,5.4,5276,370,249,0,185,722,128,145,891,33.4,27.5,39.6,15.7,10.3,21.3,20.4,13.3,28,13,23.9,1.6,17.5,25,9.5,60
Georgia,Paulding County,64.4,59.2,69.8,75.6,70.3,81.1,4.2,3.3,5,3.9,3,4.6,72.6,69.4,80.7,49.1,85.6,4.5,6.3,95437,87455,45893,39297,52766,165688,95,71.8,20.3,0.2,1.2,0,1.5,5,7.1,54961,4726,3840,158,2175,14304,6528,1098,5775,37.2,32.5,42.4,14.1,13.3,14.9,25.1,17.4,33.7,11.4,20.4,1.2,12.2,16.3,7.7,90
Georgia,Peach County,50.3,43.7,57.3,66.1,60.6,71.8,8.7,9.2,8.3,6.9,8.1,5.8,66.1,86.3,73.6,73.3,77.5,15.5,19.2,71309,58004,33390,31103,36843,27822,96.6,49.9,44.6,0.4,0.4,0,1.2,3.4,8,10209,454,259,74,835,1173,472,34,1604,28.7,19.5,40.1,18.1,15.5,21.2,20.2,13.3,28.6,12.3,20.5,2.2,20.7,31.2,7.9,75
Georgia,Pickens County,56.1,50.7,61.6,72.2,65.2,79.3,4.6,4.6,4.6,4.7,4.7,4.7,68.4,73.3,77.3,64.3,83.8,9.5,12.6,91532,78084,39463,30990,47983,32814,90.2,87.8,1.3,0.8,0.3,0,0,9.8,3.2,12646,670,463,10,496,1841,779,357,813,31.1,26.2,36.9,16.1,13.1,19.6,22.8,13.1,34.2,13.2,23.8,0.6,16.9,23.8,8.6,60
Georgia,Pierce County,54,47.6,60.7,68.2,60.7,75.8,2.8,2.8,2.7,2.6,3,2.2,62.6,71.3,80.1,43.8,78.4,13.5,17.9,65337,55394,32326,27420,38226,19644,98.8,85.6,10,0.4,0,0,2.8,1.2,5.1,7235,276,448,4,587,1286,490,0,750,26.6,17.2,38.3,12.8,9.4,16.9,22.9,14.1,33.7,13.2,21.1,3.4,24.5,38.2,7.5,60
Georgia,Pike County,55.8,51.2,60.7,69.6,63.4,76.1,4.3,3.9,4.6,4.5,4.2,4.8,66.2,73.6,78,56.5,79.9,5.4,8.5,101218,83006,46436,36007,53863,18754,97.7,87.8,8.6,0,0.4,0,1,2.3,1.8,6200,525,299,6,162,1765,465,157,487,37.1,32.8,41.9,13.7,11,16.7,20.8,12,30.5,15.3,26.8,2.4,13.1,17.3,8.5,75
Georgia,Polk County,55.2,47,63.8,69.3,60.9,77.7,6.5,8.4,4.9,5.7,6.7,5,65.2,67.3,81.7,62,82.2,14.1,18.1,66665,53364,35374,30100,40277,42692,96.1,78.5,12.3,0.1,0.6,0,4.6,3.9,13.5,15507,1172,774,137,836,2426,1576,182,1443,22.5,15.6,31.5,16.4,13,20.7,20.5,13.5,29.6,13,22.4,0.8,27.6,35.5,17.3,60
Georgia,Pulaski County,44,35.7,55.1,54.4,43.1,71.2,4.8,2.5,6.7,4.7,2.1,6.9,44,70.4,89.5,100,76.5,16.9,17.5,71531,48991,30609,23898,34521,10001,98.6,58.4,39.5,0.1,0.4,0,0.2,1.4,4.1,3084,93,14,0,481,347,19,0,543,32.9,21.9,45.4,12.8,15.4,9.8,21.5,12.6,31.8,10.9,20.4,0,22,29.7,13,75
Georgia,Putnam County,48.7,46.7,50.8,63.2,60.4,66.1,4.3,2,6.4,4.7,2.2,6.9,61.7,93.4,69,51.3,73.6,11.3,17.7,78517,60775,39211,29631,44989,21870,98.4,68.9,26.8,0,0.2,0,2.5,1.6,6.2,9499,298,237,0,391,914,357,26,1162,32.3,28.7,36.1,13.9,9.2,18.7,20.4,11.8,29.4,11.4,21.5,0.8,22,28.8,15,75
Georgia,Quitman County,31.3,33,29.6,46.4,51.5,42.2,21,0,35.7,21.9,0,36.4,51.5,0,74.4,50,66.3,12.5,18.9,58133,34437,29385,21542,37660,2249,96.3,41.4,52.3,0,2.6,0,0,3.7,1.4,946,0,26,0,42,71,0,0,67,17.4,17.8,17,30.4,19.2,40.7,19,8.8,28.4,5.8,12.1,0,27.4,42.1,13.9,60
Georgia,Rabun County,44.1,41,47.4,61.6,57.3,66,4.2,2.5,5.6,4,2.8,5,59,66.1,73.4,27.2,69.5,10.8,16.9,66200,53031,32723,27734,34352,16731,94.8,90.9,1.4,0,0.6,0,1.9,5.2,7.9,6585,184,162,11,232,661,456,103,256,33.2,25.1,42.2,22.6,19.2,26.4,18.6,12.3,25.8,14,26.4,0.2,11.5,17,5.3,60
Georgia,Randolph County,48.1,45.5,51.1,64.8,62,68,9.6,9.8,9.5,10.6,10.7,10.5,69.4,27.9,88.4,85,76,23.2,30.7,40396,31468,26009,21580,32098,6503,97.8,31.1,64,0,0.1,0,2.6,2.2,3.3,2402,127,20,0,304,201,20,4,739,17.6,12.8,22.3,29.9,27.5,32.3,15.4,9.7,21,10.4,18.8,2,26.7,31.2,22.3,60
Georgia,Richmond County,52.3,51.8,52.8,62.7,63.3,62,9,10.4,7.5,9.2,10.9,7.4,72.9,74.1,81.4,73.1,75.3,17.5,22.1,60746,50398,30141,27392,34136,205772,94.8,35.3,55.8,0.1,1.7,0.1,1.7,5.2,5.2,73631,2447,2561,431,8774,6952,3390,624,14430,31.4,25.4,37,21.8,22.4,21.2,23.2,13.6,32.2,7.2,14.3,0.6,16.4,24.2,9.1,75
Georgia,Rockdale County,58.4,55,62.3,72.6,69.6,76.1,6.1,6.4,5.8,5.3,5.5,5.1,73.8,68.8,76.5,75.8,80.3,8.7,11.9,79468,70011,40240,36033,42363,92983,95.1,33.5,56.3,0.4,1.9,0.2,2.8,4.9,10.3,32604,1841,735,36,2544,4739,2222,306,6362,36.3,29.6,42.9,14.6,14.8,14.4,23,14.8,30.9,9.4,15.9,3,16.7,24.9,8.7,90
Georgia,Schley County,53.7,46.6,61.3,69,61.1,77.2,6.7,10.1,3.8,5.2,7.3,3.5,65.9,76,67,79.7,80,14.5,17.3,68272,55139,35524,31413,37081,4622,97.2,69,25.4,0,0,0,2.8,2.8,4.1,1600,137,50,1,60,392,72,0,163,34.2,22.7,48.4,16,16,16,20,10.4,31.9,13.3,21.7,2.8,16.6,29.2,1,60
Georgia,Screven County,50.2,49.2,51.2,64.1,66,62.3,5.7,6.2,5.2,3.7,2.8,4.7,67.8,77.2,61.9,58.9,66.3,10.3,17.3,70825,47052,32406,27270,39053,14028,98.5,55.8,41.3,0,1,0,0.4,1.5,2.5,4707,155,124,0,368,637,251,0,561,26.5,22.5,30.3,18.7,13.2,24.1,20.9,10.7,30.7,15.6,29.6,2.2,18.3,24,12.8,60
Georgia,Seminole County,42,37.2,47.3,54.8,50.3,59.9,5.3,4,6.5,5,3.1,6.8,51.9,97,83.4,74.3,64.3,20.2,24.8,60207,44231,38857,37350,40076,9108,97.5,64.1,32.6,0,0.8,0,0.1,2.5,3.5,3530,154,30,0,121,483,93,60,414,34.9,21.7,49.7,17.5,14.3,21,14.9,10.4,19.9,14.3,26.2,0.9,18.5,27.4,8.5,60
Georgia,Spalding County,53.4,48.9,58.3,68.2,63.3,73.5,4.7,4.9,4.5,4.4,4.7,4.1,66.8,71,73.2,86,76.6,12.6,17.4,69169,56649,36092,33840,41009,66722,97,60.3,34.2,0.6,0.9,0,1,3,5,25852,1363,561,14,2140,2892,1113,345,4280,28.6,19.6,38.3,13.6,14,13.3,21.1,12.2,30.9,13,23.5,1.6,23.7,30.8,16,75
Georgia,Stephens County,53.3,46.6,60.6,68.2,60.9,75.8,5.4,8.6,2.6,5.4,8.7,2.4,66.7,84.4,84.3,73.8,77.7,7,13.5,71675,54711,31452,28133,35545,26641,97.4,82.7,10.8,0.1,1.1,0,2.7,2.6,3.9,10037,782,215,223,506,1263,462,52,827,25.7,22.3,29.7,20.4,17,24.5,20.8,12.6,30.7,6.7,12.1,0.2,26.4,35.9,14.9,60
Georgia,Stewart County,28.4,47,20.5,32.4,66.2,21.3,6.9,5,8.6,4.1,5.4,2.8,70,100,81.9,100,22.6,19.6,26.4,52626,42532,27085,26028,27653,5347,99.4,23.2,59.4,0.1,3.2,0,13.5,0.6,14.8,1665,14,0,6,73,103,24,56,307,26,15,37.4,15.1,9.1,21.4,24.2,12.5,36.4,9.9,19.4,0,24.8,44,4.9,60
Georgia,Sumter County,51.1,47.9,54.8,65,64.2,65.8,7.5,9.6,5.4,6.1,7.5,4.6,69.5,65.8,85.3,91.8,69.1,18.1,24.2,55662,39989,32430,30122,35577,29690,97.2,43.3,51.4,0,1.4,0.1,1,2.8,6,10825,354,194,0,911,1228,436,29,2573,32.7,25.5,40,16,15,17,23.1,12,34.3,10.3,19.7,0.7,17.9,27.7,8,60
Georgia,Talbot County,47.4,44,51.2,66.5,64.8,68.3,6.4,8.2,4.8,2.5,3,2,66.7,100,73,96.5,69.7,13.6,16.8,56582,44384,32455,25320,39939,5837,98.6,40.8,56.5,0.1,0.6,0,0.7,1.4,0.7,2549,50,0,27,128,43,16,36,382,31.6,27.1,36.3,16.1,10.8,21.7,14.4,4.8,24.5,10.2,19.8,0,27.8,37.5,17.5,60
Georgia,Taliaferro County,47.8,45.6,50.1,65.1,65.1,65.1,5.7,2.4,8.5,6.3,2.7,9.4,66.9,100,86.2,100,72,24.7,21.3,44191,43240,30976,25166,33867,1574,98,35.7,55.7,0,0,0.3,6.2,2,4.1,605,13,0,0,0,48,1,11,57,21.1,11.7,31.1,29.5,25.9,33.2,16.4,5,28.6,5.1,9,0.9,28,48.4,6.2,60
Georgia,Tattnall County,44.1,47.8,41.5,50.9,59.9,45.3,7.4,6.8,7.8,7.6,7.6,7.6,64.8,80.1,68,72.6,49.4,13.9,20.1,66304,54475,33108,24196,40229,23211,96.4,56.9,28.2,0.2,0.4,0,10.8,3.6,12.2,7556,411,152,16,335,1081,693,61,781,29.1,21.8,38,17.1,12.6,22.6,19.4,10,31,17.8,29.4,3.7,16.6,26.2,4.7,60
Georgia,Taylor County,46.3,41.1,52,63.7,57.3,70.7,6.8,8.1,5.7,5.6,7.8,3.5,62.2,100,90,63.6,73.6,21.2,28.7,50442,39559,34547,31198,36586,7857,98.1,57.8,40,0,0.3,0,0.1,1.9,0.8,3096,97,149,0,196,483,55,0,178,28.6,18.5,40.1,17,11.3,23.5,17.4,15.6,19.4,17,28,4.5,20,26.6,12.5,60
Georgia,Telfair County,34.9,38.1,32.7,41.5,53.4,34.9,1.6,1.2,2,1,0.3,1.5,53.6,51.1,74.6,39.4,35.4,15.9,26.2,58247,46838,35305,28442,37002,12860,95.4,52.1,35.3,0.2,0.2,0,7.6,4.6,15.3,3020,231,55,13,228,738,178,9,710,29,18.2,41.9,19,7.7,32.6,13.8,7.4,21.4,14.5,26.2,0.4,23.7,40.4,3.7,60
Georgia,Terrell County,48.8,45.6,52.2,62.8,62,63.7,7.4,9.3,5.5,7.9,9.5,6.3,68.5,69.8,74.7,65.9,67.9,23.8,30.1,54841,42378,28062,22922,32952,9102,99.1,36.1,57,0.1,4.1,0,1.8,0.9,2.9,3344,129,100,0,405,321,202,7,468,22.1,19.1,25.3,17.4,12.8,22.1,24.7,11.8,38,12.6,23.4,1.5,23.2,33,13.1,60
Georgia,Thomas County,59.2,55.7,63.2,74.1,72.1,76.3,5.6,4.9,6.2,4.5,3.8,5.3,75,87.5,81.1,74.8,81.2,13.2,17.2,76546,57023,37438,32789,44439,45669,97.5,59.2,36.2,0.3,0.7,0,1,2.5,3.8,17817,1294,454,23,1054,2355,566,170,2714,37.7,32.3,43.3,17.1,13,21.2,20,13.2,26.8,10.7,20.3,1,14.5,21.3,7.7,60
Georgia,Tift County,55.4,50.2,61.2,68.9,64.5,73.5,2.7,2.8,2.6,2.1,2.2,2.1,66,58.1,76.3,61.6,75.4,17.7,22.1,63398,50407,33779,28676,39957,41148,93.8,60.7,29.1,0.2,1.1,0,2.7,6.2,12.3,15287,1016,410,9,1310,2498,701,264,2539,34.2,30.1,38.7,17.9,17.5,18.2,21.6,12.7,31.4,11.3,19.6,2.3,15,20.1,9.4,75
Georgia,Toombs County,50,45.1,55.8,64.8,60.2,70,6,2.5,9.1,5.4,2.5,8,61.7,75.5,67.1,67.2,76.3,17.3,20.1,62101,46843,33935,29100,37641,26956,96.6,65.3,25.8,0.1,0.8,0,4.5,3.4,11.8,9779,536,404,54,785,1810,923,58,1180,29.4,20.7,38.6,17.9,12.7,23.3,20.7,14.5,27.3,15.9,29.4,1.7,16.1,22.7,9.1,60
Georgia,Towns County,42.6,37.8,48,64.9,58,72.3,5,7.1,3.1,5.5,7.5,3.7,62.6,96.9,71,77.4,75.1,10.3,14.2,69115,57862,25832,21620,33349,12300,97.6,94.3,2.3,0.1,0.4,0,0.5,2.4,3,5323,198,63,0,83,444,139,0,233,31.8,30.9,32.9,26,20.4,32.5,22.8,17.1,29.3,10.4,18.3,1.3,8.9,13.3,3.9,60
Georgia,Treutlen County,42.9,40,45.1,56.4,48.8,62.1,8.4,14.4,3.7,6.5,14.3,1.2,56.9,62.1,75.8,34.6,62.9,18.6,32.1,62488,38631,32114,32567,32002,6410,99.1,70.8,27.8,0.1,0.4,0,0,0.9,0.9,2236,53,109,0,190,314,334,0,353,34.9,19.9,56.5,17.6,16.4,19.4,12.4,8.2,18.4,16.5,27.9,0,18.6,27.5,5.7,60
Georgia,Troup County,56.5,53.5,59.9,70.8,68.5,73.3,4.9,5.5,4.3,4.2,4.7,3.7,71.9,82.5,81.6,80.9,76.9,16.1,19.1,68200,53456,34367,27741,42260,69483,98.1,57.1,36.7,0.2,2.3,0,1.8,1.9,3.8,25216,1804,627,40,1989,5000,849,207,3190,27.4,22.2,32.7,16.5,12.7,20.4,19.6,12.3,26.9,7.9,15.5,0.2,28.6,37.3,19.8,75
Georgia,Turner County,51.2,45.3,57.3,63.7,59.7,67.5,8.5,10.7,6.7,8.6,11.7,5.7,67.7,82.6,79.8,74,71.5,20.8,27.2,53030,39053,27514,25343,28154,8856,95.6,56.3,37.8,0,0.4,0,1.1,4.4,5,3269,209,14,0,345,345,42,34,481,23.9,15.2,34.6,24.7,26.1,23,22.1,15.1,30.8,11.9,21.5,0,17.4,22.1,11.6,60
Georgia,Twiggs County,42.8,42,43.6,59.2,60.8,57.6,3.1,0.6,5.4,2.9,0.6,5.2,61.2,76.6,87.1,73.9,61,13.4,15.7,68887,49948,35300,33854,43631,8034,98.3,55.5,41.4,0.5,0.6,0,0.4,1.7,0.8,2885,126,142,84,156,281,139,0,278,17,12.9,21.2,21.6,15.3,28,24.7,8.9,40.5,16.9,33.7,0,19.8,29.2,10.3,60
Georgia,Union County,43.8,40.6,47.2,66.9,64.7,69.2,3.1,4,2.2,2.7,3.6,1.9,67.1,61.9,94.1,58.7,70.7,11.3,14.9,72936,57235,33841,28962,37773,24183,96.8,94.5,0.8,1.2,0.3,0,0.1,3.2,3.6,10172,325,216,107,363,1167,277,226,496,33.7,29.7,38.1,15.4,10.6,20.7,22.9,15.1,31.4,15.5,27.2,2.6,12.5,17.4,7.2,60
Georgia,Upson County,50,46.7,53.6,65.6,61.4,70.3,3.2,4.5,1.8,3.4,4.9,2,64.5,59.1,73.6,83.7,71.7,15.6,22.4,62471,47150,34746,27873,47845,27424,98.4,67.8,29,0.2,0.2,0.5,0.7,1.6,2.4,10364,595,322,0,1024,1360,505,32,1123,31,23.2,39,17.9,13.5,22.5,18.5,10.4,26.9,10.7,20.1,1.1,21.8,32.8,10.6,60
Georgia,Walker County,55,50.8,59.4,68.8,64.8,72.9,6.6,6.9,6.3,5.9,6.5,5.3,69.4,69,78.8,61.3,77.8,9.1,13.8,66813,53010,35030,29009,39658,67772,96.7,91.4,4,0.1,0.8,0,0.4,3.3,2.5,25629,1473,1146,0,1281,3496,1911,228,2501,31.4,25.3,38.3,15.3,11.8,19.3,22.5,14.5,31.5,13,23.4,1.5,17.7,25,9.5,60
Georgia,Walton County,59.6,53.1,66.5,73.4,66,81,5,6.3,3.9,4.5,5.6,3.6,70,62.5,74.4,59.5,84.1,8.8,11.5,89113,78144,40525,34894,47023,95453,97.4,75.7,18.4,0,1.5,0,1.7,2.6,5,33009,2708,1679,31,2039,6656,3339,573,3495,32.5,25.9,40.3,14.7,13,16.8,24.1,15.3,34.6,12,21.7,0.5,16.7,24.1,7.9,75
Georgia,Ware County,45.3,43.3,47.4,58,58.8,57.3,4.5,4.4,4.6,4.8,4.6,4.9,61.7,57.3,64.9,59.4,60.3,17.3,23.8,54883,42967,33421,29139,37345,36084,96.4,63.4,30.4,0.4,1.2,0.1,1,3.6,4.3,12763,651,369,13,1753,1319,1191,161,2012,28.6,19.9,37.8,16.8,12.3,21.5,21.3,10.9,32.5,14.1,26.1,1.2,19.3,30.9,6.9,60
Georgia,Warren County,45.3,40.5,50.9,58.9,54.6,63.2,7.3,4.8,9.4,7.1,4.5,9.3,57.3,64.6,61.2,83.8,69.7,25.2,27.4,49144,40667,30512,26910,32840,5218,98.5,38,60.4,0,0.2,0,0,1.5,0,1915,43,36,90,138,81,166,5,378,23.5,17.1,30.5,18.9,13,25.4,16.8,13.2,20.6,12.6,22.5,1.8,28.2,34.3,21.6,60
Georgia,Washington County,45.3,49.1,41.7,55.5,64.8,47.5,4.1,4.7,3.4,3.7,4.4,2.9,67.8,90.8,76.2,62.6,49.5,14.8,18.2,55683,42892,33305,31400,35869,20052,97.3,43.3,52,0.3,0.7,0,1,2.7,2.6,7153,327,91,36,707,892,176,200,1152,29.1,21.4,36,17.3,11.5,22.6,19.3,6.8,30.4,12.3,24.1,1.8,21.9,36.2,9.2,60
Georgia,Wayne County,47.3,44.3,50.2,57.4,56.4,58.3,4.7,4.3,5,5.1,4.7,5.5,59.2,74.1,72.5,74.1,62.3,15.6,18.8,64669,49175,32420,25168,38574,30118,97,74.3,18.6,0.2,2.5,0,1.4,3,6.5,10845,587,239,24,930,1502,815,91,1784,25,16.4,35.2,21.2,18.9,24,18,6,32.2,15.6,28.4,0.6,20.1,30.2,8.1,60
Georgia,Webster County,48.5,33.9,62.8,62.1,46.9,76.5,8.4,15.4,4.3,6.3,15.5,0,55.6,100,56.1,72.2,76.5,26.2,29.4,57116,34970,30895,25479,31448,2372,93.7,45.6,39,0.3,0,0,8.8,6.3,17.1,929,92,4,0,36,151,81,0,127,29.1,22.6,41.5,23,21.6,25.8,13.6,8.1,23.9,15.7,19.9,7.9,18.6,27.9,0.9,60
Georgia,Wheeler County,45,27.3,53.2,51.6,43.7,54.7,5.3,1.9,6,6.6,1.3,8.1,44.3,17.3,38.2,91.3,59.5,17.9,23,58588,29186,28041,32165,27717,7568,99.2,65.1,34,0.1,0,0,0.1,0.8,9.4,1526,29,69,0,81,263,99,7,318,19.4,14.7,39.1,15.8,11.2,34.7,5.3,2.2,18.1,18.3,22.7,0,41.2,49.1,8.1,60
Georgia,White County,53.1,46.9,59.5,70.4,61.7,79.5,4,3.3,4.5,2.9,3.4,2.5,63.9,33.3,78.7,41.8,81.8,8.2,12,83636,70555,34261,26133,43998,27886,96.2,92,1.7,0.3,0.6,0,1.6,3.8,3.4,10251,319,714,55,265,1467,723,79,856,33.2,31.1,35.8,19.8,20,19.6,21.7,10.9,34.7,11.1,19.7,0.7,14.2,18.3,9.3,60
Georgia,Whitfield County,58.5,52.2,64.9,71.2,64.6,77.6,6.6,7.4,5.9,6.3,7,5.8,69.4,66.7,80.7,63.1,82.4,10.7,15.1,68423,57159,35092,28344,39148,103076,95,83.9,3.4,0.9,1.5,0,5.2,5,36.2,35258,2887,1934,140,1712,7480,3413,359,5092,25.4,19.2,33.1,13.1,8.4,19,18.3,11.9,26.3,9.5,16.3,1.2,33.6,44.3,20.4,75
Georgia,Wilcox County,37.2,39.2,36,46,56.1,41.2,7.2,7.3,7,4.9,6,4.2,59.7,48,77.8,66.3,43,16.3,26,60264,45133,31613,30127,33257,8841,98.2,62.9,34.4,0.1,0,0,0.8,1.8,4.8,2446,124,98,0,180,279,173,27,400,30.6,23.2,42.3,15.4,12.4,20.1,13,4.3,26.8,19.8,30.8,2.3,21.3,29.4,8.5,60
Georgia,Wilkes County,52.5,48.1,57.4,68.3,62.8,73.8,2.3,2,2.5,1.3,1.7,0.9,64,47.1,67.4,42.6,74.9,18.6,21.4,61854,47806,30641,26652,34992,9643,97.2,53.1,40.7,0.1,0,0,3.2,2.8,5.4,3988,111,152,10,239,258,130,0,422,21.3,16.1,26.9,23.1,25.1,21,21.8,11.3,33.4,11.8,21.1,1.6,22,26.5,17,60
Georgia,Wilkinson County,43.3,39.6,47.5,59,55.8,62.3,8.2,8.8,7.5,6.1,7.8,4.4,60.5,73.5,80.9,64,65.2,20.6,26,56390,37801,31157,28596,35889,8931,98.1,57.9,38.5,0.1,0,0,1.6,1.9,3.1,3206,143,135,26,243,470,73,15,433,22.2,16.7,27.9,18.8,10.2,27.9,20.1,10.4,30.3,14.7,28.2,0.4,24.3,34.5,13.6,60
Georgia,Worth County,52.3,44.8,60.5,67.3,58.4,76.8,6.8,8.3,5.5,6.3,7.3,5.4,63.1,78.5,81.3,65.5,81.2,12.8,18.5,71988,59722,36829,33046,41850,20824,97.2,68.5,27.5,0.2,0.8,0,0.2,2.8,2.3,7806,324,195,0,538,986,375,65,994,27.4,19.5,37.2,15,9.6,21.6,17.7,10.7,26.1,14.3,25.6,0.6,25.6,34.7,14.5,60
Hawaii,Hawaii County,55.1,53.4,56.9,69.9,68.5,71.3,6.9,6.7,7.1,6.7,6.4,7,73.4,65.4,81.9,67.7,76.9,10.3,13.8,89282,74555,38025,34932,41824,200468,70.2,32.6,0.7,0.5,22.1,12,2.3,29.8,13.5,71402,3746,1934,310,4707,11941,3191,1164,7448,33.9,30.5,37.5,24.7,25.3,24.1,20.5,11.2,30.2,11.8,20.7,2.4,9.2,12.3,5.8,25.38
Hawaii,Honolulu County,57.6,56.4,58.7,70.9,71.4,70.5,4.8,4.6,5,4.5,4.4,4.5,77,66.9,80.2,66.9,86,5.6,8.6,119702,100934,46688,40634,54492,1015167,76.6,19.9,2.5,0.2,42.3,10.2,1.5,23.4,10.2,330393,28343,17874,1950,15598,62914,22506,4437,28867,38.5,35.3,41.8,20.6,20.7,20.5,23.2,14.6,32.2,8.6,15.9,0.8,9.2,13.5,4.7,47.69
Hawaii,Kalawao County,66,54.5,76,81.1,84.6,79.2,0,0,0,0,0,0,84.6,71.6,84.2,72.6,79.2,40,20.9,87296,86745,72894,53138,88173,48,85.4,29.2,4.2,16.7,18.8,16.7,0,14.6,8.3,31,0,0,0,0,0,0,0,0,25.8,21.1,33.3,32.3,31.6,33.3,16.1,5.3,33.3,3.2,5.3,0,22.6,36.8,0,40
Idaho,Ada County,64.3,59.6,68.9,77.6,73.6,81.4,3.5,3.4,3.6,3.3,3.1,3.4,76.1,68.9,79.5,60.1,84.9,5.7,9.2,100394,81875,41830,34781,49073,485246,94.5,87.6,1.3,0.6,2.6,0.2,2.1,5.5,8.7,184806,14047,10084,592,4091,38310,17219,1778,12159,45.6,42.7,49,14.6,12.4,17.3,22.3,17.3,28.1,8.6,15,1.2,8.8,12.6,4.4,166.15
Idaho,Adams County,43.7,37.1,49.7,63.1,49.3,77,9.7,16.1,4.8,10.3,18.2,4.4,60.3,40.5,76.4,24.6,80.5,11,16.1,68806,57493,35706,28424,46070,4321,96.3,94.2,0.1,1.2,0,0,0.8,3.7,4.1,1687,28,96,0,30,233,133,43,102,28.8,27.7,30.4,19.4,17.9,21.5,20.7,8,39.2,20.6,31.9,4.1,10.5,14.4,4.7,103.85
Idaho,Bannock County,58.4,55.2,61.6,72,68.7,75.3,5.2,4,6.4,4.1,3.1,5.1,70.9,76.4,74.2,49.1,79.6,7.9,12.7,80284,61554,32747,25213,40669,86362,94.9,87.1,0.8,2.8,1.9,0.1,2.3,5.1,9.2,32062,2790,2082,208,1165,5935,4201,328,2994,37.2,35.5,39.1,17.3,13.3,21.7,22.8,15.5,30.8,8.9,15.5,1.7,13.8,20.2,6.7,103.85
Idaho,Bear Lake County,55.1,49.4,60.9,73.7,66.8,80.7,4.2,2.1,5.8,3.5,1.3,5.2,67.7,79,81.1,70.2,85.1,9.4,13.1,82711,65767,29041,16255,46288,6327,97.9,94,0.2,1.1,0.3,0,2.4,2.1,4.5,2231,301,163,5,78,522,265,13,174,29.4,24.6,35.4,20.9,10.9,33.1,14.7,6.2,25.2,21.3,37.1,1.8,13.8,21.2,4.6,126.92
Idaho,Benewah County,48.8,44.5,53,63.2,57.2,68.9,4.4,5.5,3.5,4.3,4.9,3.8,60.2,52.4,81.7,50.5,71.6,10,14.7,64347,54780,33567,25640,47438,9509,95.7,85.5,0.8,8.6,0.1,0.3,0.3,4.3,4.3,3566,198,187,2,129,514,326,33,339,23.7,19.9,28.4,20.7,15.9,26.6,19.7,9.2,32.6,19.6,32.4,3.9,16.3,22.6,8.5,103.85
Idaho,Bingham County,60.4,54,66.7,73.4,67,79.8,5.4,6.3,4.7,4.1,3.9,4.2,69.8,77.9,69,49.1,83.3,7.4,11,79701,68786,32764,22819,44291,47540,94.3,80.1,0.1,5.8,0.5,0.1,7.7,5.7,18.3,15640,1530,1458,113,654,3763,2957,147,1727,31.8,30.1,33.9,16.5,10.9,23.5,19.5,8.9,32.7,15.1,25.1,2.8,17.1,25,7.2,103.85
Idaho,Blaine County,66.9,59.1,74.3,79.1,69.6,88.6,2.4,3.4,1.6,2.6,4,1.4,72.5,73.7,87.2,71.3,89.9,4.7,9.9,86476,78206,37838,35611,40269,23868,93.8,84.5,0.5,0.9,0.9,0.1,6.9,6.2,23.4,8759,675,143,4,425,1764,763,0,834,32.4,27.3,39.1,19.6,14.8,25.9,22.9,16.4,31.5,14.4,25.2,0.3,10.6,16.3,3.2,166.15
Idaho,Boise County,49.1,48.5,49.7,65.3,62.4,68.1,1.5,1.2,1.8,1.6,1.1,2.1,63.6,83.1,84.3,17.3,70.6,7.1,11.6,82431,69896,34778,28980,42551,7549,94.8,91.5,0.2,0.4,1.7,0.2,0.8,5.2,5.2,3277,83,116,0,52,273,250,77,200,41.2,43,39.2,16.2,11.5,21.2,22.5,11,34.7,11.7,21,1.8,8.5,13.6,3.1,126.92
Idaho,Bonner County,50,45.9,54.1,69.5,63.7,75.4,3.7,3.3,4,3,3.3,2.8,65.9,65.3,75.8,53.2,77.5,8.1,11.7,73827,60175,32203,23412,39712,46481,95.4,92.6,0.3,0.8,0.7,0.2,0.9,4.6,3.6,18823,1004,970,31,445,2433,1386,95,1025,30.8,24.9,37.7,16.9,12.2,22.3,21.8,14.9,29.9,13.8,25.6,0.1,16.7,22.5,10,126.92
Idaho,Bonneville County,62.2,55.4,69.1,74.9,67.3,82.4,4.2,3.5,4.7,3.5,2.5,4.3,69,69,72.9,55.5,86.5,7.4,9.5,84774,70772,33303,23272,45209,121771,95.6,88.2,0.4,0.5,0.9,0.1,5.5,4.4,13.6,41693,3695,4308,456,2138,10420,7183,414,4961,38,37.8,38.2,18,12.2,25.2,21.6,15,29.8,9.9,17.1,0.9,12.6,17.9,5.9,126.92
Idaho,Boundary County,49,43.2,54.8,65.9,57.9,74.5,4.1,4.6,3.8,4,4.9,3.2,60.9,41.3,71,48.1,77.1,12.4,17.4,69263,55874,34056,26825,41092,11966,97.2,91.5,0.2,1.4,1.4,1,1.7,2.8,5.3,4503,192,358,51,53,799,581,0,310,27.6,24.7,31.1,21.5,13.8,31.1,22.8,16.6,30.6,12.9,22.1,1.4,15.2,22.7,5.7,103.85
Idaho,Butte County,48.2,44,51.9,62.2,61.1,63.2,2.9,0.5,4.6,2.6,0.5,4.3,61.5,52.5,77,40.4,66,20.1,23,59755,45292,34379,17995,42238,2573,95.3,94.8,0,0,0,0,0.5,4.7,6.5,939,25,100,6,10,187,100,14,99,32.6,34.7,29.9,17.5,7,31.1,9.9,3.1,18.7,18.5,31,2.3,21.5,24.2,18,103.85
Idaho,Camas County,53.5,41,69.6,60.9,47.1,82,2.4,0,4.1,0,0,0,47.1,0,80,43.2,82,5.1,14.4,66763,40730,38377,29839,57656,1044,94.1,93.6,0,0,0,0,0.5,5.9,7.3,335,14,44,0,12,68,98,0,27,42.8,39.7,46.9,14.6,11.5,18.6,17.8,5.1,34.5,17.5,30.8,0,7.3,12.8,0,103.85
Idaho,Canyon County,60.4,55,66,74.4,68.3,80.6,4.4,3.6,5,3.7,3.2,4.2,70.6,63.8,80.4,60,84.3,7.6,11.1,77308,66180,34127,26639,41416,227367,92.7,78.4,0.6,1,0.8,0.3,11.8,7.3,25.7,76711,7112,6173,443,3578,19393,9849,1337,7570,29.1,26.2,32.4,17.5,13.1,22.6,21.9,12.9,32.3,14.9,25.6,2.3,16.7,22.1,10.3,126.92
Idaho,Caribou County,61.3,54.3,67.9,76.6,67.9,84.8,2.7,1.9,3.3,3.1,2.2,3.8,69.4,66.2,71.9,39.1,88.8,5.8,6.7,77478,71426,27627,17950,45116,7003,97.5,94,0,0.2,0.3,0,3,2.5,6.7,2470,161,278,17,39,671,447,19,111,30.7,29.4,32.3,18.7,5.4,36.2,16.3,9,25.9,21.5,34.5,4.5,12.8,21.7,1.1,103.85
Idaho,Cassia County,63.7,55.1,72.2,77.7,69,85.6,3.1,3.3,3,2.4,2.4,2.3,70.8,62,78,49.9,88,6.8,10.1,69945,62726,33337,22808,41758,24469,93.2,83.3,0.1,1.3,0.4,0.1,8,6.8,27.8,8003,772,1019,31,268,2754,1489,61,568,28.6,25.5,32.8,16.4,8.2,27.4,15.6,7.8,26.1,17.4,28,3.2,21.9,30.4,10.5,103.85
Idaho,Clark County,62.6,56.4,68.5,72.6,67.7,79.1,1.6,3.1,0.4,2,3.2,0.6,69.9,62.9,93.8,50,79.6,1.9,5.2,59723,52416,28582,25783,29766,839,93,67.5,0.7,4.8,0,0,20,7,39.2,282,16,54,3,7,41,37,16,3,27,20.3,35.7,17.4,16.6,18.4,17.8,2.9,37.3,31.2,48.5,8.6,6.6,11.6,0,103.85
Idaho,Clearwater County,41.3,45.5,37.9,54.9,64.8,47.6,5.8,5.3,6.2,5.7,6,5.5,68.9,73,72.7,77.5,50.3,8.9,13.6,74786,55358,34465,25692,44340,8719,95.5,91.5,0.3,1.7,0.6,0.3,1,4.5,4.3,3474,182,85,34,65,485,212,44,119,28.7,26.2,31.3,23.8,15,33.1,19.2,10,28.8,13.9,25.8,1.4,14.4,23,5.4,126.92
Idaho,Custer County,42.6,40.4,44.6,58.5,58.1,58.8,4.8,1.3,7.4,6.1,1.6,9.6,59.1,58.8,49.7,70.8,65,10.8,15.1,69896,51953,20283,20372,20264,4273,90.9,89,0.1,0.6,0,0,1.2,9.1,4.6,1716,71,107,0,17,207,257,29,26,32.9,28.4,38.6,30.2,30,30.4,19.5,12.6,28.2,13.3,23.1,1,4,5.9,1.7,103.85
Idaho,Elmore County,46.5,42.9,49.8,54.8,51.4,57.9,6.9,7.1,6.7,5.9,5.8,6,63.5,58.1,79.5,57.6,85.1,11.1,14.3,62696,52838,34479,27809,40264,28396,90.1,78.6,2.6,2,2.8,0.5,3.6,9.9,17.8,10624,1031,893,19,417,1223,966,374,1144,23.4,17.8,30.7,21.2,18.3,24.8,18.6,13.2,25.5,17.8,28.3,4.2,19.1,22.4,14.8,103.85
Idaho,Franklin County,63.6,54.2,72.4,75.6,63,87.4,0.8,0.7,0.9,0.7,0.5,0.8,63.4,4.8,80.9,39.1,88.1,8.9,11.4,68961,61778,30575,17214,43417,14036,96.5,92.5,0,1.1,0.1,0,2.8,3.5,7,4531,239,880,17,0,1451,1203,22,294,26,23.7,29.2,15.5,7.2,27.3,17.5,11.3,26.3,15.3,24.7,2,25.7,33.1,15.2,103.85
Idaho,Fremont County,52.6,45.7,58.7,66.8,57.5,75.1,5.3,8.2,3.3,5,8.9,2.1,63.1,47.7,72,41.1,76.6,10.3,12,75801,67444,31705,22827,40448,13370,95.5,92.9,0.4,0.2,0.2,0,1.9,4.5,12.3,4288,288,500,0,120,1054,804,3,193,28,25.8,31.1,17.8,13.2,24.4,20.1,13.4,29.7,14.8,22.1,4.2,19.3,25.4,10.6,103.85
Idaho,Gem County,56.1,52.6,59.7,74.1,69.6,78.9,3.7,2.4,4.8,4,2.4,5.5,71.3,73.9,79.7,58.9,83.5,7.6,10.7,73793,65353,30596,23587,37063,18692,92.4,86.1,0.1,0.7,0.4,0,5.2,7.6,8.8,6943,381,372,14,199,1021,774,196,530,31.3,23.3,40.4,15.4,8.5,23.2,20,15.8,24.6,17.3,32.3,0.4,16,20.1,11.4,103.85
Idaho,Gooding County,60.1,52.8,66.9,73.4,64.3,81.4,5.6,4.5,6.4,3.4,2,4.4,65.6,76.5,75.1,54,85.2,10.6,15,72910,61840,33445,22967,38518,15422,92.9,83.4,0,1.7,0.3,0.2,7.2,7.1,29.8,5407,464,335,9,227,988,953,20,418,27.1,21.2,35.1,17,8.5,28.5,15,8.3,24.1,26,41.3,5.2,15,20.7,7.1,103.85
Idaho,Idaho County,47.5,44.8,49.9,65.1,63.6,66.4,4.2,5.1,3.6,4.7,5.2,4.2,67.1,79,71,66.4,69.4,8.5,11.8,67422,51784,31175,23255,39697,16494,97.5,92.8,0.1,3.4,0.5,0,0.7,2.5,3.6,6387,530,166,57,61,1088,500,112,357,29.6,24.3,36.1,23.3,20.2,27.2,17.6,7.5,30.3,15.8,26.6,2.2,13.7,21.4,4.1,103.85
Idaho,Jefferson County,64.7,51.9,76.9,75.1,60.9,88.8,3.5,5.3,2.3,3,4.8,1.7,64,68.5,63.9,41.3,90.3,5.9,8,83787,75316,33811,21510,45938,30427,95.1,89.1,0.1,0.8,0.3,0,4.9,4.9,10.6,9345,1123,1475,3,224,3160,3164,129,474,38.8,37.1,41.5,14.7,11.4,19.7,18.5,11,29.9,14.5,22.2,2.5,13.6,18.2,6.4,103.85
Idaho,Jerome County,64.2,53.8,74.4,76,65,86.5,3.8,3.8,3.8,3.4,3.4,3.3,67.3,60.2,74.7,55.1,89.5,12.9,15.8,69880,66795,32031,21157,40625,24081,89.4,81.4,0.1,0.8,0.8,0.3,6,10.6,37.5,7916,778,776,30,545,2138,968,147,946,26.9,22.6,32.8,14.6,6.7,25.7,18.3,12.4,26.7,22.3,33.2,6.9,17.9,25,7.9,103.85
Idaho,Kootenai County,58.9,55.7,62.1,75.3,71.7,78.9,3.6,3.2,3.9,3.2,3,3.3,73.9,66.9,76.8,71.3,81.6,6.3,9.3,83286,70780,36650,29591,45373,168317,94.6,90.9,0.3,1.2,0.8,0.1,1.2,5.4,5,64914,5496,3275,165,1812,12575,4486,920,3904,34.7,30.4,39.3,18.2,14.6,22.1,23.9,16.3,32.2,11.5,21.3,1,11.7,17.5,5.4,126.92
Idaho,Latah County,60.8,57.5,63.8,73,70.1,75.6,5.4,4,6.4,4.6,2.8,6,72.1,66.1,75.1,67.9,80.5,6.3,16.2,91658,61774,28258,23312,32940,39464,95,89.9,1.2,1,2.2,0.1,0.7,5,4.6,15706,1137,799,23,246,2364,1001,110,771,44.4,43.6,45.3,17.8,14.8,21.5,19,12.3,27.1,8.1,13.9,1.2,10.6,15.4,4.9,166.15
Idaho,Lemhi County,48,41.9,53.6,66.5,58.6,73.8,3.5,0,5.8,4.1,0,6.9,58.6,29.4,83.5,83,79.8,8.9,12.4,68973,50254,28441,18184,36407,7948,95.7,93.5,0,0.9,0.2,0.1,1,4.3,3.5,3361,223,16,43,77,669,138,13,145,33.6,29,39.8,17,11.7,24.3,18.6,13.5,25.7,14.6,21.3,5.3,16.2,24.5,4.9,126.92
Idaho,Lewis County,44.5,40.5,48.6,62.3,58.2,66.3,3.6,5.9,1.6,3.9,6.1,1.8,62.1,65,66.9,53.4,67.5,9.7,16.2,64980,47991,32788,24525,40756,3613,94.3,82.3,1.1,5.8,1.2,0,3.8,5.7,4.9,1556,74,42,3,60,164,191,29,104,33.4,31.1,36,18.2,9.6,28.3,17.3,6.6,29.9,17.9,32.6,0.7,13.2,20.1,5.1,103.85
Idaho,Lincoln County,62.7,58.9,66.2,74.6,68.3,80.2,6.7,1.3,10.7,7.5,1.6,11.6,69.4,79.8,83.1,40.7,91.2,8.2,12.4,68012,61027,33688,24760,43373,5184,90,82.1,0,0.6,0.5,0,6.8,10,31.5,1798,101,121,4,214,527,225,6,133,26,20.4,32.7,19.1,11.2,28.6,18.3,8.6,30,21.9,37.9,2.4,14.8,21.8,6.2,103.85
Idaho,Madison County,63.9,57.8,69.8,70.9,65.5,75.7,6.5,6.3,6.7,6.3,5.6,6.9,69.4,41.9,70.4,51.9,81.3,15.9,24.3,65169,58313,15627,11014,23111,50979,96.1,91.5,0.5,0.2,1.5,0.2,2.1,3.9,8,11289,1734,3147,254,153,4053,2832,109,698,37.5,31,45.4,20.1,17.4,23.4,23.4,22,25.1,8.3,13.4,2.1,10.7,16.3,3.9,103.85
Idaho,Minidoka County,61.1,53.2,68.9,76.4,69.3,83.2,3.9,5.2,2.8,2.8,3.2,2.5,71.6,71.7,88.5,51.6,85.3,14.1,18,67000,61193,33188,23994,42172,21393,92.1,81.2,0.1,1.8,0.2,0,8.9,7.9,35.6,7363,718,667,1,351,1833,754,74,838,23.8,22.8,25.2,14,9.2,20.3,17,5.6,31.9,20.7,32.9,4.6,24.5,29.5,18,103.85
Idaho,Nez Perce County,59.1,56.7,61.6,75.3,74,76.7,3.3,3.4,3.2,3,3.1,2.8,76.4,77.1,85.8,64.7,79.1,10.2,14.6,89182,67373,39323,32949,46890,41820,96.1,88.9,0.1,5.4,0.9,0.1,0.7,3.9,4.4,16848,896,396,38,639,2677,592,424,1120,33.1,25.3,41.5,17.5,15.4,19.8,21.4,14.2,29,11.3,21,1,16.7,24.2,8.7,126.92
Idaho,Oneida County,61.4,58.9,64.1,78.3,73.9,82.5,0.3,0,0.6,0.4,0,0.7,73.9,90.3,90.3,58.3,83.1,11.8,11.6,79562,70595,36970,23832,54321,4514,97.8,95.5,0.1,0.3,0,0,2,2.2,4.5,1760,180,71,0,6,568,155,0,104,35.4,28.8,42.4,17.8,12.9,23.1,15.8,8.9,23.2,9.1,17.5,0,21.9,31.9,11.2,103.85
Idaho,Owyhee County,56.8,48.6,64.7,71.9,62.8,80.9,2.9,2.9,2.9,2.1,3.1,1.3,64.7,39.4,72.8,67.2,82.4,8.8,15.2,67210,59589,32464,21762,43755,11815,93.6,76.4,0.4,3.1,0.2,0,13.4,6.4,26,4232,163,474,0,132,721,413,74,643,25,23.4,27.1,15.2,6.2,27.8,16.4,5.4,31.6,25.2,39.6,5.4,18.2,25.5,8.1,103.85
Idaho,Payette County,57.6,48.3,67,71.6,61.1,82.2,4.3,6.5,2.5,3.3,4.5,2.4,64,57.7,69.3,60.1,84.4,8.7,10.8,74588,64899,37859,29027,42228,24928,93,84.5,0.2,0.8,0.7,0,6.7,7,17.8,9272,638,607,18,543,2060,1244,9,692,29.3,22.5,38.6,16.8,12.2,23.1,15.6,9.1,24.4,16.9,27.4,2.6,21.4,28.8,11.2,103.85
Idaho,Power County,63.6,50.5,75.2,77.4,61.9,91.5,5.9,8.1,4.5,4.2,6.2,2.9,66,64.1,83.3,34.9,94.3,7.3,9.7,65312,56806,33296,22070,41347,7854,95.8,75.8,0,5.8,0,0,14.2,4.2,34.5,2697,125,361,2,27,630,577,5,380,27.1,23.2,33.5,15.3,9.3,25.3,16.7,8.3,30.6,22.1,33.5,3.2,18.8,25.8,7.4,103.85
Idaho,Shoshone County,50.8,47.6,54.1,63.5,59.5,67.3,6.3,4.3,7.9,6.5,4.3,8.2,62.2,55.3,75.6,65.3,73.4,9.1,15.1,63114,47075,30154,21464,37941,13124,95.3,92.1,0.8,1.9,0,0.3,0.2,4.7,3.8,5431,253,395,3,248,480,267,171,454,26,20.6,32.1,21.8,13.8,30.9,21.1,13.5,29.6,17.1,31.3,0.9,14.1,20.8,6.4,103.85
Idaho,Teton County,70.6,63,77.4,82.6,74.1,90.1,3.4,1.7,4.7,3,0.1,5,74.2,83.5,81.8,53.3,94.9,6.7,8.1,91610,82662,39553,33681,44868,11490,94.2,86,0,1.8,0,0,6.4,5.8,16.5,4199,412,287,0,258,1013,340,0,293,42.7,45,39.7,20.2,19.2,21.6,18.5,7.5,33.5,14.2,23.6,1.7,4.3,4.8,3.6,166.15
Idaho,Twin Falls County,61.5,54.4,68.8,76.2,68.4,84,3.7,4.9,2.7,3.2,4.4,2.1,71.6,62.8,78.4,53.1,86.4,8.7,13,73650,62599,34422,25599,43949,89128,92.9,85.6,0.7,0.5,1.6,0,4.5,7.1,17.1,32455,2430,2797,86,1558,7133,4616,383,2492,33.3,28.3,39.3,15.9,12.1,20.6,19,13.4,25.9,12.8,21,2.9,19,25.2,11.3,103.85
Idaho,Valley County,50.2,47.3,53.1,69.8,65.4,73.8,0.7,1.4,0.2,0.8,1.6,0.2,66.4,91.5,76.3,35.4,73.9,2.6,10.6,86426,73606,28798,20354,36697,11476,98.2,97.5,0.1,0,0.1,0,0.6,1.8,4.8,3690,369,101,19,20,653,91,48,179,31.5,36.4,26,15.9,8.3,24.5,32.9,23.8,43.3,10.7,19.9,0.2,9,11.6,6,126.92
Idaho,Washington County,48.3,40.7,56,66.1,57,75.4,6.6,11.9,2.2,7.2,12.9,2.2,65.4,91.4,84.8,43.3,77.7,12,13.8,59026,49121,29949,21381,37976,10425,95,85.6,0.1,0.4,0.2,0.3,8.3,5,16.9,4112,164,249,1,208,707,356,15,399,26.2,27.8,24,24.9,18.3,33.8,16.7,8.5,27.9,14.1,21,4.9,18.1,24.4,9.5,103.85
Illinois,Adams County,62.6,60,65.4,79.2,77.7,80.7,4.2,4.1,4.3,3.7,3.2,4.2,80.2,85.4,84.5,78.2,84.5,8.7,11.9,84034,63860,39601,33208,46688,65878,97.1,92.1,4,0.1,0.6,0,0.2,2.9,1.7,27174,2466,719,77,1072,5039,1019,223,2073,33.4,28.7,38.3,17.8,13.5,22.3,22.7,15.1,30.5,8.6,16,1,17.5,26.7,7.9,30.15
Illinois,Bond County,49.4,52.1,46.9,59.7,66.4,54.1,3.8,2.8,4.7,3.6,2.8,4.5,68.5,80.1,74.8,42.9,57.1,10.2,15.1,74755,58483,31273,24897,36911,16804,98.9,90,7,0.7,1,0,0.2,1.1,3.7,6094,211,243,101,79,1081,379,88,474,28.3,27.2,29.5,22.6,15.6,29.5,19.6,9.7,29.4,10.6,21.1,0,18.9,26.3,11.5,37
Illinois,Boone County,61.6,55.5,67.8,75.7,68.8,82.5,8.2,10.2,6.5,7.5,9.8,5.6,76.2,67.5,80.7,82.5,87.9,6.1,9.3,97575,80743,38729,31911,54574,53592,95.6,83.8,2.7,0.3,1,0,7.8,4.4,22.8,18897,995,482,87,810,4618,1152,71,1711,30.9,28.3,34,17.3,12.9,22.6,19.7,14,26.5,10.8,19,1,21.3,25.9,15.8,163.05
Illinois,Champaign County,58.5,56.2,60.8,71.8,70,73.5,5.1,4.6,5.5,4.8,4.4,5.2,73.2,83.3,83.4,75,77.6,8.2,18.3,96070,62064,34143,30364,38296,206583,95,70,13.1,0.1,10.7,0.1,1.1,5,6.3,81835,5829,2262,270,3593,11797,3608,634,7052,48.3,47.5,49.3,16.7,13.5,20.2,18.3,12.6,24.5,5.6,10.1,0.8,11,16.4,5.3,51.55
Illinois,Christian County,52.5,53.1,51.9,66.8,70.6,63.5,5.4,4.3,6.6,4.9,3.5,6.1,73.2,81.3,83.7,67.3,67.7,6.5,10.6,76798,57975,38058,30236,46024,34038,98.5,95.9,1.6,0.1,0.7,0.1,0.1,1.5,1.7,13567,1047,426,223,330,2101,594,56,1153,31.5,25.6,37.6,21.2,16.9,25.7,20.2,10.6,30,10.5,20.3,0.5,16.6,26.7,6.2,41.65
Illinois,Clinton County,60.6,60.4,60.8,73.9,75.8,72.2,3.4,2.8,3.9,3,2.7,3.3,78.5,92.7,86.1,69.1,75,5.1,7.4,97084,78990,44506,35075,53823,37048,96.6,92,3.4,0,0.6,0,0.5,3.4,3.2,14255,1586,416,15,364,2879,744,102,844,39,31.7,47,15.6,10.7,21.1,16.1,8.1,24.9,12,22.2,0.8,17.2,27.2,6.2,40.9
Illinois,Coles County,58.6,56,61.5,72.7,71.3,74.3,7.4,6,8.7,7,5.3,8.5,75.4,74.3,78,76.9,81.2,12.4,19.8,70322,52902,29104,24776,33480,47542,97.3,91.6,3.9,0.1,1.1,0,0.6,2.7,2.8,20269,991,473,51,700,2381,617,81,1716,34,27.8,40.3,20.4,16,24.9,20.5,15.9,25.1,7.4,14,0.6,17.7,26.3,9,35.25
Illinois,Cook County,61.3,56.9,66.1,74.5,70.5,78.6,7.3,7.3,7.2,6.9,7,6.8,75.9,74.3,77.6,66.1,84.4,9.9,13.5,97613,78612,46801,40906,53435,5265398,93,52,23,0.4,7.5,0,9.9,7,25.6,2044658,143947,76577,6327,100106,292336,136777,18003,236862,43.6,39.9,47.6,16.9,14.6,19.4,20.3,15.3,25.7,5.8,10.8,0.5,13.4,19.4,6.8,82.6
Illinois,DeKalb County,63.6,61.3,66,76,73.3,78.6,7.4,6.8,7.9,6.5,5.9,7,77.9,75.2,84,72.1,84.7,10.9,15.6,93255,69781,33503,25215,43508,100922,95.3,81.1,7.9,0.2,2.3,0,3.8,4.7,11.8,38931,2779,1405,75,1704,7017,1948,318,4084,34.5,29.2,40.1,20.1,15.6,24.8,20.9,14.8,27.4,9.2,17.3,0.6,15.3,23,7.1,70
Illinois,DuPage County,65.7,60,71.7,80,74.3,85.6,4.8,4.4,5.2,4.5,4.1,4.8,77.6,73.3,78.2,66.4,90,4.3,6.1,133344,109318,54346,42303,67563,934094,94,72.6,4.9,0.2,12.3,0,4,6,14.5,347385,33065,18686,856,9552,77079,31411,3182,23734,48.1,46.9,49.5,12.6,9.7,15.9,22.6,17.6,28.4,5.4,9.8,0.4,11.2,16,5.8,75
Illinois,Effingham County,65.1,60.5,69.6,79.2,75.8,82.4,2.6,1.4,3.7,2.7,1.3,3.9,76.8,69.9,88.5,78.4,85.8,7.2,10.5,87575,71493,41001,32934,48814,34576,98.6,96.5,0.6,0.1,0.6,0,0.8,1.4,2.2,14104,1300,448,24,532,3224,562,113,734,32.8,26.4,40.2,15.9,10.3,22.2,21.4,14,30,10,18.7,0.1,19.8,30.6,7.5,26.3
Illinois,Fayette County,49,50.4,47.7,61,66.5,56.7,4.2,3.5,4.9,4.3,3.1,5.3,68.7,75.8,85.2,56.1,59.8,12.4,17.2,68570,52041,30373,26051,36936,21514,98.7,93.4,4.4,0.1,0.4,0.3,0.2,1.3,1.9,7609,513,300,42,352,1301,461,118,707,27.9,21.4,34.9,19.2,16.7,21.8,21.4,10.2,33.6,13,23.7,1.3,18.6,28,8.3,34.1
Illinois,Fulton County,51,53.3,49,65.6,71.7,60.7,7.3,4.3,10,6.2,3.2,8.8,74.1,86,85.3,78.6,66.6,10.3,14.8,73006,58251,34223,29628,39238,34022,97.6,93.1,3.2,0.4,0.1,0,0.7,2.4,3.1,13893,782,201,8,530,2110,608,133,1059,32.4,23.2,41.8,19,16.8,21.3,19,11,27.3,12.3,22.4,2,17.3,26.6,7.7,58.7
Illinois,Grundy County,64.1,57.5,70.8,77.7,70.8,84.5,4.7,4.2,5.1,4.5,4.1,4.9,73.8,72.8,78.6,57.1,88.9,4.1,6.1,106066,89123,48904,37596,64724,52364,96,91.6,1.3,0.1,0.7,0,2.3,4,10.5,20159,1714,921,49,434,4279,2046,82,1714,33.9,27.4,41.8,14.8,11.5,18.7,20.7,13.1,29.8,11.9,21.2,0.7,18.7,26.8,9,37.5
Illinois,Hancock County,56.3,52.8,59.9,74.9,72.7,76.9,4.7,5.2,4.2,3.6,3.4,3.8,75.3,75.7,82.7,76.4,80.8,9.5,12.5,83856,63425,38998,29154,50755,17750,97.8,96.2,0.7,0,0.4,0,0.6,2.2,1.7,7368,482,205,82,229,1515,334,37,483,32,26.6,38.1,14.3,6.8,22.7,21,13,30,13.3,24.2,0.9,19.5,29.4,8.3,100
Illinois,Henry County,58.9,55.3,62.6,77.5,73.8,81.2,4.4,5.2,3.6,3.7,4.6,2.9,77.4,89.8,86.9,69.5,83.6,6.1,10,86943,67686,42494,33650,51898,49412,96.9,91.8,2.2,0.1,0.5,0,2.3,3.1,6,20109,1363,407,46,841,3604,1063,252,1961,33.2,26.1,41,16.7,13.8,20,22,14.2,30.7,11.7,21.3,1,16.4,24.6,7.3,39.75
Illinois,Kane County,65.9,60.4,71.5,78.8,72.8,84.7,5.2,5,5.3,4.8,4.7,4.8,76.4,70.3,79.5,67.5,89,6.1,8.4,113132,96939,44826,35278,55592,518648,91.4,68.8,5.4,0.6,4,0.1,12.5,8.6,32.2,181263,16069,9290,495,7812,44355,16761,1754,18308,36.7,34,39.8,16.2,13.6,19.3,23.1,16.8,30.4,7.5,13.5,0.5,16.5,22.1,9.9,71.35
Illinois,Kankakee County,58.4,56.1,60.7,73.4,70.9,75.9,5.4,5.2,5.5,4.6,4.4,4.8,74.2,73,81.5,74,79.9,9.4,13.2,83081,67214,37439,30464,47149,108104,95.7,77.2,14.6,0.3,0.8,0,2.8,4.3,11,40346,2596,1149,134,2422,7724,2016,694,4405,30.2,25.4,35.2,19.5,16,23.1,20.3,11.7,29.2,9.6,18.2,0.7,20.4,28.7,11.8,34.9
Illinois,Kendall County,69.5,63.6,75.5,81.1,74.7,87.6,4.3,4.3,4.2,3.4,3.8,3,77.6,83.3,75.8,71.4,90.5,3.1,4.4,117700,110979,52355,42109,63883,130757,92.2,76.3,8.2,0.3,2.9,0,4.5,7.8,20.1,43225,4907,2414,185,1476,13811,5741,522,4123,40.3,34.2,47.4,13.3,11.4,15.6,23.7,16.6,31.9,9.6,16.1,2,13.1,21.7,3.1,57.5
Illinois,Lake County,63,57.8,68.2,76.2,71.3,81,5.5,5,5.9,5.2,4.6,5.6,75.5,76.1,77.8,66.8,88.4,5.2,7.6,128220,105868,47640,38779,57251,714484,93,69.9,6.7,0.5,8.2,0.1,7.5,7,22.3,252731,23227,11449,1022,9544,60179,24008,3099,24339,45.6,44.1,47.5,14.4,12.5,16.6,21.6,16.4,27.8,5.8,10.3,0.4,12.5,16.6,7.6,96.09
Illinois,LaSalle County,59.3,55.7,62.7,74,71.5,76.2,5.8,5.2,6.4,5.3,4.9,5.7,75.3,71.8,83.3,65.8,80.8,10.2,13.7,82869,68479,38392,28692,52207,109986,96.3,89.5,2.7,0,0.9,0,3.2,3.7,10.1,44873,2693,1482,81,2111,6608,2284,257,4647,28.5,22.6,35.3,18.5,11.7,26.5,19.5,11.1,29.2,11.1,19.9,0.8,22.4,34.7,8.3,40
Illinois,Lee County,53.7,56.2,51.5,67.9,74.6,62.6,3.6,3.8,3.4,3.4,3.9,2.8,77.6,76.4,88.3,73.4,64.5,7.1,12,89356,67853,40205,30233,50333,34373,96.2,89,5.4,0,0.7,0,1,3.8,6.6,13508,940,435,35,438,2378,568,80,1242,34.1,26.4,42.2,18.5,13.3,24,15.7,7.2,24.6,10.5,20.1,0.3,21.3,33,8.8,48
Illinois,Livingston County,55.3,53.2,57.4,70,70.6,69.5,4.5,4.2,4.8,4.1,4,4.3,73.6,80.5,84.9,58.2,72.6,8.8,11.9,84234,66947,39343,31261,48262,35902,96.8,91.2,3.6,0,0.6,0,1.3,3.2,5,14431,821,509,0,609,2503,732,66,1377,28.8,20.3,38.1,18.7,13.6,24.2,18.5,10.7,27.1,10.1,18.5,0.9,24,36.9,9.8,68.75
Illinois,McHenry County,66.8,61.8,71.9,80.9,75.6,86.2,5.1,5.3,4.8,4.6,5,4.2,79.6,73.6,83,72,90,4.6,6.3,118462,102243,48972,38039,61948,310749,94.8,88.7,1.5,0.2,2.7,0,1.7,5.2,13.8,114446,9624,5125,594,3334,28410,8636,1141,9122,39.7,34.4,45.8,14.4,12.1,17.1,23.3,18.1,29.3,9.1,16.4,0.5,13.5,19,7.2,76.65
Illinois,McLean County,61.7,58.5,65,75.1,71.7,78.6,3.2,2.9,3.5,2.9,2.6,3.2,73.6,70.8,84.6,74.1,81.2,8.5,15.7,107908,76670,41456,32660,51990,171455,96.4,81.9,8.3,0.2,5.1,0,0.9,3.6,5.2,67900,5798,2288,340,2410,13246,2772,606,5837,45.2,43.7,46.8,16.5,14,19.1,22.8,16.8,28.9,6,10.6,1.1,9.6,14.9,4,90.65
Illinois,Macon County,54.2,51.4,57.3,69.6,66.2,73.4,8.1,6.8,9.3,8.1,6.9,9.2,71.1,80.2,81.1,75.3,80.9,10.5,15.3,82782,60990,38518,31179,48269,104331,95.2,76.7,16.3,0.2,1.3,0.1,0.7,4.8,2.4,43264,3135,1102,45,2459,6757,2221,424,4185,33.6,29.2,38.1,17.8,12.8,22.9,21.4,12.8,30,8.5,16.3,0.6,18.7,28.9,8.4,46.9
Illinois,Macoupin County,54.7,51.1,58.4,70.6,68.5,72.7,4.9,4,5.7,4.2,3.3,5,70.8,76.3,76.9,70.9,76.5,10.8,15,76879,63467,38353,32188,46517,45152,98.1,96.1,1,0.2,0.4,0,0.4,1.9,1.3,17649,1060,512,94,710,3054,795,236,1703,30.9,22.3,40.1,19.4,15.4,23.8,19.7,11.1,29.1,12.5,23.7,0.4,17.4,27.5,6.5,36.45
Illinois,Madison County,60.2,56.7,63.9,75.3,72.2,78.5,5.3,5.2,5.4,4.9,4.8,4.9,75.8,83.7,83.2,78.5,82.9,8.1,12.2,92673,72901,43223,34816,52540,266112,96.4,85.9,8.6,0.1,1,0,0.8,3.6,3.5,108237,8647,2750,489,4114,19105,5304,1223,9427,36.9,31.2,42.9,18.1,14.9,21.5,20.9,13.7,28.5,9.3,17.7,0.5,14.8,22.6,6.7,95.25
Illinois,Marion County,54.7,52.3,57.2,68.9,66.5,71.4,9,8.7,9.3,9.1,8.7,9.5,72.8,83.1,85.5,74.5,79.1,12.3,16.9,75260,57998,34997,27928,42114,37781,97,92,3.8,0,0.6,0,0.5,3,2.2,15294,863,427,56,1123,2226,568,245,1736,28.4,23.8,33.1,20.1,13.8,26.5,18.7,10,27.7,8.4,15.8,0.7,24.4,36.5,11.9,29.55
Illinois,Monroe County,66.9,63.6,70.4,84,82.2,85.9,2.4,2.5,2.3,2.4,2.5,2.3,84.3,96.4,95.5,79,88.3,2,3.2,120150,101316,51546,44132,60843,34732,98.9,96.9,0.2,0.1,0.9,0,0.7,1.1,1.6,13479,1664,251,41,347,3579,414,194,584,44.3,38.8,50.2,14.6,10.6,18.8,21.8,15.7,28.3,9.4,17.8,0.4,9.9,17,2.4,41.65
Illinois,Morgan County,52.8,51.2,54.3,67.3,69.9,65.1,6.3,4,8.3,6.4,3.9,8.6,72.8,67,89.1,84,71.5,8.1,13,77881,60234,36152,27965,43832,33189,96.9,88.7,6.4,0.2,0.7,0,0.8,3.1,2.7,13187,1019,315,72,487,1786,450,126,1377,31,23.3,39.5,20.1,16.5,24.1,19.2,13.9,25,9.3,17.3,0.6,20.3,29,10.8,36.35
Illinois,Moultrie County,59.6,50.2,69.6,73.9,65.4,82.7,3.8,1.6,5.3,4.3,1.7,6.3,66.8,51,82.2,43.2,89,5.9,8.6,91742,73367,41750,28395,53335,14634,98.2,96.8,1,0.1,0.2,0,0.2,1.8,1.6,5753,197,523,0,174,1160,514,0,612,31.4,24.9,39.9,11.9,6.3,19.3,17.6,12.6,24,13,22.1,1,26.1,33.9,15.9,30.4
Illinois,Ogle County,59.1,54,64.4,76.3,72.1,80.4,6.5,6.1,7,5.6,4.6,6.4,75.6,79.5,78.5,66.6,85.9,5.2,8.8,89242,73612,39359,29082,49729,51787,94.8,91.3,1.2,0.3,0.5,0.1,1.5,5.2,10.6,20771,1337,931,51,718,3621,1567,239,1635,32.5,27,38.8,16.2,12.7,20.1,20.1,13.3,27.9,10,17.9,0.9,21.3,29,12.3,71.45
Illinois,Peoria County,56.8,54.2,59.5,71.8,69.4,74.3,7.3,6.5,8.1,7,6.5,7.5,74.4,76.6,81.7,69.9,80.4,10.3,15.6,84968,63684,39743,32937,48821,182439,95,71.2,17.6,0.2,4.3,0,1.6,5,5.1,75352,5225,2995,272,4406,11200,4099,416,8955,41.7,38.2,45.2,19.5,15.8,23.3,19.4,13.5,25.4,7.1,13.3,0.7,12.3,19.2,5.4,59.05
Illinois,Randolph County,50.4,53.3,48.3,62.3,73.9,54.9,4.7,3.8,5.5,4.8,4,5.5,77,85.2,90.2,78.9,58.4,9.2,13.2,81588,63321,38327,29407,48405,30632,98.4,85.7,10.7,0.1,0.7,0,1.2,1.6,3.4,11538,779,243,31,506,2110,395,97,938,24.7,18.1,32.9,21.3,17.6,25.8,20.3,12.5,29.9,11.6,19.9,1.4,22,31.8,10.1,56.25
Illinois,Richland County,59.8,56.5,63.3,77.5,74.5,80.5,4.7,3.8,5.5,4.3,4,4.5,77.6,78.7,89.9,82.5,84.3,8,13.5,79563,65360,35642,30543,43435,15876,98.1,95.4,0.6,0.1,0.7,0,1.4,1.9,1.8,6381,645,67,0,324,1296,105,36,477,28.1,22,34.6,18.8,16.4,21.5,19.8,8.4,32.2,8.8,16.7,0.2,24.5,36.4,11.5,34.65
Illinois,Rock Island County,57.6,54.3,61,72.8,70.5,75,6.6,6.6,6.5,6.2,6.1,6.3,75.2,81.3,81.7,77,80.3,10.9,14.7,83648,64282,37240,30565,44991,144694,94.4,77.1,11,0.3,2.6,0.2,3.4,5.6,13.3,60694,3523,1410,214,3917,9273,2941,591,6055,32.8,27.5,38.6,17.9,13.7,22.5,20.1,12.7,28.1,7.9,14.3,1,21.2,31.8,9.9,43.75
Illinois,St. Clair County,59.3,57.5,61.3,72.5,71.5,73.6,5.7,5.1,6.4,5.4,4.7,6.1,75.9,79.8,80.5,74.5,82.1,9.6,13.6,89760,68689,39814,33930,46686,258597,94.9,62.6,29.2,0.1,1.5,0,1.5,5.1,4.3,100079,6747,2775,317,6761,15688,4932,1261,14343,37.1,32.2,41.9,18.8,15.8,21.8,21.8,14.6,28.8,7.6,14.9,0.5,14.6,22.5,6.9,36.45
Illinois,Saline County,51.7,49.3,54.3,65.6,63,68.2,7.4,7.3,7.5,6.9,6.3,7.6,67.2,75.4,77,70.2,73.8,13.4,17,67546,51820,35301,26312,43549,23869,96.8,92.8,2.7,0.1,0.7,0.2,0.3,3.2,1.8,10026,612,368,36,479,1287,666,149,748,34,25.3,43,18.9,16.6,21.2,21.8,14.8,29,12.8,24.9,0.3,12.5,18.3,6.6,35
Illinois,Sangamon County,58.8,56.2,61.8,74.9,73.1,76.8,5.4,4.7,6,5.1,4.5,5.7,76.7,78.6,86.6,82.3,81.8,9.5,14.1,96662,72102,44233,38842,50585,196759,96,80.6,12.7,0.1,2.1,0,0.5,4,2.4,84630,5522,1831,193,4103,12778,2610,770,9596,44.3,39.6,48.9,17.2,15.9,18.6,21.6,14.9,28.2,6.5,12.4,0.7,10.4,17.2,3.7,40.85
Illinois,Stephenson County,56,52.7,59.5,73.8,71.8,75.9,6.8,7.1,6.6,6.5,6.4,6.6,76.7,80.3,85.2,88.1,82.5,11.1,14.1,73985,58649,34069,28041,42771,44817,95.1,84.4,9.4,0.2,0.8,0,0.4,4.9,4.3,19253,1116,268,151,1182,2709,779,317,2081,32.1,26.9,37.5,16.1,13.8,18.6,21,10.5,32.1,10.9,20,1.2,19.9,28.8,10.5,23.65
Illinois,Tazewell County,58.7,54.9,62.5,75,72,78,4.3,4.1,4.4,4,3.8,4.1,74.8,75.4,82.8,68.6,81.7,5.9,8.9,95171,75057,43801,34118,54656,131977,97.9,95.1,1.3,0.1,1,0,0.3,2.1,2.5,53719,3778,1871,156,1731,11083,3778,307,3701,38.1,33.7,42.9,17.6,13.8,21.8,21.4,13.1,30.5,9,16.7,0.4,14,22.6,4.4,54.15
Illinois,Vermilion County,51.5,49.7,53.3,66.2,65.5,66.9,6.6,6.9,6.4,6.3,7,5.6,70.6,75.2,85.2,75.8,70.9,13.5,18.6,70854,53479,37100,30387,45318,74953,97,81,14.4,0.1,0.9,0,0.6,3,5.3,29747,1394,718,172,1888,4373,1294,474,3725,28,21.7,34.8,20.4,14.4,26.8,20.1,12.5,28.2,9.4,17,1.2,22.1,34.4,9,37
Illinois,Warren County,56.6,54.6,58.6,71.9,69.8,73.9,8.4,7.1,9.6,8.4,7.1,9.5,75.2,73.5,81,52.1,82,9.1,12.2,79380,65044,34070,24199,47188,16887,98.4,87.1,3.9,1.2,1.5,0.3,4.4,1.6,10,6818,367,204,48,319,983,272,38,969,30.9,27.1,34.9,18,13.5,22.7,22.1,11,33.7,6.9,13,0.5,22.1,35.4,8.2,69.45
Illinois,Wayne County,54.1,47.8,60.5,71.4,63.7,79,3.9,4.1,3.8,3.8,4,3.7,66.3,64,73.8,58.8,82.5,10.7,14.5,72036,56179,37811,27263,45203,16250,99.3,96.5,1.1,0.1,0.3,0,1.2,0.7,1.6,6796,442,299,0,271,1117,527,82,530,29.2,21.8,38.3,17.2,13.1,22.2,19.8,12.5,28.8,12.5,21.6,1.3,21.3,30.9,9.5,133.48
Illinois,Whiteside County,59.3,54.7,63.9,77.5,73.2,81.7,4.1,3.7,4.4,3.8,3.3,4.2,75.7,83.7,85,84.6,85.3,9,12.1,81352,65195,38080,28184,46432,55932,95.3,91.9,1.1,0.1,0.6,0.1,1.5,4.7,12.5,23194,1680,541,8,974,3724,729,48,2851,28.7,24,34,17.8,12.7,23.7,20.6,12.6,29.7,9,15.9,1,24,34.7,11.6,43.75
Illinois,Will County,65.2,60.8,69.8,78.2,73.9,82.5,5.2,4.7,5.6,4.7,4.2,5.1,77.1,74.8,79.9,66.4,87,5,6.8,120820,104369,48554,37206,61011,696403,93.9,70,11.4,0.4,5.7,0,6.2,6.1,18.1,237043,23391,11723,712,8590,63742,23804,2482,22355,38.3,33.2,44,15.1,12.3,18.4,21.8,15.5,28.9,8.3,15.1,0.6,16.5,24,8.1,58.35
Illinois,Williamson County,55,53.4,56.6,70.9,71.3,70.6,4.7,3.8,5.6,3.9,3.1,4.7,73.6,71.2,87.2,64.7,74.7,10.4,13.9,80166,59603,39151,35055,45345,67271,96.7,90.1,4,0.2,1.3,0,1,3.3,2.8,28057,1650,812,23,1437,4704,1116,256,2370,38,30,46.3,19.6,18.6,20.7,19.8,13.1,26.9,9,17.1,0.5,13.5,21.2,5.5,28.4
Illinois,Winnebago County,58.1,54,62.5,72.9,68.8,77.2,7.9,7.6,8,7.3,7.3,7.2,74.2,80.4,78.9,72.1,83.3,11.8,15.9,77686,62979,37458,30983,45613,285471,94,74.6,13.3,0.3,2.8,0,3,6,13.5,115240,5982,3360,296,8072,16410,7268,964,13899,31.8,27.7,36.3,17.3,11.6,23.5,20.8,14.8,27.3,7.8,14.2,0.7,22.3,31.7,12.1,43.15
Iowa,Adair County,60.8,57.3,64.2,76.7,76.4,76.9,4.7,5.6,3.9,3.4,4.1,2.8,79.6,94.7,87.4,81,79.2,6.8,11.5,86787,63159,39377,35892,45075,7439,99,97.1,0.6,0,0.9,0,0.4,1,2.5,3180,223,49,76,55,592,86,105,235,32.9,29.1,37.3,14.8,11,19.3,19.9,10.7,30.4,15.1,25.1,3.8,17.2,24.1,9.2,106.62
Iowa,Adams County,57,50.3,63.8,75.1,68,82,3.9,3.8,4,4.4,4.3,4.4,71,95.9,96.3,38.2,85.8,5.3,11.7,80056,63199,39811,36226,46552,3697,97.3,95.9,0.1,0.5,0,0,0.9,2.7,1.5,1529,137,61,1,36,183,148,5,81,38.9,38.2,39.8,17.8,6.7,31.5,15.4,11.1,20.7,6.2,11.2,0,21.8,32.9,8,107.71
Iowa,Allamakee County,61.2,56.7,65.5,78.1,74.9,81,3.5,1,5.6,4,1.1,6.3,75.8,80.5,84.7,56,86.4,7.5,10.5,80422,64812,41651,32115,49352,14068,98.2,94.5,1.7,0.9,0.6,0,0.6,1.8,7.2,5814,599,264,0,172,1148,503,40,226,30.9,26.6,36,12.5,6.3,20.1,20.4,11.5,31.2,18.4,32.3,1.5,17.8,23.4,11.2,106.88
Iowa,Appanoose County,49.3,46.9,51.8,64,62.3,65.7,6.2,4,8.2,5.6,3.5,7.5,64.6,82.3,70.1,57.2,71,11.7,19.4,61562,51121,36271,32042,43556,12310,97.3,96,0.2,0.7,0.3,0,0.1,2.7,2.3,4920,218,281,32,229,703,448,71,379,29.6,20.7,39.1,12.8,8.2,17.8,21.7,13.3,30.8,12.3,22.5,1.3,23.6,35.4,11,104.23
Iowa,Audubon County,63,57.2,69.1,82.7,78.4,87.1,1.9,0.7,2.9,1.4,0.8,1.9,79,95.5,62.6,94.2,89.2,6.6,11.3,74413,59561,35585,28797,44231,5657,98,96.2,0.5,0.1,0,0,1.1,2,2,2498,256,12,1,117,326,134,35,251,34.5,32.9,36.3,14.8,5,26,18.3,10.9,26.7,15.5,27.1,2.2,17,24.1,8.8,106.9
Iowa,Benton County,64.5,58.1,70.8,81.2,74,88.1,2.6,3.2,2.1,2.6,3,2.3,76.4,87.3,88.2,70.8,90.2,4.7,8.5,95176,78844,46247,38801,55113,25654,97.6,96,0.3,0.1,0.3,0,0.9,2.4,1.7,10075,1065,287,1,165,2315,503,26,644,31.1,22.7,41.5,14.2,10.9,18.2,21,12.3,31.7,15.1,26.3,1.3,18.6,27.9,7.3,110.87
Iowa,Black Hawk County,63.4,59.6,67.3,78,74.6,81.3,5.2,5.4,4.9,4.1,4,4.2,77.8,81,85.3,73.8,85,9.2,15,84182,62338,35157,28098,41396,131396,96.3,82.2,9.5,0.3,2.7,0.3,1.4,3.7,4.7,53465,4152,1820,83,2417,8992,2430,186,4666,34.7,30.9,38.8,18.7,13.8,24.1,19.6,13.6,26.1,7.4,13.6,0.6,19.6,28.1,10.4,117.4
Iowa,Boone County,64.9,60.2,69.5,81.7,77.6,85.6,2.1,2.1,2,1.7,1.7,1.7,78.9,68.8,86.6,81.3,87.7,3.2,6.6,99432,77373,42766,35545,49281,26721,98.2,95.6,1.2,0.4,0.3,0.1,0.6,1.8,2.8,10720,837,358,3,194,2199,585,10,645,35,29.3,41.6,16.1,11.1,22,19.9,13.8,27,10.8,18.6,1.7,18.2,27.1,7.7,111.8
Iowa,Bremer County,65.3,61.9,68.8,83.9,81.8,86,3.4,3.1,3.7,3.1,2.6,3.5,84.1,96,90.6,78.8,89.3,4.8,7.4,95807,83692,40998,34020,49387,24863,97.6,94.8,0.9,0.4,1,0.1,0.4,2.4,1.8,9638,1193,226,4,316,2378,405,44,645,39.6,33.6,46.1,15,13.2,17,18.7,10.7,27.6,9.4,16.9,1.2,17.3,25.7,8,109.94
Iowa,Buchanan County,65.6,62.1,69.2,83.1,79.8,86.5,2.5,2.4,2.6,2.2,1.9,2.4,81.3,76.1,92.1,78.1,88.7,6.2,8,89390,77416,40120,35522,48574,20598,98,96.9,0.6,0.2,0.1,0.1,0.1,2,1.8,7787,879,320,15,190,2422,271,49,669,33.5,27.8,39.7,15.3,8.7,22.4,18.6,10.7,27.1,11.5,21.4,0.7,21.2,31.3,10.2,108.45
Iowa,Buena Vista County,64.5,61.6,67.2,79.8,77.8,81.5,5.9,3.9,7.5,6.2,3.7,8.2,80.8,66.3,89,64.4,88.8,6.7,9.9,87473,58473,36418,29929,43718,20723,94,72,2.6,0.2,10.3,1.8,7.2,6,26.5,7506,706,530,29,221,1676,459,175,645,25.9,21.8,30.8,12.6,8.1,18,17.7,9.9,26.9,10,17.6,1.1,33.7,42.6,23.1,107.38
Iowa,Butler County,59.7,57,62.5,78.8,77.8,79.8,4.7,3.1,6.2,4.7,3.3,5.9,80.5,69.1,88.6,80.3,84.8,8.5,11.1,81482,66609,41229,30779,49992,14421,98.3,96.4,0.5,0.2,0.8,0,0.3,1.7,1.6,5860,464,204,7,179,1363,293,71,294,32.5,27.7,37.5,14,5.3,23.1,19.7,11.4,28.4,13.3,24,2.2,20.5,31.6,8.9,109.06
Iowa,Calhoun County,53,52.5,53.5,68.5,73.3,64.5,2.4,3.3,1.6,2.3,3.5,1.2,75.9,79.2,84.1,72.5,65.3,7.6,10.7,83991,65873,35472,32111,43576,9962,97.3,94.3,1.6,0.1,0.4,0,0.9,2.7,2.2,3932,343,152,26,123,780,169,86,351,36.6,28.9,45,18.2,14.7,22.1,17.7,10.1,26,13.8,24.5,2.1,13.7,21.8,4.8,105.72
Iowa,Carroll County,66,60.7,71.6,83.4,78.6,88.1,2.3,2.7,1.9,2.5,3,2.1,81,81.7,85.5,82.1,89.9,6.4,8.3,87433,66661,41380,34070,48978,20756,96.5,94.1,0.3,0.5,0.7,0,1,3.5,2.9,8761,805,201,10,510,1943,500,39,592,31.4,25.3,38.4,16.4,8.6,25.2,20.6,15.4,26.6,10.6,19,1,21.1,31.8,8.9,103.94
Iowa,Cass County,61.1,54.9,67.2,79.5,75.6,83.1,1.7,1.4,2,1.6,1.6,1.6,76.8,92.4,89.3,65.1,84.4,10.7,13.9,82849,60381,36264,29761,42065,13158,98.7,96.7,0.7,0.1,0.3,0,0.8,1.3,3.1,5777,379,190,29,128,1215,311,37,334,32.5,26.4,40.1,16.1,13.1,19.9,22.1,13.6,32.6,11.3,19.6,0.9,18.1,27.3,6.5,104.33
Iowa,Cedar County,64.5,61.1,68,81.2,78.3,84.2,3.4,4.5,2.4,3.7,4.9,2.6,82.3,87.8,93.2,81.7,86.5,4.4,7.6,97419,79258,45149,36154,53846,18494,98.3,96.8,0.6,0.2,0.7,0,0.1,1.7,2.3,7381,781,92,33,174,1716,200,31,602,31.7,24.6,39.3,17.6,11.8,23.9,20,10.5,30.3,15,28,0.9,15.7,25.1,5.5,115.17
Iowa,Cerro Gordo County,63.9,61,66.9,80.9,78.5,83.3,3.4,3.1,3.7,3.2,3.4,3.1,81.3,83.9,89.4,82.3,86,5.7,9.6,83794,63515,37731,32042,47549,43185,96.6,92.3,2,0.3,1.2,0.2,0.6,3.4,5.2,19569,1461,356,3,664,3413,552,119,1364,30.6,27.1,34.3,18.5,11.6,25.8,20.8,14.1,27.9,8.7,15.9,1.1,21.4,31.3,10.9,109.57
Iowa,Cherokee County,64,58.6,69.3,87.2,83.6,90.4,2.8,2.7,2.9,2.8,3.1,2.6,86.3,87.3,97.8,96.3,92.8,6.1,12.1,91343,65270,35359,27518,48347,11606,95.6,93.4,1.4,0,0.4,0,0.3,4.4,4.3,5126,432,52,4,162,1205,79,15,326,33.9,29,39.7,13.3,9.4,18,20.4,11.7,30.9,11.5,20.2,1,20.9,29.7,10.3,101.18
Iowa,Chickasaw County,67.6,63.4,71.6,85.4,82.4,88.1,2.1,0.7,3.3,2.1,0.7,3.2,83,77.9,96.7,86.6,91,4.3,6.2,87735,73189,42738,37411,47374,12021,99,97.4,0.6,0.4,0,0,0.5,1,3,5005,725,147,0,53,1095,306,4,239,30.9,24.1,38.9,14.2,9.1,20.1,16.8,9,25.9,11.6,20.5,1.4,26.4,37.4,13.7,107.98
Iowa,Clarke County,59.6,54.3,64.6,77,75.4,78.4,3.3,1.1,5.1,1.5,1,1.9,76.2,91.1,84.6,63.3,80.9,9,15.8,70743,63893,37021,32914,39039,9736,95.6,91.6,0.1,0.2,0,0,3.7,4.4,15.9,3740,249,132,0,76,626,415,79,289,30.2,21.7,40.9,14.1,11.9,17,15.9,9.1,24.3,16.2,26.9,2.9,23.6,30.5,14.9,106.35
Iowa,Clay County,62.4,56.7,68.4,79.8,76.2,83.4,4.7,3.4,5.7,5.2,3.7,6.4,79.1,72.2,95.1,88.5,89.1,9.2,12.2,77378,57015,35342,29414,43081,16410,96.9,95,0.2,0.2,0.6,0,0.9,3.1,4.1,7137,581,65,9,291,1338,144,111,886,35.6,30.9,41,13.7,9.3,19,22.2,13.4,32.4,11.4,19.6,1.9,17.1,26.9,5.8,106.48
Iowa,Clayton County,63,58,67.9,81.3,78.2,84.3,2.4,2.5,2.3,2.2,2.1,2.2,79.9,73.5,90.5,87.7,86.2,6.7,12.2,81675,63381,39117,30156,47075,17173,97.7,96.6,0.3,0.1,0.3,0,0.4,2.3,2.1,7319,653,220,0,269,1215,368,6,413,27.3,24.1,31,17.7,8.2,29,17.5,9.6,26.8,16,28.3,1.4,21.6,29.8,11.9,108.82
Iowa,Clinton County,57.6,55.6,59.7,75.1,73.3,76.8,4.8,4.4,5.1,4.6,4.2,5,76.6,84.5,85.7,77.4,81.4,8.3,12.7,83360,61416,38809,31270,52603,46589,96.2,92.2,2.8,0.3,0.7,0,0.2,3.8,3.3,19103,1347,564,74,695,3153,894,162,1727,31.3,25.2,37.6,14.6,9.8,19.5,21.7,11.2,32.5,11.1,21.3,0.6,21.3,32.5,9.8,107.7
Iowa,Crawford County,59.3,49.9,68.9,74.3,63.2,85.6,6.9,12.5,2.2,6.2,10.9,2.3,71,72,68.6,52.4,87.7,17.3,18.1,70131,60552,36827,29469,42449,16555,93.9,79,3.6,0.2,2.3,0,8.8,6.1,29.2,6159,376,208,55,425,1151,398,46,976,22.2,18.7,26.9,17.7,13,24.1,17.9,9.4,29.2,13.2,22.3,1,29.1,36.6,18.8,104.9
Iowa,Dallas County,73.7,68.3,79.2,85.5,81.3,89.6,2.8,2.6,3,2.3,2,2.6,83.1,83.2,79.1,77.8,92.2,4.1,5.7,130538,101906,57553,47369,69985,96604,94.8,86.7,2,0.1,4.5,0,1.5,5.2,6.3,37970,5445,1587,221,928,10644,3246,438,2062,53.4,49.1,58.2,11.4,8.4,14.9,19.6,16.8,22.7,6.7,12.3,0.4,8.9,13.5,3.9,133.65
Iowa,Davis County,62.4,49.7,74.7,76.6,61.2,90.8,3.1,3.7,2.6,3.5,4.5,2.9,64.1,46.2,71.4,44.3,93.5,7.2,9.6,94174,83663,43228,31158,51609,9066,98.7,96,0,0.7,0.6,0,1.4,1.3,1.6,3150,345,522,0,38,649,746,0,112,36.6,29.8,47.2,12.7,10.5,16.1,18.2,13,26.4,14.6,21.4,4,17.8,25.3,6.3,113.49
Iowa,Decatur County,57.2,53.2,61.1,74.3,70.1,78.3,4.2,1.6,6.3,3.2,1.6,4.5,71.2,78.7,81.7,67,82,10.9,15.3,67662,57501,31732,23310,41044,7718,96.8,93.7,1.6,0.1,0.7,0.2,0.6,3.2,3.3,3053,231,159,6,66,556,196,7,155,35.8,32.4,39.7,16.9,8.8,26.4,18.9,13.2,25.5,14,25.2,0.9,14.4,20.4,7.5,102.62
Iowa,Delaware County,69.5,65.4,73.6,85.4,82.1,88.5,2,1,3,2.1,0.6,3.3,82.6,93.2,90.5,86.6,91.5,4.6,8.6,91656,75558,42435,33103,51128,17508,97.7,96.6,0.1,0.1,0.3,0,0.6,2.3,1.6,6944,900,108,1,220,2244,253,103,169,32.8,29.3,36.7,14.8,5.1,25.7,18.2,11,26.4,12,20.6,2.1,22.3,34,9,108.47
Iowa,Des Moines County,59.9,56.5,63.5,77.4,73.6,81.2,3.9,4,3.8,3.6,4,3.3,76.7,76.4,90.2,87.8,84,10.7,14,79831,59207,37130,29929,46625,39069,96.6,88.9,6,0.1,1.1,0,0.5,3.4,3.5,17042,971,286,27,1144,2552,471,76,1928,30.3,26.3,34.5,17.2,14.3,20.3,22.3,15.3,29.7,8.2,14.4,1.6,22,29.7,14,112.67
Iowa,Dickinson County,63.8,59.2,68.5,83.2,80.9,85.5,2.4,1.7,3.1,2.2,1.8,2.6,82.4,93.9,93.3,90.5,87.9,3.7,7.2,88456,71084,36322,32864,43152,17536,96.9,95.4,0.1,0.1,0.9,0,0.4,3.1,2.4,8096,536,86,52,171,1635,139,67,446,33.8,26.9,41.5,16.2,14.6,18,23.3,15.3,32.4,10.3,18.9,0.6,16.4,24.3,7.5,115.97
Iowa,Dubuque County,64.8,62.6,67.1,81,80.3,81.6,4.1,3,5.1,3.9,2.8,4.9,82.7,89.4,90.8,90.2,85.8,5.4,9.3,93590,74336,41259,34301,49852,98687,97.1,91.2,3,0.2,1.3,0.6,0.8,2.9,2.7,39534,4868,369,81,1341,8998,865,252,3180,37.4,32.4,42.8,15.9,11.4,20.6,21.4,15,28,7.6,14.3,0.6,17.7,26.8,8,116.44
Iowa,Emmet County,61.5,54,69.1,80.6,73.6,86.9,2.2,3,1.5,1.8,2.7,1.1,75.7,90.9,94.5,65.8,88.1,8.9,12.6,79298,63609,35086,27650,44041,9433,95.7,90.1,2.5,0.2,0,0,2.9,4.3,9.9,3856,290,61,0,97,550,99,27,379,27.8,24.2,32.6,15.7,10.4,22.6,18.5,8.2,31.8,10.8,17.5,2.3,27,39.8,10.7,106.15
Iowa,Fayette County,59.8,54.9,64.6,76.7,73,80.1,2.6,3.6,1.7,2.5,3.3,1.8,75.5,79.3,88,64.6,81.5,7.4,12.2,71913,55561,35145,27229,41229,19582,96.4,94,1.5,0.2,0.7,0,0.2,3.6,2.8,8107,580,309,40,168,1303,480,65,602,28.6,22.2,36.1,17.1,10,25.4,19.7,11.1,29.8,13.1,23.3,1.1,21.5,33.4,7.7,109.69
Iowa,Floyd County,62.2,56.1,68.4,81.1,76.7,85.4,2.7,3.6,1.9,2.8,3.5,2.1,79.4,82.7,95.9,61.8,87.3,8.8,11.8,88398,60851,38905,30397,48629,15672,95.8,92.1,1.5,0.1,1.5,0.4,0.3,4.2,4,6712,620,238,0,243,1347,340,17,554,36.5,30,44.1,14.4,6.8,23.5,15.5,10.9,21,11.2,19.3,1.5,22.4,32.9,9.8,100.64
Iowa,Franklin County,58.4,51.5,65.2,73.7,65,82.3,3.5,4.4,2.7,3.7,4.9,2.7,68.3,60.7,77.1,56.2,84.5,10.2,12.6,72953,64331,42860,31257,53826,10056,94.9,93.7,0.6,0,0,0,0.6,5.1,13.4,4108,331,201,1,156,629,300,38,432,27.7,24.3,32,14.9,8.8,22.6,22.4,12.2,35.3,13.9,21.9,3.8,21.1,32.7,6.3,104.78
Iowa,Fremont County,58.2,52.5,64,76.5,71.4,81.5,2.4,3.3,1.7,2.6,3.7,1.6,74.5,84.1,78,59.1,83.1,4.7,8,85590,69336,43106,36289,46953,6702,96.6,94.7,0.5,0.3,0,0,1.2,3.4,3,2742,136,111,17,112,590,150,21,171,34.4,29.8,39.9,20.9,15.3,27.7,15,7.6,23.8,10.6,19.1,0.4,19.1,28.1,8.2,108.66
Iowa,Greene County,60.5,53.9,67.3,79.9,76.5,83.1,4.6,6.4,3.1,4.3,5.7,3.1,81.1,92,90.7,76.3,85.8,8.3,11.2,79501,57517,38110,29647,45210,8831,96.8,94.9,0.3,0.1,0.5,0,0.9,3.2,3.1,3790,353,51,0,168,596,114,48,333,34.7,30.6,39.6,15.4,8.6,23.5,16.7,8.7,26.1,10.7,19.5,0.2,22.6,32.6,10.6,108.05
Iowa,Grundy County,63.4,57.9,69,82.6,78.3,86.7,2.7,2.2,3.2,2.4,2,2.8,79.9,81,88.4,75.3,89.2,3.2,5.1,95087,81262,44382,33751,52960,12336,98.9,97,0.7,0.1,0.3,0,0.7,1.1,1.5,5024,516,157,4,102,1319,229,9,289,37.3,32.4,43.1,13.6,7.7,20.5,19.2,11.4,28.3,12.7,23.1,0.4,17.3,25.4,7.7,111.59
Iowa,Guthrie County,62.1,59.7,64.6,83.6,80.9,86.1,3.6,2.7,4.5,3,2.4,3.5,83,96.7,91.2,68.6,89.2,6.7,9.8,90925,73711,41694,35462,49801,10599,96.7,95.1,0.3,0.1,0.2,0,0.9,3.3,2.8,4463,367,82,19,101,1002,188,13,273,34.6,27.1,42.6,13.1,7.8,19,23.4,18,29.3,15.2,27.7,1.7,13.7,19.5,7.5,111.68
Iowa,Hamilton County,60.1,55.9,64.3,79.4,75,83.7,3.8,2.8,4.7,3,2.7,3.2,77,74.6,82.9,67,87.4,6.4,7.8,82629,67779,43257,33223,54190,15073,97.6,92.5,1.5,0.1,2.7,0.4,0.4,2.4,6.5,5993,558,221,0,146,1165,411,78,354,32.3,25.5,40.1,13.4,8.2,19.4,22.7,17.8,28.3,12.8,23.1,1,18.8,25.4,11.3,110.17
Iowa,Hancock County,65.5,61.8,69.1,84.7,81.5,87.7,2.4,2.1,2.7,2.3,2.4,2.2,83.5,92.3,88,91,89.7,8,10.7,84608,70556,42457,35091,47306,10837,98.2,95.5,1.2,0.1,0.3,0,1.1,1.8,5,4610,544,55,0,87,981,112,55,259,32.4,29.6,35.6,14.4,6,23.8,18.3,11.9,25.4,10.5,19.6,0.5,24.3,32.9,14.7,109.97
Iowa,Hardin County,59.9,58.3,61.4,77.7,75.8,79.5,2.9,2.3,3.4,2.3,2.5,2.2,77.9,80.7,88.4,67.9,81.3,5.3,9,82545,64141,38575,32778,43022,16997,97.8,93.4,1.1,1.6,0.8,0,0.8,2.2,4.6,7033,486,254,12,127,1174,347,114,470,30.9,23,39.3,15.7,14,17.6,20.2,9.9,31.2,16.5,28.6,3.4,16.7,24.4,8.5,109.42
Iowa,Harrison County,63.4,58.3,68.5,81.4,75.9,86.6,2.6,2.8,2.5,2.5,2.9,2.3,78.1,83.9,88.4,91.5,88.9,4.6,8.5,89051,74066,43373,37880,49038,14589,98,97.1,0.2,0.1,0.2,0,0.4,2,2,5932,641,96,0,156,1518,215,70,360,35.1,26.6,45.2,14.5,10.2,19.7,20.9,12.3,31.1,14.1,25.8,0.2,15.4,25.1,3.7,113.32
Iowa,Henry County,57.2,57.5,56.9,72.3,75.6,69.5,4.6,3.9,5.3,3.6,3.1,4.2,77.9,90.5,89.8,72.6,72.6,7.7,10.3,83517,64056,34941,28815,42168,20488,97,90.1,2.5,0.4,2.5,0,1.4,3,5.2,7565,598,248,10,265,1559,338,28,582,27.7,25.7,29.8,18.8,13,25.1,20.1,10.2,30.6,9.8,17.6,1.4,23.7,33.6,13.1,106.24
Iowa,Howard County,65.4,60.9,69.9,83,80.3,85.5,1.8,0.9,2.6,1.7,1,2.4,81.1,70.5,91.6,69.7,87.6,6.2,8.2,77991,65822,36733,32781,42309,9456,97.5,96.5,0.3,0.3,0.2,0,0.2,2.5,1.8,3708,395,244,7,134,865,315,22,212,29.8,25.9,34.2,11.7,4.4,19.7,19.3,7.4,32.5,15.7,28.2,1.9,23.5,34.1,11.7,103.42
Iowa,Humboldt County,63.2,57.4,69.2,81.2,77.5,84.8,3.7,3,4.3,3.4,2.6,4.1,79.5,94.5,84.1,69.3,88.5,8.6,14.3,83402,65409,44107,34185,49281,9622,98,95.5,0.2,0,0.9,0.5,0.8,2,4.8,4189,413,107,3,87,753,189,50,425,33.2,27.5,39.9,12.1,6.6,18.8,19.5,17.2,22.2,13.5,19.1,6.8,21.7,29.5,12.4,102.84
Iowa,Ida County,65.3,59.5,71.1,84.1,76.9,91,1.5,2.5,0.7,1.1,2,0.4,78.5,80.9,88.2,80.7,91.4,7.8,11.9,79480,62420,40397,32567,45558,6979,98.2,95.7,1.4,0,0.1,0,1,1.8,3.3,2951,260,77,0,36,627,137,26,199,32.1,28.6,36.3,14.9,8.3,22.7,20.2,11.2,30.8,15.3,26.4,2.1,17.5,25.5,8,103.06
Iowa,Iowa County,65.6,62.5,68.6,81.6,79.9,83.3,3.9,3.4,4.4,3,2.2,3.6,81.8,55.7,92.2,84.6,87.1,6.6,9.3,90687,70545,42683,36391,50296,16596,97,95.7,0.7,0,0.2,0,0.4,3,3.1,6765,455,307,0,169,1703,170,27,518,36,28.9,43.9,16.7,13.6,20.2,16.1,8.1,24.9,12.9,23,1.8,18.2,26.4,9.2,107.03
Iowa,Jackson County,60.4,55,65.8,78.5,75.9,81,4.3,4.6,4.1,4.4,4.7,4.1,79.6,88.9,86.9,79.1,84.4,7,11.1,88535,71440,41747,31344,51137,19499,98.4,96.5,0.5,0,0.5,0.7,0.2,1.6,1.6,8020,765,130,26,300,1780,281,51,445,30.4,23.3,39.1,14.3,9.8,19.7,20.2,14.1,27.7,14.8,26.3,0.9,20.3,26.5,12.7,105.19
Iowa,Jasper County,59.9,57.2,62.3,74,74.2,73.9,4.6,3.7,5.4,4.5,3.3,5.4,76.8,84.7,75.9,81.3,78.3,5.5,8.8,80985,68868,41161,33957,46160,37686,97.6,94.4,1.7,0.2,0.7,0,0.6,2.4,2.6,14370,1351,408,27,394,3063,728,159,980,32,25.6,39.5,15,10.3,20.5,21.3,13.3,30.7,11.8,20.4,1.6,20,30.4,7.8,109.51
Iowa,Jefferson County,56.8,58.1,55.6,68.7,74.2,64.2,5,1.8,7.9,4,0.8,6.9,74.8,66.4,94.6,65.8,69,8.1,14.2,67603,52266,32721,28699,35761,15846,96.9,83.4,6.7,0.1,6.2,0,0.6,3.1,3.4,6688,358,199,36,232,874,176,72,698,39.6,36.8,42.7,16.5,9.3,24.1,17.4,9.8,25.6,9.1,16.3,1.3,17.4,27.8,6.3,112.03
Iowa,Johnson County,67.4,65.2,69.6,78.3,77.5,79.2,3.8,3.9,3.7,3.4,3.4,3.4,80.2,79,84,80.5,82.1,5.9,16.7,115161,73481,35071,29867,43239,151833,94.9,79.8,7.2,0.3,6.1,0.1,1.6,5.1,5.8,60573,6170,1935,130,1495,11609,2634,368,3589,50.2,47.8,52.8,16.6,13.9,19.5,18,14.4,21.7,5.1,9.4,0.5,10.1,14.6,5.5,128.56
Iowa,Jones County,59.6,58.2,60.9,73.9,76.7,71.5,4,4.7,3.4,3.7,3.8,3.6,79.7,81.7,87.2,84.4,74.3,8,9.9,86351,68974,42385,34079,49207,20680,96.8,93.6,2.2,0.2,0.7,0,0.2,3.2,2.2,8053,847,120,5,222,1693,284,36,631,34.7,30.5,39.5,13.9,8.7,19.8,22,14.6,30.3,10.6,19.4,0.6,18.8,26.8,9.8,104.84
Iowa,Keokuk County,57.4,52.2,62.6,75.7,72.8,78.5,4.5,3.6,5.2,4.5,3.7,5.1,75.7,88,82.9,67.4,82.7,10.4,12.5,79347,59114,38984,34556,44329,10050,98.6,97,0.5,0.1,0.2,0,0.8,1.4,2.1,4136,371,196,13,71,851,179,16,266,32.2,25.5,40.5,14.6,6.7,24.3,17.2,10.5,25.3,13.7,24.2,0.7,22.4,33.1,9.2,109.42
Iowa,Kossuth County,59.3,54,64.5,81.6,77.3,85.5,3.9,3.6,4.1,3.8,3.2,4.3,79.9,84,84.3,86.7,89.4,6.6,11.5,80954,65267,41565,32010,50987,14823,97.8,95.4,0.5,0.7,0.5,0,0.8,2.2,3.6,6422,528,131,19,281,1286,288,74,330,31.1,27.1,35.8,16.4,6.3,28.5,17.7,12.2,24.2,13.4,23.9,0.8,21.4,30.5,10.6,108.44
Iowa,Lee County,56.6,53.3,59.7,72.3,69.5,74.9,4.8,5.2,4.5,4.6,5,4.2,73.2,81.7,83.4,63.4,78.5,8.8,13,74750,59141,34996,25991,45417,33724,97.1,92.8,3,0.2,0.7,0,0.4,2.9,3.7,14068,982,501,6,380,2338,654,56,1276,32.9,24.6,42.4,19.1,13.4,25.5,17.1,11.6,23.3,11,19.9,0.7,20,30.5,8.1,106.53
Iowa,Linn County,66.6,63,70.3,81.7,79,84.4,3.9,3.4,4.4,3.7,3.2,4.2,81.7,79.7,88.4,77,88.2,6.3,9.6,97965,76692,44083,37141,52250,228567,96,86.4,5.9,0.2,2.3,0.2,1,4,3.5,93602,8035,2417,155,3637,18784,3786,447,8239,40.2,37.1,43.4,14.2,11.3,17.4,22.4,15.1,30.2,7.9,14.6,0.7,15.3,21.9,8.3,116.75
Iowa,Louisa County,62.5,55.3,69.3,78.8,70,86.8,4.5,4.8,4.3,4.3,4.7,4.1,73.5,71.9,84,47.4,90.5,8.1,10,85437,71795,41213,33622,47928,10891,96.8,84.4,0.7,0.5,3.5,0,7.6,3.2,16.2,4043,386,268,28,47,919,306,14,206,28.1,23.6,33.9,14.9,7.7,24.3,16.8,10.2,25.4,14,22.9,2.2,26.3,35.5,14.2,109.49
Iowa,Lucas County,58.2,53.3,62.9,74.7,71,78.1,3.9,3.5,4.2,3.2,3,3.3,73.3,75,79.1,54.5,80.8,10.1,13.9,77855,60274,41831,34310,48029,8650,98.4,97.4,0.3,0,0.3,0,0.3,1.6,2.3,3614,296,133,0,55,467,204,34,280,27.7,18.4,39.1,14.3,9.5,20,21.5,15.3,29.1,10.2,17.8,1,26.2,38.9,10.8,107.58
Iowa,Lyon County,67.7,60.6,74.7,84.1,77.7,90,2.9,2.5,3.2,2.8,2.9,2.7,80.1,68.9,95.3,49.5,92.5,3.7,4.5,87565,75333,41031,31569,48321,11953,98,95.9,0.1,0.3,0.6,0.2,0.9,2,2.9,4364,452,393,6,85,1616,424,6,205,37.5,35.2,40.4,15.5,10.6,21.7,19.4,9.7,31.8,11,19.6,0.1,16.6,24.9,6,111.43
Iowa,Madison County,70.4,65.3,75.7,85.7,80.7,90.8,2.7,3.2,2.4,2.4,3.2,1.7,83.5,91.4,87.2,68.1,92.5,3.8,6.7,103115,86444,48940,36928,57185,16414,98.5,96.6,0.9,0.1,1,0,0,1.5,2.4,6377,665,222,0,94,1432,558,49,558,41,37.1,45.4,12.4,6.8,18.8,20.4,14.2,27.5,14.5,26,1.6,11.6,15.9,6.7,118.28
Iowa,Mahaska County,63.5,56,70.7,80.3,72.9,87.2,3.5,4.3,3,2.7,4.3,1.4,76.2,79.5,81.6,67.6,88.5,7.9,13,84005,66073,37141,29474,45920,22132,97.8,94,1.7,0.1,1.2,0.1,0.6,2.2,2.4,8813,689,247,44,468,1689,728,69,792,33.7,29.9,38.6,14.3,9.1,21,18.6,10.4,29.3,10.2,17.1,1.1,23.2,33.5,10,107.42
Iowa,Marion County,63,60,66,79,76.9,80.9,2.5,3.1,1.9,2.3,3.1,1.7,79.3,66.5,88.6,76.2,82.3,5.2,7.5,90102,72836,43248,31588,51577,33381,98,94.8,1,0.1,1.2,0,0.9,2,2.1,13241,1107,489,153,239,2913,813,201,826,36.9,34.4,39.7,13.6,9.1,18.6,20,10.2,30.9,8.9,15.6,1.5,20.6,30.7,9.4,111.55
Iowa,Marshall County,62.2,56.4,68,79,73.5,84.1,5.5,6.4,4.7,5.2,5.8,4.6,78.1,67.7,83.8,70.5,88.1,9.4,11.9,82864,69314,40191,34548,47065,40137,93,80.4,1.5,0.8,3.9,0,6.3,7,23.5,15298,1329,636,138,654,3601,1074,125,1230,30.9,26,36.7,15.8,9.5,23.3,17.7,10.7,26.1,11.9,20.5,1.5,23.8,33.3,12.3,110.16
Iowa,Mills County,61.6,55.8,67.5,77.5,71.6,83.3,3.3,4.1,2.6,2.8,2.9,2.8,75.3,69,85.5,69.5,87.7,2.8,7.1,102928,84939,47213,40055,51649,14658,98,96.5,0.3,0.3,0.3,0,0.6,2,3.5,5301,464,252,15,142,1267,454,58,492,39.7,32.1,48.9,14.9,13.5,16.6,18.8,12.2,26.9,11.3,20.4,0.3,15.2,21.9,7.3,112.63
Iowa,Mitchell County,68.2,62,74.4,86.7,82.8,90.3,1.2,1.3,1.2,0.7,0.6,0.7,83.4,98.1,85.1,86.3,90.9,2.9,4.9,83909,66480,40836,32148,49391,10526,99.1,97.4,0.5,0.1,0.8,0,0.3,0.9,1.7,4400,504,68,0,131,922,188,22,276,34.8,31.3,38.9,16,9,24.4,15.6,8,24.8,12.6,21.4,2.1,21,30.2,9.9,103.83
Iowa,Monona County,59.7,56.6,63.1,78.1,74.1,82.2,2.6,3.3,1.8,2.8,4,1.6,77.2,72.1,87.6,74.8,83.5,9.2,13.1,78140,61157,38789,31458,50389,8732,97.2,95.6,0.2,0.9,0,0.4,0.1,2.8,2.1,3786,274,120,5,119,714,104,0,399,30.8,24.1,37.7,18.2,10.2,26.4,20.5,13.1,28.2,14.3,27.4,0.9,16.2,25.3,6.8,108.28
Iowa,Monroe County,61.2,57.6,64.9,79.5,76.1,82.9,3.2,3.3,3.1,2.8,2.5,3.1,78,87,85,92.9,85.6,5.1,10.5,89823,76223,47244,39421,55667,7589,96,94.8,0,0,1.2,0,0,4,0.3,2998,344,97,5,82,523,176,119,264,36.3,26.5,47,13.7,7.8,20,17.2,10.7,24.3,12.9,24.5,0.2,19.9,30.4,8.4,105.16
Iowa,Montgomery County,59,55,63.2,78,74.4,81.6,4.1,6.2,2.2,3.8,5.9,1.8,79.1,80.1,94,57.6,83.4,12.1,13.5,75468,62098,36451,28989,46106,10327,97.5,94,0,1.9,0.3,0,1.3,2.5,4.1,4380,339,100,7,186,882,56,184,477,28.1,22.5,34.1,15.8,9.7,22.6,24.8,13.8,37,12.2,22.1,1.2,19.1,31.8,5.2,105.42
Iowa,Muscatine County,63,58.2,67.9,78.6,75.5,81.6,3.7,2.4,4.8,3.5,1.7,5,76.8,91,86.3,69.8,86.2,9.1,10.5,81132,67086,40056,32964,48301,43145,95.3,85.6,2.5,0.2,0.6,0.1,6.3,4.7,18.4,16785,1507,394,51,782,3505,936,72,1838,30.2,24.5,36.6,15.1,9,22,16.5,10.1,23.8,9.6,17.4,0.7,28.7,39,16.8,115.24
Iowa,O'Brien County,64,56.6,71.4,80.1,74.6,85.2,2.5,2.2,2.8,2.4,1.9,2.7,76.1,58.9,89.6,68.4,87.6,7.1,12.5,92254,67898,39264,25398,50699,14139,97.9,92.9,1.6,0.4,0.7,0,2.3,2.1,5.5,5670,508,300,0,204,1243,253,38,351,33.4,29.1,38.9,16.5,10.6,24,16.4,10.9,23.3,12.5,20.5,2.4,21.1,29,11.3,103.95
Iowa,Osceola County,63.5,57.2,69.4,81.8,79.3,84.1,4.2,5.4,3.3,4.4,5.1,3.9,83.5,65,88.3,89.7,87.9,7.8,11.5,80871,71114,40610,29676,48739,6168,96.3,92.8,0.6,0.7,1,0,1.2,3.7,8.6,2659,223,41,0,160,617,113,23,176,31.7,28.8,35.4,13.2,5.5,23.1,15.9,6.7,27.8,16.6,27.8,2.2,22.5,31,11.5,106.75
Iowa,Page County,54.7,51.6,57.5,72,72,72,7.1,9,5.4,7.1,9.4,5.1,79.5,64.6,93.3,74,75.9,9.4,13.9,71623,56798,35139,27860,42336,15250,96.7,93,1.8,0.5,1,0,0.4,3.3,3.8,6171,350,220,12,177,955,188,30,418,30.3,24.2,38.3,15.3,9.3,22.9,18.4,10.6,28.4,8.9,15.2,0.9,27.1,40.7,9.5,104.83
Iowa,Palo Alto County,65,58.6,71.4,83.1,79.9,86,2.8,2.8,2.8,2.6,3,2.4,82.4,74.7,89.7,82.6,88,6.2,9.1,88563,65387,36914,30609,42658,8996,96.1,93.8,1.5,0,0.5,0,0.3,3.9,3.2,3685,344,149,30,75,804,212,96,176,29.9,26,34.7,13.1,10.2,16.7,21.7,10.6,35.1,14.6,24.8,2.2,20.7,28.4,11.2,102.09
Iowa,Plymouth County,68,62.6,73.5,85.7,82,89.2,2.3,1.8,2.7,1.6,1.7,1.6,83.6,87.6,91.1,88.6,91.1,3.7,6.3,96470,80921,44061,35999,52621,25543,98.7,93.6,1.7,0.5,0.4,0.3,2.2,1.3,5.6,10191,1292,212,58,264,2932,401,30,633,35,32,38.4,15.2,9.8,21.4,19.8,12.3,28.6,11.8,20.7,1.3,18.2,25.1,10.2,109.17
Iowa,Pocahontas County,59.8,54.9,64.7,79,75.5,82.4,5.6,7,4.2,5.4,7,3.9,81.2,81.2,84.6,69.5,85.9,5.3,10.2,79803,61422,41403,29294,47712,7091,98,95.2,0.3,0.2,0.6,0.5,1.2,2,4.4,3121,276,120,7,81,475,140,27,198,29.2,21.5,38.4,14.7,8.8,21.5,18.6,9.2,29.6,15.2,26.3,2.2,22.3,34.2,8.3,107.05
Iowa,Polk County,68.1,63.6,72.9,80.7,76.6,84.9,4.4,4.7,4.1,3.9,4.3,3.5,80,77.7,85.7,74.7,88.6,7.1,10.1,98700,79586,46066,39048,53955,488871,95.7,81.4,7.2,0.2,4.9,0.1,1.9,4.3,8.7,195263,18846,7791,571,8702,39768,10189,1291,20033,43,39.6,46.8,15.5,11.8,19.7,21.7,17.2,26.7,7.3,13.3,0.6,12.5,18.1,6.3,126.45
Iowa,Pottawattamie County,62.1,59,65.4,77.1,74.7,79.6,3.8,3.2,4.4,3.5,2.9,4.1,77,77.9,89.7,75.5,83,7.5,10.9,85936,69586,40925,35316,47637,93571,95.5,91.1,1.4,0.3,0.7,0,1.9,4.5,8.2,36964,2757,794,208,2700,7055,1411,301,3984,33.2,26.6,40.2,17.6,13.6,21.8,21.6,14.1,29.5,11.3,21.2,0.8,16.3,24.4,7.7,116.88
Iowa,Poweshiek County,59.7,57.3,62.3,78.6,76.7,80.6,5.5,3.1,7.7,5.2,3.4,6.8,79.4,87,90.6,89.9,86.5,7.7,12,90750,61127,35097,24734,45759,18628,97.2,92.4,1.2,0.3,2.2,0,1.1,2.8,3.4,7820,638,117,17,102,1765,213,16,418,34.8,29.6,40.2,16.7,10.8,22.7,20.3,14.3,26.5,10.6,20,0.9,17.6,25.3,9.7,111.36
Iowa,Ringgold County,58.5,53.1,64.5,80.8,76.8,85.1,1.9,2.8,1.1,1.5,1.8,1.2,78.2,69.4,87.9,89.4,86,5,9.4,83113,62893,37112,29039,47163,4739,97.7,95.5,0.1,0,0.2,0,2,2.3,2.7,1860,172,53,6,56,452,68,24,189,40.4,37,44.1,15.8,9.2,23.1,15.2,10.3,20.6,13.8,25,1.5,14.8,18.5,10.7,106.61
Iowa,Sac County,62.7,56.5,69,82,78,85.9,3.2,3.9,2.6,3.5,4.2,3,81.3,93.2,86.7,68.3,88.5,5.2,8.3,82789,66534,39567,31873,49033,9829,98.7,96.8,0.8,0,0.7,0,0.4,1.3,3.7,4196,342,127,10,141,748,239,10,261,31,26.9,35.8,15.9,8.7,24.5,18.5,10.6,28,14.3,25.3,1.1,20.3,28.4,10.6,104.14
Iowa,Scott County,62.8,58.8,67,77.9,74,81.8,4.1,4,4.2,3.9,3.8,3.9,76.9,76.7,82.1,75.4,85.5,7.8,11.8,95037,73766,44872,35712,53759,174170,94,83.1,7.1,0.2,2.9,0,0.8,6,7.1,69955,6230,1808,229,3173,13569,3292,513,6697,40.2,34.6,46.3,15.4,10.6,20.5,20.3,15.3,25.6,8.7,15.8,0.9,15.5,23.6,6.6,118.37
Iowa,Shelby County,64.8,60.2,69.7,80.8,77.1,84.7,3.5,2.4,4.5,3.8,2.6,4.9,79.2,77.9,81.6,80.9,89.2,9.6,8.1,94990,67822,40035,31662,48319,11750,98.1,95.7,1.1,0.1,0,0,1.3,1.9,3.2,4918,389,191,0,103,1234,238,5,207,39.2,32.8,46,12.3,7.1,17.9,20.1,12.8,27.9,9.6,17.7,0.9,18.8,29.6,7.4,110.6
Iowa,Sioux County,71.3,65.7,76.8,86,81.7,90.2,2.2,2.2,2.2,1.8,2.1,1.6,83.4,85.5,90.7,63.1,92,3.2,5.4,97352,85215,36518,27459,49990,35647,95.5,91.5,0.4,0.5,0.4,0,2.6,4.5,11.2,12284,1938,595,0,171,4999,1039,6,425,38.8,36.2,41.9,13.9,8.8,19.9,19.4,10.9,29.4,12.7,22.5,1.2,15.2,21.5,7.7,110.82
Iowa,Story County,61.3,60.9,61.7,74,75.2,73.1,5.4,4.6,6.1,4.7,3.4,5.9,78.1,77.4,83.9,67.2,77.7,5.6,19.4,111148,68210,26568,22612,29360,98106,96,84.5,2.3,0.2,7.6,0,1.4,4,3.7,37944,2695,1301,225,690,6437,1936,205,1441,45.9,46.2,45.6,18.3,13.3,23.9,19.1,14.7,24,6.7,11.1,1.6,10,14.7,4.8,123.58
Iowa,Tama County,61.4,57.1,65.7,79.4,75.6,83.2,4.6,3.9,5.2,4.2,3.5,4.9,78.3,77.6,86.7,75.6,87.4,9.4,12.8,79122,65175,38621,30305,47778,17079,94.5,84.7,0.8,7.7,0.6,0,0.7,5.5,11,6655,732,132,9,230,1329,353,41,693,27.2,23.1,31.9,17.1,10.8,24.3,20.9,12.2,30.9,12.8,23,1,22.1,30.9,11.9,113.06
Iowa,Taylor County,62.5,58.5,66.5,80.4,77.3,83.6,3.3,2.3,4.1,2.9,2.2,3.6,79,81.8,88.8,77,86.7,3.7,7.7,76689,64886,37740,32169,43317,5932,95.9,92.3,0,0.2,0,0,3.4,4.1,8.2,2446,252,51,0,48,603,124,5,120,32.2,24.1,41.3,17.1,13.2,21.5,14.3,10,19.2,13.6,24.4,1.4,22.8,28.4,16.5,104.95
Iowa,Union County,57.7,55.1,60.5,74.6,71.9,77.3,6,3.6,8.1,5.2,3.9,6.5,74.8,52.4,92.2,66.3,82.6,7.8,12.4,83422,57030,35618,25907,46766,12193,97.8,95.5,0.4,0,0.7,0.1,1.1,2.2,3.1,4936,328,257,13,125,1182,161,22,448,29,26.9,31.1,17.1,9.6,24.9,18.9,15.1,22.8,10,18.6,0.9,25.1,29.7,20.3,103.52
Iowa,Van Buren County,53.6,47.8,59.3,69.4,62.6,75.8,5.5,4.5,6.3,5.1,4,5.9,65.2,57.1,81.3,60.2,80.5,8.4,12.7,70785,58008,35255,22334,42452,7196,98.5,97.1,0.3,0,0.6,0,0.4,1.5,1.6,2858,199,242,0,36,461,370,44,183,29.5,22.5,38.5,13.4,7.6,20.8,17,12.8,22.2,15.8,26,2.7,24.3,31,15.8,103.25
Iowa,Wapello County,58.1,52.8,63.5,72.8,67.9,77.6,5,5.9,4.3,4.7,6.1,3.6,72.3,71.8,89.8,63.8,80.5,12.2,15.2,66597,55832,36675,30975,43060,35343,96,86.1,3.4,0.3,1.6,1.2,3.4,4,11.2,14120,1200,204,28,898,2478,362,155,1420,27.5,22,34,16.6,12.7,21.3,18.1,8.4,29.8,9.9,16.6,1.8,28,40.3,13.2,110.94
Iowa,Warren County,68.1,65.1,71.2,84.1,81.3,87,3,2.2,3.8,2.5,1.9,3.1,82.9,79.4,92.2,74.4,90.1,3.8,5.9,108660,92856,46947,38029,56951,51862,97.3,94.9,0.8,0.1,0.8,0.1,0.6,2.7,3.1,19517,2143,628,51,609,5350,790,226,1417,39.1,31.5,47.1,14.6,10.7,18.7,22.1,16.6,27.8,10.8,19.3,1.9,13.4,21.9,4.5,118.77
Iowa,Washington County,67,61.4,72.6,82.7,79,86.4,2.6,2.6,2.6,2.9,3,2.9,81.5,74.8,84.8,84.8,89.2,5.1,7.1,87241,72930,37904,31961,45031,22525,97.6,92.6,0.6,0.1,0.5,0,3.8,2.4,6.8,8833,993,261,38,256,2179,373,102,823,34,28.6,40.1,17.7,12.1,24.2,18.9,11.5,27.5,14.4,24.9,2.2,15,22.8,6,112.54
Iowa,Wayne County,56.8,50.8,62.9,74.3,68.6,79.9,2.2,2.3,2.1,2.1,2.6,1.8,70.4,75.6,74.5,70.5,81.3,8.5,13.6,74153,57813,38038,29397,44701,6504,96.7,95.6,0.3,0,0.1,0,0.7,3.3,1.8,2536,191,241,19,96,449,326,33,224,28.4,21.9,36.3,13.7,7.5,21.3,14.4,4.7,26.3,20.1,32,5.6,23.4,34,10.5,101.94
Iowa,Webster County,58.3,56.2,60.1,72.9,72.8,73,3.1,3.1,3,2.7,2.7,2.6,74.9,76.6,84.2,78.1,75,8.9,14.3,80826,62058,35904,29890,44567,37114,96.4,88.7,4.3,0.3,1.3,0,1.8,3.6,5.7,15659,1108,321,104,524,1934,576,123,1612,30.3,22.6,39.3,19.1,16,22.7,20.4,13.9,28,12.6,22.6,0.9,17.6,24.9,9.1,105.88
Iowa,Winnebago County,63.3,60.1,66.4,83.6,83.5,83.8,2.1,2.9,1.4,1.8,2.4,1.3,85.5,93.3,92.6,69.2,84.8,4.8,7.2,85293,61670,38624,35626,42351,10743,98.2,93.8,0.8,0.1,2.7,0,0.9,1.8,5.1,4473,289,141,0,284,985,149,0,393,32.3,28.5,36.4,13.6,6.4,21.7,18.2,15,21.7,9.8,17.6,1.2,26.2,32.6,19,101.88
Iowa,Winneshiek County,66,64.4,67.8,85.1,84.6,85.5,2.1,1.1,3.1,1.7,0.5,2.8,85.1,97.1,93.1,93.1,87.9,5.2,8.2,88563,71210,35355,28559,43741,20100,98.5,95.8,0.9,0.3,0.7,0,0.8,1.5,2.4,8156,774,70,52,164,1809,144,61,375,38,32.9,43.3,16.8,11.7,22,17.6,12.5,22.9,11.6,21.4,1.4,16,21.4,10.4,108.6
Iowa,Woodbury County,65.8,61.2,70.4,78.5,75.2,81.7,4.4,4.4,4.5,4.5,4.2,4.7,78.6,81.8,82.7,79.9,86.3,10,13.4,83741,68736,38132,32635,43703,105102,91.3,79.9,4,2,2.4,0.5,2.6,8.7,17.6,39826,3872,1210,170,2250,8007,2233,427,4949,31.4,23.9,39.9,16.1,12.5,20.2,20.3,13.7,27.6,10.6,19.6,0.4,21.6,30.3,11.9,114.26
Iowa,Worth County,64.9,61.3,68.2,82.3,79.1,85.3,3.6,5.3,2.1,3.6,5.2,2.3,83.5,74.3,92.9,74.4,87.2,3.5,7,89498,69537,41128,32109,47415,7450,96.8,95.2,0.7,0,0.5,0,0.4,3.2,3.2,3164,252,96,33,70,621,58,25,117,32.6,24.7,42,15.6,8.1,24.6,16,10.5,22.5,11.8,20.9,1.1,23.9,35.8,9.9,105.34
Iowa,Wright County,57.4,50.5,64.2,77.3,70.3,84,2,2.5,1.6,1.7,2.5,1,72.1,86.6,83.3,49.3,84.9,10.1,13.1,75605,60381,38729,31038,47211,12978,94.3,91.4,0.2,0.2,0.1,0,2.4,5.7,13.1,5343,423,215,0,279,925,287,164,643,33.8,27.7,41.6,14.4,11.8,17.7,17.6,11.4,25.6,13.1,21.1,2.7,21.1,27.9,12.3,104.87
Kansas,Allen County,58,51.9,64.5,71.6,65,78.1,6,5.8,6.2,6.2,6.4,6,69.5,70.7,79.3,62.3,83.1,11.7,16.3,73078,56506,31222,26813,38510,12557,96.5,92.1,2.1,0.6,0.9,0.6,0.2,3.5,3.9,4976,276,135,0,265,862,176,7,406,29.2,23.4,36.1,15.4,14.8,16.1,20.8,11.6,31.6,10.2,17,2.1,24.5,33.2,14.1,83.6
Kansas,Anderson County,56,47.7,64.5,71.9,62.9,81.3,6,6.1,5.9,5.7,6.4,5.1,67.2,38.9,87.7,84.7,86.3,10.7,13,78700,61383,36458,31338,41357,7800,97,95.2,0.8,0.7,0.1,0,0.2,3,2.3,3164,270,142,2,238,762,71,0,171,32.7,25.7,41.9,17.5,13.1,23.2,15.8,6.6,27.9,19.6,33.5,1.3,14.5,21.1,5.7,83.6
Kansas,Atchison County,61.6,58.9,64.6,77.1,76.7,77.5,4.4,3.2,5.7,3.8,2.5,5.1,78.7,96.1,81.5,89.8,81.6,8.9,13.9,76734,56945,27351,18543,39165,16382,92.9,88.5,2.6,0.2,0.6,0,1.1,7.1,3.2,5874,549,135,53,243,1518,286,57,471,33,28.7,37.2,21.9,15.3,28.4,21.9,17.7,26.1,10,18.8,1.3,13.2,19.5,7,83.6
Kansas,Barber County,61.7,56.2,66.8,79.5,75.5,83.3,2.3,0.7,3.6,2.4,0,4.3,75.5,76.1,93,48.1,87,13.2,19.6,76195,57753,38668,34023,45847,4178,97.7,94.9,0.4,1,1.2,0,0.2,2.3,6.5,1808,153,88,3,19,336,98,37,89,40.3,34.1,48.1,12.3,6.8,19.3,14.2,3.6,27.7,15.9,28.1,0.6,17.2,27.5,4.3,83.6
Kansas,Barton County,62,57,67.2,78.1,73.6,82.6,3.8,3.5,4,2.9,2.5,3.3,75.4,81.3,85.6,61.1,85.6,9.5,15.5,75166,54584,35134,28978,42060,25708,92.8,87.3,1.3,1.3,0.4,0.2,2.3,7.2,15.4,10147,863,218,31,526,2016,435,39,986,30.6,27,34.6,19.4,13.8,25.6,20.8,12.5,30,10.7,19.7,0.7,18.6,27,9.1,83.6
Kansas,Bourbon County,57.2,52.2,62.5,75.3,70.1,80.5,3.6,3.3,3.8,3.5,2.6,4.1,72,63.8,79.7,56.5,84.1,9.2,13.4,69858,54447,33628,25066,38348,14410,95.5,90.9,2.5,0.1,0.9,0,1.1,4.5,3,5773,334,385,50,258,1161,452,91,592,29.7,21.4,39.3,16.2,12.2,20.8,18.8,9.6,29.5,10.3,18.9,0.3,24.9,37.8,10,83.6
Kansas,Brown County,60.2,53.6,66.8,74.4,68.6,80.1,5.4,5.6,5.3,5.4,5.5,5.3,72.6,84.5,87,55.7,84.6,9.4,14.6,71205,57022,34373,26291,40858,9532,94.6,83.7,0.9,8.7,0.3,0,0.9,5.4,5.4,3678,235,155,0,153,913,203,16,197,32.9,26.6,40.8,17.5,13.5,22.5,21,13.9,29.8,10.3,17.9,0.9,18.3,28,6.1,83.6
Kansas,Butler County,59.2,56.4,62,72.7,71,74.3,3.4,4,2.9,3.3,3.8,2.8,74.9,67.5,79.8,67.6,77.3,7.1,9.5,95274,78100,43567,35832,53394,67404,95.4,90,2.3,0.7,1.3,0.1,1.1,4.6,5.2,24620,2167,1209,143,719,6436,2329,298,1603,42.2,36.2,48.9,14.6,13.1,16.2,20.5,12.3,29.6,9.4,16.7,1.2,13.3,21.6,4.1,96.4
Kansas,Chase County,57.2,57.7,56.7,76.1,78.1,74.1,0.7,0.3,1.2,0.9,0.4,1.4,78.4,85.5,94.1,71.9,75.1,4.7,6.7,65921,53904,30631,22129,34963,2583,96.8,93.4,1.2,0.6,0.2,0,1.4,3.2,5.7,1063,110,22,4,25,184,30,22,103,29.4,23.4,35.2,14.9,10.8,18.7,18.9,13,24.6,12.6,24.4,1.3,24.2,28.4,20.2,83.6
Kansas,Chautauqua County,47.9,51.3,44.8,66.1,70,62.7,8.2,5.1,11.3,8.1,4.5,11.3,73.3,95.4,76.5,88.4,70.7,17.2,17.9,55999,50325,31338,25812,35940,3394,91.9,86.1,1.2,4.2,0.3,0,0.1,8.1,4.4,1294,96,51,24,50,238,28,35,147,32.6,20.3,43.9,22.3,12.1,31.8,13,7.3,18.4,16.2,31.5,2.1,15.8,28.9,3.7,83.6
Kansas,Cherokee County,56.5,54.1,59.2,70.8,68.1,73.7,1.4,1.9,0.9,1.5,2.1,0.9,69.5,80.2,79.6,69.6,74.4,8,12.9,69328,51555,33463,29597,35353,19507,93.2,89.4,0.7,2.2,0.2,0.6,0.1,6.8,3,7543,576,445,16,306,1401,552,102,463,28.7,23.7,33.9,19,13.5,24.6,19.7,10,29.7,11.1,19.9,2,21.5,32.9,9.8,83.6
Kansas,Cheyenne County,56.8,49.2,64.7,76.4,68.9,83.4,2.5,3.8,1.6,3.1,4.6,1.9,72.2,90.9,88.8,73.1,85.7,11.5,15.8,72174,49093,33815,24525,44020,2647,96.7,91.9,0,0.8,0,0.3,3.6,3.3,7.3,1229,73,49,4,62,151,43,4,95,38.9,33.5,45.9,17.1,12.5,22.9,16.9,7.9,28.4,14.9,25,1.9,12.2,21.1,0.9,83.6
Kansas,Clark County,59.6,54.2,65,79.8,73.3,86.2,1.1,2.3,0,1,2.1,0,74.9,86.1,78.3,71.2,86.2,9.8,10,72758,60556,41134,30316,44869,1994,93.9,89.5,0,2.2,1.6,0,0.7,6.1,4.7,844,67,49,0,58,119,69,0,69,38.3,30.7,47.4,12.5,13.3,11.7,21,13.1,30.5,15.5,25.7,3.1,12.8,17.2,7.4,83.6
Kansas,Clay County,57.8,53.6,62,75.9,75.7,76.1,2.1,2.8,1.5,2.2,3,1.3,78.1,54.8,93.8,79,81.5,5,7.9,76455,57460,36524,26729,49595,8085,98.8,95.9,1.7,0.7,0.5,0,0,1.2,2.9,3605,190,78,57,139,722,77,96,186,38.3,29.6,48.1,14.5,8.3,21.6,16.7,9.5,25.1,15,27,1.2,15.5,25.6,4,83.6
Kansas,Cloud County,61,57,65.1,78.4,76.4,80.2,4.6,3.8,5.3,4,1.7,5.9,77.7,73.6,86.2,78.2,85.2,6.5,11.4,69344,57890,33013,24925,38014,9037,96.7,94.5,1.4,0.3,0,0,0.3,3.3,3.6,3633,235,208,10,76,609,248,30,236,36.8,28.5,46.3,15.5,11.1,20.3,17.7,12.8,23.2,13.6,23.3,2.8,16.4,24.3,7.5,83.6
Kansas,Coffey County,58.8,54.9,62.6,74.9,70.9,78.7,4.3,4,4.6,4.2,4,4.3,73.9,80.6,81.2,64.9,83.2,8.6,12.2,92883,68852,40402,29616,47991,8361,97,95.3,0.7,0.2,0.6,0,0.1,3,3.3,3492,213,99,8,147,550,162,113,247,34.5,26.4,43.9,18.7,17,20.7,16.5,6.9,27.5,14.2,26.3,0.5,16,23.4,7.5,83.6
Kansas,Comanche County,60.9,49.9,73.5,76.4,65.3,88,3.7,5.9,1.9,4.3,7.8,1.3,70.8,100,81.8,58.3,89.1,3.6,6.4,87048,53773,40097,28158,48636,1809,97.9,97.7,0.1,0,0,0,0.1,2.1,3.3,844,32,18,0,6,150,81,0,28,41,34.6,49.2,12.1,7,18.7,19.9,15.9,25,16.6,27.8,2.3,10.3,14.7,4.8,83.6
Kansas,Cowley County,55.3,51.7,59,70.5,67.4,73.4,5.8,5.3,6.2,5.1,5,5.2,70.9,71.7,81.4,72,77.4,10.6,13.7,72262,56388,34128,28072,39636,34769,92.6,85,2.3,1.4,1.9,0.1,1.9,7.4,11.3,13017,817,390,81,699,2638,612,94,1638,32.2,23.8,41.8,19.2,15,24,18.4,11.7,25.9,11.2,20.3,0.9,19,29.3,7.4,83.6
Kansas,Crawford County,61,58.8,63,75.4,74.2,76.4,4,3.2,4.8,3.6,2.5,4.7,76.1,77.2,84.3,84.9,80.4,14.6,20.5,64029,49258,30941,28941,33400,39018,95.9,90.8,2.1,0.4,1.8,0.1,0.6,4.1,6.1,15512,1473,348,179,689,2509,435,124,1658,34.5,24.9,45.2,19.2,14.5,24.3,19.2,16.8,21.8,9.5,16.5,1.7,17.6,27.1,6.9,83.6
Kansas,Decatur County,59.5,50.8,68.4,80.1,76.9,83.2,4.3,3.5,4.9,4.2,1.9,6.1,78.3,88.7,87.6,93.9,88.6,9.7,13.7,74938,50939,33805,24324,46520,2792,98.1,96.2,0.8,0.8,0.3,0,0,1.9,3.3,1304,138,3,0,28,242,39,0,71,30.4,27.7,33.9,21.1,13.4,31.3,18.6,10.5,29.1,15.7,26.7,1.2,14.3,21.7,4.5,83.6
Kansas,Dickinson County,61.6,58.4,64.8,78.2,76.1,80.1,3,3,3,2.8,2.5,3.2,78.1,85.8,92.1,50.4,83.9,5.4,8.7,78366,64746,38365,28767,44510,18572,96.4,92.7,1,0.7,0.8,0,1.2,3.6,5.2,7719,501,437,0,180,1657,428,35,461,34.6,29,40.8,15.4,11.3,19.8,21.1,11.5,31.7,12.5,22.3,1.8,16.4,25.9,5.9,83.6
Kansas,Doniphan County,60.2,58.7,61.5,78.6,76.5,80.6,1.9,2.5,1.3,1.5,1.8,1.2,77.9,85.7,80.3,86.6,82,16.5,15.8,79195,59723,34622,25909,45801,7549,97.5,91.6,5.1,0.6,0.1,0.1,0.1,2.5,2.9,2785,254,43,7,137,485,113,28,181,32.2,31.1,33.4,22,10.4,34.8,15,6.9,23.9,12.2,21,2.4,18.7,30.6,5.5,83.6
Kansas,Douglas County,67.2,65.8,68.6,79,77.8,80.1,4.4,4.5,4.3,3.9,3.7,4.1,80.8,77.7,87.8,82.6,84.1,6.7,16.5,103842,68227,32773,27894,38166,118690,92.9,80.5,4.2,2,5.1,0,1.1,7.1,6.5,49259,4257,1059,109,985,7964,1456,412,2918,46.1,43.3,48.9,17.8,14.9,20.8,19.7,15.3,24.3,6.2,11,1.2,10.2,15.5,4.7,83.6
Kansas,Edwards County,57.9,50.2,65,74,64.8,82.6,2.4,1.4,3.1,1.8,1.6,2,65.9,66.1,55.2,67.9,84.5,5.1,10.1,72496,54150,35208,28047,38150,2911,93.8,90.9,0.2,0.3,0.3,0,2.1,6.2,21.4,1251,75,28,15,47,178,149,3,72,32.4,30,35.8,14.9,9.9,21.9,20.3,9.7,35.1,16.2,27.3,0.7,16.1,23.1,6.5,83.6
Kansas,Elk County,48.2,43.3,53.3,66.8,60.9,72.7,5,4.6,5.3,6,5.6,6.4,64.5,48.4,79.2,95.1,77.6,11.1,14.3,67785,49769,26031,19516,32564,2466,94.9,92,0.1,1.6,0.2,0,0.9,5.1,4.7,1005,63,31,0,30,250,24,4,57,34.1,34.5,33.6,21.2,14.2,29.7,18.2,10.3,27.6,13.1,22.8,1.4,13.5,18.2,7.8,83.6
Kansas,Ellis County,70.2,63.6,77,85.3,81.3,89.2,3.6,4.1,3.1,2,1.6,2.3,82.6,89.3,87.1,73.7,91.4,9.7,15.6,85940,59795,33761,27662,39981,28893,97.2,91.3,1.5,0.2,1.7,0.2,2.3,2.8,6.1,11899,989,370,0,413,2516,706,13,836,38.9,34.7,43.7,20,18,22.4,21.1,14.1,29.3,10.3,18.7,0.4,9.8,14.5,4.2,83.6
Kansas,Ellsworth County,51.3,56.3,47.4,63.2,77.1,53.9,3.8,2.3,5.1,4.1,2.1,6,78.8,88,84.5,75.2,57.7,7.2,10.4,84248,60297,34206,29947,39805,6403,94.9,88.7,3.4,1,1.2,0,0.6,5.1,6.2,2310,216,51,6,52,460,169,12,152,35,28.8,41.9,21.5,15.8,27.6,15.2,5.8,25.7,11.5,21.4,0.8,16.7,28.3,4,83.6
Kansas,Finney County,69,62.4,75.1,79.2,72.7,85.1,5.2,5.3,5.1,5.1,4.6,5.5,76.2,69,81.1,76.5,90.4,10.6,13.2,82028,66898,36985,28482,44754,38338,88.9,71.9,4,0.4,4,0,8.6,11.1,50.5,12924,1444,886,9,1027,2899,1118,61,2673,26.5,21.2,33.3,15.7,10.6,22.3,18.9,11.7,28.3,13.1,22.3,1.1,25.8,34.1,15.1,83.6
Kansas,Ford County,68.5,58.1,78.1,80.2,69.7,89.3,3.7,5.1,2.7,3.7,4.8,2.9,73.3,69.4,81.5,68.7,92,10.3,12.3,77843,64940,38623,31263,44268,34426,89.4,77.1,2.1,0.7,1.4,0.1,7.9,10.6,55.8,11571,1190,1110,21,796,3194,1460,17,1480,25.1,18.4,35,15,11,20.8,16.1,10.4,24.4,14.8,23.5,2,29,36.6,17.7,83.6
Kansas,Franklin County,64.4,59.5,69.3,80.1,75.4,84.7,2.8,3.6,2.2,2.9,4,1.9,78.6,76.2,89.4,67.2,86.6,6.5,8.8,83938,69756,40126,32848,47172,25953,95.3,92.2,0.5,0.4,0.4,0,1.8,4.7,4.5,10018,799,432,21,452,2149,607,72,591,29.2,23.7,35.5,15.4,7.5,24.5,20.7,14.9,27.3,12.9,24,0.2,21.8,29.9,12.5,83.6
Kansas,Geary County,51.9,56.5,48,58.7,64.8,53.6,4.6,4.3,5,4.8,4.2,5.3,72.3,54.3,81,45.7,89.9,15.1,18.1,68286,59584,35471,28308,41294,36514,89.4,63.1,17.5,0.6,3.1,1,4,10.6,16.8,13429,1780,1638,34,976,2128,1426,61,1855,32.4,24.5,40.2,20.8,17.1,24.5,17.9,9.2,26.5,13.7,25.2,2.4,15.2,24,6.4,83.6
Kansas,Gove County,59.5,46.9,72,81.1,69.9,91,3.3,3.5,3.1,3.6,3.3,3.8,72.3,74.6,77.9,47.4,94.6,5.7,6.5,77368,58016,37341,27455,47248,2774,97.4,94.9,0.9,0,1.3,0,0.4,2.6,2.4,1206,111,57,18,16,244,127,4,55,42.2,38.1,48.4,13.7,6.2,25.2,15.5,12.7,20,16.8,26,2.6,11.9,17.1,3.8,83.6
Kansas,Graham County,61,56.9,65.2,78.3,72,84.2,4,4.2,3.8,5,5.4,4.6,76.1,100,66.2,68.8,88.3,10.7,9.2,59066,48059,36246,29923,41795,2444,95.8,90.5,4.4,0,0.9,0,0,4.2,3.9,1182,59,39,2,16,187,112,3,34,30.9,27.4,34.9,15.6,10,22,22.5,8.8,38.3,17.3,31.5,1.1,13.6,22.3,3.7,83.6
Kansas,Grant County,59.8,53.3,65.8,74.2,63.9,85,2.5,2.8,2.4,1.3,3,0,65.9,88.6,70.3,23.1,87.4,1.8,8.7,84475,65855,47756,34584,58225,7430,83.9,81.1,0.1,0.8,1.2,0,0.8,16.1,48.6,2471,241,186,0,290,873,435,0,22,20.8,20.5,21.2,13.2,6.1,22.8,20.2,10.9,32.8,29.2,44.4,8.6,16.6,18,14.6,83.6
Kansas,Gray County,68.6,59,78.2,85.3,74.9,95.6,1.8,2.6,1.1,0.5,0.2,0.8,75,61.9,73.7,59.4,96.3,3.5,4.7,92480,76650,41737,28351,51124,5720,95.7,94.8,0,0.1,0.3,0,0.5,4.3,16.4,2054,278,158,0,65,531,302,1,194,34.1,30.5,38.8,14.5,7.8,23.3,18.3,13,25.3,17.3,27.3,4.1,15.9,21.5,8.4,83.6
Kansas,Greeley County,71.5,63.2,79.1,84.5,73.9,94,0,0,0,0,0,0,73.9,68.6,73.5,93.3,94,8.7,11.1,79706,62436,40018,23163,50802,1257,96.2,77.7,0,3.6,0,0,14.9,3.8,22,543,79,34,4,3,85,31,9,79,39.5,45.7,31.2,16.6,12.7,21.9,19.2,2.5,41.8,17.9,27.9,4.5,6.7,11.2,0.7,83.6
Kansas,Greenwood County,58.3,51.1,65.3,76.8,68.8,84.1,2.3,3,1.9,2.5,2.9,2.2,71.6,63.6,90.7,67.2,86,10.7,13.4,66831,50993,35568,27185,41010,6049,96.2,93.9,0.4,1.2,0.2,0,0.4,3.8,4.2,2537,111,94,9,62,434,136,21,157,27.4,22.4,34.1,19.5,16.3,23.7,18,6.4,33.1,17.1,28.9,1.7,17.9,26,7.5,83.6
Kansas,Hamilton County,64.6,47.8,78.1,78.1,57.8,93.4,0,0,0,0,0,0,57.8,80.8,57.2,94.6,93.4,4.9,7.4,64945,52683,40888,27795,43004,2572,95.5,87.3,0,0,0,0,8.2,4.5,33.9,778,174,38,0,23,152,116,8,138,23.9,21.8,28.4,21,12.2,38.8,11.4,5.6,23.3,35.8,51.4,4.1,7.8,9,5.3,83.6
Kansas,Harper County,52.1,45.8,58.5,71.1,66.3,75.6,4.2,1.9,5.9,1.8,1.2,2.3,67.1,48,83.9,72,77.4,11.7,17.6,66536,56885,33162,24198,42664,5525,96.7,93.1,0.1,0.9,0.5,0.2,1.7,3.3,6.5,2204,95,110,6,78,454,149,27,148,27.7,19.2,38.3,15.1,7.4,24.7,20.4,13.7,28.8,18.7,31.3,3.2,18,28.4,5.1,83.6
Kansas,Harvey County,64,57.8,70.6,81.5,76.7,86.1,3.5,3.5,3.5,3,2.5,3.4,78.7,75.3,88.8,82,89.2,6.5,9.8,79608,66112,39247,31464,47467,34006,92.9,88.6,2,0.2,0.3,0.1,1.7,7.1,12.4,13263,1332,481,3,531,3126,778,138,1277,37.2,30.8,44.7,17.2,12.1,23.2,16.8,10.2,24.5,10.6,18.2,1.7,18.2,28.7,6,83.6
Kansas,Haskell County,64.8,52.8,77.1,76.5,61.9,92.5,3.2,3.2,3.1,2.1,3.5,1.1,64.2,19.8,71,44,93.4,7,9.9,78587,64137,35542,28086,43422,3803,94,77.8,0.3,0.9,0.2,0,14.8,6,31.4,1333,68,182,0,23,281,284,28,127,33.5,30.8,37.3,14.4,3.7,29.7,11.9,7.5,18.4,23.5,36.7,4.6,16.7,21.3,10,83.6
Kansas,Hodgeman County,62,50,73.2,80.3,70.4,87.9,4.5,2.1,6,2.8,0.3,4.3,70.6,59.3,85.4,75.9,91.9,5.9,10.1,90166,68563,37662,28839,43202,1851,97.9,97.5,0.1,0.2,0,0,0.2,2.1,7.2,725,31,30,0,30,192,44,4,33,46.4,47.7,44.4,13.2,5.6,24.9,13.2,4.2,27.1,16.8,27.6,0,10.4,14.8,3.6,83.6
Kansas,Jackson County,61.1,56.8,65.3,76.3,71.6,80.9,4,3.4,4.5,3.8,3.8,3.8,74.4,70.3,83.9,65.9,84.1,7.8,9.8,83467,67605,36644,26540,45194,13287,94.8,85.5,0.3,7.3,0.2,0,1.5,5.2,5.2,5204,449,198,24,184,1306,297,14,415,29.2,21.4,38.2,18.4,13.5,24.2,16.2,7.5,26.4,18.8,33.8,1.3,17.4,23.8,9.9,83.6
Kansas,Jefferson County,62.7,59,66.3,81.4,76.8,85.8,3.7,3.3,4.1,2.5,2.4,2.7,78.7,81.7,83.2,70.6,88.4,3.3,6.4,96233,78774,47356,40140,54605,18391,96.5,94.7,0.7,0.5,0.1,0,0.5,3.5,3.1,7262,624,364,55,143,1577,611,92,389,36.2,25.9,48,14,9.3,19.3,17.3,9,26.8,19.9,36.7,0.6,12.6,19.1,5.2,83.6
Kansas,Jewell County,52.5,49.4,55.4,76.3,74.7,77.8,1.3,0.9,1.6,0.8,0,1.4,74.7,96.7,88.6,84.8,78.9,12.8,18.5,70949,49764,28494,22754,35360,2927,95.7,94.3,0.4,0.2,0.3,0,0.6,4.3,2.5,1240,136,30,2,56,196,40,16,65,44,45.9,41.8,12.2,8.8,16.2,18.9,6.4,33.6,8.7,16.1,0,16.2,22.8,8.4,83.6
Kansas,Johnson County,69.7,64.4,75.4,83.3,78.3,88.3,3.1,3,3.1,2.7,2.5,2.8,80.4,79.2,83.5,70.6,91.2,3.4,5.1,127497,104704,55331,44594,66622,605154,95.4,83.4,4.8,0.2,5.3,0,1.6,4.6,7.9,237949,26119,10474,978,5445,56931,17803,1872,14598,53.6,52.8,54.5,12.2,9.8,15,21.5,17.4,26.2,4.6,8.4,0.4,8,11.7,4,145.07
Kansas,Kearny County,60.5,49.3,72.5,72.1,61,82,2.1,3.8,0.9,1,1,1,61.6,30.9,55.2,66.9,82.9,9.3,15.5,75203,66933,38101,26888,44806,4019,96.8,89.7,2.5,0.1,0.3,0,4.2,3.2,32,1306,94,109,0,91,292,165,71,261,36,27.3,48,12.3,9.1,16.8,12.9,5.3,23.5,21.6,36.3,1.3,17.2,22.1,10.4,83.6
Kansas,Kingman County,59.5,53.4,65.7,75.8,69,82.6,3.5,4.2,3,3.6,4.6,2.6,72.3,61.3,92,85.6,84.8,7,9.1,72324,59789,33266,28221,39417,7495,96.8,95.3,0.1,0.1,0,0,1.2,3.2,3.9,3177,229,55,6,143,563,106,29,325,32.8,28.2,38.2,16.3,6,28.8,15.4,10.4,21.3,16.6,28.8,1.9,18.9,26.5,9.7,83.6
Kansas,Kiowa County,62.5,57.2,68.3,79.4,78.2,80.6,3.7,4.9,2.5,2.6,3.7,1.6,81.2,40,84.3,68.1,81.9,2.2,5,76424,66933,32479,21587,43197,2457,96.4,91.7,0.8,0.9,1.3,0,1.6,3.6,5.7,926,100,61,0,2,296,82,7,26,34.8,30.7,39.3,20.1,18.3,22.1,21,7.9,35.2,13.5,25.2,0.9,10.6,18,2.6,83.6
Kansas,Labette County,58.6,58.4,58.8,73.4,74.7,72,3,2.9,3.1,2.8,3,2.7,77.1,70.1,89.9,72.1,74,8.8,15.9,71865,56053,34363,30230,41391,20222,94.3,88.2,4.2,0.9,0.1,0,0.9,5.7,4.9,7857,650,346,11,280,1571,512,141,725,37.6,27.8,47.3,17.5,11,23.9,14.8,9.9,19.7,10.1,20,0.3,20,31.3,8.8,83.6
Kansas,Lane County,69.1,62.7,75.8,81.5,72.7,90.4,0.2,0,0.4,0.3,0,0.5,72.7,100,97.3,81,90.9,5.3,9.8,82658,48199,36788,25995,40519,1504,99.4,91.9,0,0.7,2.5,0.1,4.1,0.6,11.2,659,73,3,0,1,195,17,4,19,40.4,36.1,45.4,15.5,4.4,28.5,12.3,5.9,19.7,19.5,34.4,2.3,12.2,19.2,4.1,83.6
Kansas,Leavenworth County,54.6,55.4,53.9,63.9,68.2,60.5,5.2,4.5,5.8,4.9,4.4,5.3,72.6,62.9,78.7,73.8,72.8,6.3,8.6,105761,88130,43187,35582,50603,81601,93.2,81.3,8.1,0.7,1.2,0,1.8,6.8,7.3,28664,2132,1910,125,1330,6266,2587,664,2023,40.9,34.6,47.9,18.8,16.5,21.6,20,14.8,25.8,7.7,13.2,1.3,12.7,20.9,3.4,96.4
Kansas,Lincoln County,60.1,56.8,63.5,80.5,77.1,84,2.4,2.2,2.6,2.9,2.7,3.2,79.2,81.7,81.6,61.3,86.8,10.3,11.8,64719,52818,34475,30295,37868,2952,95.7,95.5,0.1,0.1,0,0,0,4.3,3.8,1212,110,41,0,36,221,88,5,154,35.6,43.9,26.4,17.3,7.7,28.1,21.1,8.1,35.7,9.4,16.5,1.3,16.5,23.7,8.5,83.6
Kansas,Linn County,54.9,49.5,60.1,69.7,60.8,78.1,4.4,5.3,3.7,4.3,6.5,2.7,65,71.6,89.1,52.3,80.3,7.3,11.8,77938,57050,39189,27931,48731,9667,97.1,94.1,0.9,0.2,1.6,0.1,0.2,2.9,3,4089,188,197,3,120,905,187,24,159,28.4,23.3,34.8,15,9.2,22.2,22.7,12.3,35.8,17.9,30.8,1.7,16.1,24.4,5.6,83.6
Kansas,Logan County,67,61.2,72.7,86.1,83.9,88.1,0.8,0.5,1,0,0,0,85.3,94,83.2,86.2,88.1,6.6,10.3,83630,67800,33707,27309,44536,2777,97.5,93.6,0.1,1.2,0.5,0.2,1.9,2.5,5.9,1156,122,44,25,42,219,62,9,69,38.8,39,38.7,19.7,10.4,30.9,16.3,8.5,25.7,13.3,22.8,1.8,11.9,19.3,2.9,83.6
Kansas,Lyon County,66.6,62.5,71,79.3,75.3,83.3,3.4,3,3.7,2.3,2,2.6,76.9,65.6,87.8,74.9,86.4,6.5,15,75623,57324,30994,21839,38421,32318,89.4,83,1.9,0.6,1.8,0,2.3,10.6,21.9,13215,1036,564,3,428,2634,433,16,1060,29.8,24.1,35.7,19.5,15.8,23.5,18.6,10.3,27.3,9,17.1,0.5,23.1,32.7,13,83.6
Kansas,McPherson County,62.9,58,67.8,79.7,73.4,85.7,1.6,1,2,1.1,0.7,1.4,73.9,69.7,82.3,68.1,87.3,4.9,9.2,84221,69559,38813,30273,48103,30059,97.4,94.8,1.4,0.2,0.7,0,0.3,2.6,4.5,12180,894,590,14,162,2729,864,86,587,37.3,33.5,41.6,16.5,12.5,21.2,18.2,9.1,28.7,8.6,14.6,1.7,19.4,30.3,6.8,83.6
Kansas,Marion County,58.8,54.9,62.7,78.6,74,82.9,4.7,5.2,4.3,3.7,5.9,1.8,78.8,80.8,84.3,78.3,84.4,4.9,9,71859,59600,30070,21150,42011,11877,96.9,94.5,1,0.2,0.6,0,0.5,3.1,4,4617,321,158,12,169,1028,241,20,343,36.9,30,44.6,15.5,9.8,22,17.7,11.2,25,13.4,23.5,1.9,16.5,25.5,6.4,83.6
Kansas,Marshall County,63.9,61,66.8,84.8,81.8,87.7,2.6,2.5,2.6,2.8,2.7,3,84.2,84.8,85.3,89,91.1,5.3,10.2,79811,64038,37440,32743,46041,9995,96.6,95.4,0.5,0.1,0.4,0,0.2,3.4,2.6,4070,497,105,34,36,1000,169,24,272,34.2,29.2,39.8,13.7,8.7,19.2,20.7,11.3,31,9.5,17.2,0.9,21.9,33.5,9.1,83.6
Kansas,Meade County,64.5,56.1,72.9,79.9,70.7,88.5,1.7,3.1,0.6,1.7,3.1,0.7,72.9,58.1,75.8,76.1,89.2,7.6,8.1,83794,71986,40875,26256,57101,4089,94,81.9,0.4,0.3,1.1,0,10.3,6,22.3,1632,100,161,0,84,328,158,23,146,43.2,44.3,41.6,15.6,6.8,27,14.1,6.7,23.8,17,26.6,4.4,10.2,15.5,3.2,83.6
Kansas,Miami County,63.9,61.2,66.6,79.1,76.3,81.7,2.9,3,2.7,2.8,3.3,2.3,79,73.6,85.8,71,84.2,4.8,6.2,102721,86340,45739,37989,57803,33968,96.8,93.4,0.9,0.7,0.6,0,1.2,3.2,3.4,12921,1213,502,86,310,3249,685,241,943,36.2,30.2,42.8,17.7,12.3,23.7,21.5,15.8,27.9,11.8,21.5,1,12.9,20.2,4.7,96.4
Kansas,Mitchell County,56.8,57.6,56.1,74.6,77.5,72,1.8,0.5,3.1,1.2,0,2.3,77.5,72.3,74.8,82.7,73.7,6.3,12.8,67165,53683,38569,33129,42296,5884,97.2,95.7,0.4,0.6,0.2,0,0.2,2.8,2.3,2445,243,30,0,69,438,113,16,181,35.6,29.7,41.5,19.5,9.7,29.6,16.2,7.2,25.5,13.5,26.7,0,15.2,26.8,3.4,83.6
Kansas,Montgomery County,55.6,51.9,59.4,69.8,67.7,72,4.5,2.6,6.1,4.5,2.4,6.4,69.5,65.4,68.3,86,76.9,12.2,17.6,65820,51990,31625,24246,39276,31679,93.1,82.4,4.9,3.3,0.6,0,1.9,6.9,7.1,12793,714,431,134,698,1770,851,151,1410,29.8,25.3,34.8,19.3,15.2,23.9,21.1,13.5,29.6,11.6,20.5,1.5,18.3,25.4,10.3,83.6
Kansas,Morris County,62.1,58.7,65.5,79.3,74.2,84.1,3.3,0.2,5.9,3.3,0.2,5.7,75.9,78.3,83.9,82.7,89.3,9.5,11.2,75279,54764,35962,32035,38232,5377,96.8,95.6,0.1,0.3,0.5,0,0.2,3.2,5.3,2294,123,39,10,107,447,77,6,116,37.5,30.6,45.3,14.2,11,17.7,18.3,8.7,29.2,12.9,24.3,0.2,17,25.4,7.7,83.6
Kansas,Morton County,57.7,51.1,65.3,76,72.2,80,2.2,0.7,3.5,2.2,0.2,4.1,72.3,92.8,70.9,70.7,83.4,10.1,12.1,81069,56077,42646,31525,47764,2744,89.1,86.2,0.3,0.1,1.6,0,0.8,10.9,23.6,938,59,46,0,72,239,70,23,45,39,27.4,51.7,15,5,25.9,8.8,1.6,16.7,23.5,43.2,1.7,13.8,22.7,4,83.6
Kansas,Nemaha County,64.9,62.5,67.3,84.2,81.8,86.5,1.7,0.9,2.4,1,0.8,1.1,82.5,75.3,84.6,94.6,87.4,5.5,8.3,95425,71043,38420,29325,45707,10197,97.3,96.1,0.5,0.3,0.2,0,0.2,2.7,2.2,3971,538,149,2,79,1272,196,5,228,37.9,31.5,45,15.5,6.7,25.1,16.7,10,24.1,9.8,16.4,2.5,20.1,35.4,3.4,83.6
Kansas,Neosho County,57.6,54.4,60.9,74.4,71.8,77,4.7,5,4.5,4.2,5.3,3.2,75.8,77.7,84.3,49.4,79.5,11,14.2,73368,59382,34564,28435,45291,15926,96,93.9,1.2,0.3,0.2,0,0.4,4,6.1,6232,334,410,34,311,1069,331,92,661,35.2,30.8,39.7,15.9,9.4,22.8,21.7,13.7,30.2,10.9,20.2,1,16.4,25.9,6.3,83.6
Kansas,Ness County,64.3,59.4,69.3,83,76.8,89.4,0.7,0.6,0.8,0.4,0.7,0.2,77.4,78.3,72.7,32.4,89.5,5.3,9.2,91804,68933,43098,26342,56495,2717,97.1,86.5,0.8,0.2,0.6,0,9,2.9,11.6,1156,97,78,0,2,112,159,0,50,33.9,34.1,33.6,15.5,3.6,29.6,17.8,7.7,29.7,18.9,33.6,1.5,13.9,21,5.6,83.6
Kansas,Norton County,50.8,58.6,45.2,63.8,85,50.6,1.4,2.1,0.8,0.8,0.7,0.9,85.6,94.2,98.4,95.6,51.1,4.7,6.6,80826,53765,27434,29067,25503,5457,97.5,90.6,3.1,0.7,0.7,0,2.3,2.5,5.4,1816,336,27,0,67,507,3,38,58,29.7,20.2,39.9,21.2,21,21.3,27.3,19.5,35.7,10.8,19.6,1.4,11,19.7,1.7,83.6
Kansas,Osage County,59.6,56.6,62.6,75.9,73.1,78.8,3.3,1.7,4.7,2.8,1.1,4.4,73.9,78,86.1,73.2,83.4,8.3,11.4,79487,67255,36473,30317,42353,15811,96.3,94.9,0.5,0.2,0.2,0,0.5,3.7,3.6,6325,509,153,0,174,1292,323,80,503,33.4,25.8,41.7,16.1,14.1,18.2,19.9,9.4,31.4,13.3,25,0.5,17.4,25.8,8.1,83.6
Kansas,Osborne County,62.4,59.5,65.3,80.9,78.3,83.5,2.7,4.5,1,3.2,5.4,1.1,82.7,91.8,88.5,68.8,84.5,8.7,13.5,74597,60551,37386,29898,46870,3512,96.7,94.8,0.5,0.2,0.1,0,1.2,3.3,2.5,1592,130,21,0,36,295,39,3,105,37.8,36.4,39.3,15.6,10.6,20.9,20.1,7.9,33.2,13.5,24.9,1.2,13.1,20.2,5.4,83.6
Kansas,Ottawa County,60.4,55.6,65,76.9,70.5,83,4.1,4.1,4.2,4.1,4.5,3.8,73.8,58.3,88.9,80.7,86.5,8.5,11.3,82643,62626,38472,33196,46225,5778,97.5,95.1,0.9,0.6,0.3,0,0.7,2.5,3.1,2356,211,69,16,39,521,122,23,199,36.4,31,43.3,14.8,12.3,18,21,11.5,32.9,11.6,20.6,0.6,16.1,24.7,5.3,83.6
Kansas,Pawnee County,50,48.3,51.3,59.9,65.4,56.1,1.3,0.1,2.1,1.2,0.1,2.1,65.4,89.7,93.4,75.7,58.2,2.8,12.4,80031,55577,30686,31663,29477,6356,96.6,87.8,6.8,0.9,0.1,0,1,3.4,7.7,2364,153,55,9,10,259,101,59,114,38.5,31.5,47.9,24.3,23.7,25.2,12.1,5.9,20.5,11.5,19.2,1.1,13.6,19.7,5.3,83.6
Kansas,Phillips County,59,53.8,64,79.1,73.7,84.3,3.7,6.1,1.6,3.2,5.2,1.3,77.8,77.7,79.5,79.4,85.5,11,14.2,72239,58772,34815,27900,44617,5022,97.8,94.7,1.9,0.1,0.5,0.3,0.2,2.2,3.4,2203,222,52,0,21,410,51,0,181,37.6,26.8,50.8,16.4,11.6,22.4,14.3,7.3,22.7,15.3,27.1,0.7,16.5,27.2,3.3,83.6
Kansas,Pottawatomie County,64.4,59.3,69.3,79,74.6,83.2,2.1,2.1,2.1,1.8,1.2,2.2,75.5,64.3,89.8,61.3,87.2,7.1,8.2,97165,82937,44486,35815,57220,25082,95.9,92.8,1.8,0.2,0.6,0,0.4,4.1,5.3,8788,1077,619,15,436,3309,956,46,473,44.7,39.6,50.7,15.2,12.3,18.7,16.6,8.7,26,9.7,17.4,0.4,13.9,22,4.2,96.4
Kansas,Pratt County,62.9,57.5,68.5,81.4,76.1,86.7,2.9,4,2,2.7,3.2,2.1,78.7,59.6,90.2,75,89.1,9,11.4,78880,62249,32705,22961,37249,9266,95.1,92.5,2,0.2,0.2,0,0.2,4.9,7.2,3671,297,158,0,110,896,162,9,187,38.5,31.7,46.5,18.8,17.4,20.5,19.9,13.7,27.2,11.5,20.9,0.6,11.2,16.4,5.2,83.6
Kansas,Rawlins County,67.7,57.7,77.5,83.7,78.2,88.5,0.6,1.4,0,0.2,0.4,0,78.5,74.3,89.6,87.7,88.5,10.3,12.2,82205,63863,33548,26569,41848,2531,98.2,93.5,0.6,0.6,0.7,0,2.8,1.8,7.4,1170,82,17,0,23,166,42,67,51,36.5,36.5,36.4,14.6,7.8,24.1,20.5,9.6,35.4,15.2,26,0.3,13.2,20,3.8,83.6
Kansas,Reno County,59.2,56.7,61.7,73.9,72.1,75.5,4.2,3.7,4.6,4,3.5,4.5,74.7,68.3,78,77.7,79.2,7.7,11.7,73458,58161,34215,28539,41545,62071,94.5,88.9,2.4,1,0.6,0.1,1.5,5.5,9.8,25023,1607,847,30,922,4866,1614,194,1982,32.1,28.5,36,17.5,14.4,21,22.6,13.1,33,8.7,16,0.8,19,28,9.2,83.6
Kansas,Republic County,58.2,54.2,62.5,81,78.3,83.6,1,1.5,0.6,0.8,0.9,0.7,79,72,94.4,71.8,84.2,7.2,11.6,75974,54792,34259,31482,36939,4707,98.8,96.5,0.8,0.3,0.6,0,0.6,1.2,2.4,2077,186,67,4,55,391,121,30,149,41.3,35.5,47.5,10.8,5.9,16.2,21.7,15.8,28.2,12.8,23.3,1.4,13.3,19.5,6.6,83.6
Kansas,Rice County,61.1,58.7,63.4,77.7,76,79.4,4.8,2.5,6.7,4.9,2.5,6.9,77.9,84.8,79.8,85.7,85.3,9.1,10.7,72259,61453,35226,30026,43580,9464,93.3,86.2,1.8,0.7,0.3,0.3,3.9,6.7,11.5,3766,432,89,2,153,770,188,15,411,32.7,24.4,42.3,18.1,12.5,24.7,17.6,9.9,26.5,11,19.9,0.8,20.5,33.4,5.7,83.6
Kansas,Riley County,59.5,61.7,57.6,66.9,70.5,63.9,4.9,5.1,4.7,4.2,4.6,3.7,75.3,53,84.2,62.5,84.8,10.4,22,83697,58093,26297,18054,29338,72602,94.3,81,6.2,0.8,4.7,0.2,1.4,5.7,8.4,26566,1668,1379,42,890,3096,1052,238,1725,43.8,42.2,45.5,20,18,21.9,20.9,15.4,26.7,7.6,13.6,1.2,7.7,10.7,4.7,96.4
Kansas,Rooks County,60.2,56.6,64.1,79.1,79.4,78.9,2,2.4,1.5,2.2,2.8,1.6,81.7,78.9,78.6,98.2,80.2,2.9,4.8,75158,59950,33727,23077,45329,4975,97.2,95,1.2,0.3,0.3,0.2,0.3,2.8,2.7,2106,220,28,0,79,441,73,0,120,32.5,29,36.2,22.9,13.1,33.5,17.8,9.1,27.2,15.6,27.6,2.6,11.2,21.1,0.5,83.6
Kansas,Rush County,61.9,57.5,66.2,78.4,75.2,81.9,3.4,3.9,2.9,4,4.4,3.7,78.6,88.6,72.2,84.6,85,5.2,9.5,70578,55278,34596,26342,44257,2883,92.8,91.8,0.3,0,0.3,0,0.3,7.2,4.3,1318,81,37,0,93,227,63,0,85,33,35.4,30.1,16.3,11.6,21.8,19.9,5.6,36.5,14.6,26.2,1.2,16.2,21.2,10.4,83.6
Kansas,Russell County,57.3,54.6,60.2,72.4,66.9,78,4.6,1.9,7.1,4.7,2.5,6.6,68.6,81.4,87.4,96.2,83.4,7.6,15.2,73722,56798,33651,26114,39886,6747,94.3,91.1,1.7,0.4,0,0,1.1,5.7,4,2930,271,52,15,72,517,158,23,136,34.6,30.5,38.7,17.6,10.2,25.3,21.1,7.8,34.8,6.9,13.6,0,19.8,37.9,1.2,83.6
Kansas,Saline County,64.4,62,66.8,80.5,79.2,81.8,3.6,2.4,4.7,3.3,2.4,4.1,81.1,72.3,88.7,78.8,85.9,7.8,11.5,80028,60141,35409,31744,41319,54378,93.6,87.4,2.9,0.3,1.9,0,1.1,6.4,11.8,22048,1317,1135,86,1068,4205,1133,138,2084,34.4,27.1,42.1,19.3,15.5,23.3,21.2,15,27.7,7.4,14,0.4,17.7,28.4,6.4,83.6
Kansas,Scott County,69,61.8,75.4,87.3,80.2,94,0.3,0,0.5,0.3,0,0.6,80.2,88,83.5,55,94.6,14.8,9.5,70578,50775,32167,20544,40542,5163,95,89.8,0,0,0.6,0.1,4.6,5,20.3,2121,119,119,0,84,575,231,6,131,26,20.7,33.3,20,15.9,25.7,23.5,10.7,41,17.2,29.7,0,13.2,23,0,83.6
Kansas,Sedgwick County,62.2,58.3,66.2,75.4,71.3,79.5,5.6,5.2,5.9,4.9,4.5,5.3,75,73.9,78.9,68.1,85.5,9.1,13.2,82854,66046,37979,31120,46236,520467,92.3,74.4,8.4,0.8,4.3,0.1,4.4,7.7,15.2,200871,16182,9298,553,10473,37885,15173,1510,23352,36.8,32.2,41.8,16.8,12.9,21.1,21,15.1,27.4,10.3,18.4,1.3,15.2,21.4,8.4,96.4
Kansas,Seward County,68.5,62.6,73.8,79.2,75.4,82.4,3.6,2.3,4.5,3.7,1.9,5,76.8,82.5,77,70.3,86.8,12.2,13.8,70488,56472,35182,28204,41954,22223,83.1,52.9,2.7,1.2,2.4,0.2,23.8,16.9,63.1,7249,1042,409,60,469,2149,1006,23,1038,22.7,17.6,29.3,14.3,7.7,22.8,19,12,28.1,16.4,25.8,4,27.7,36.9,15.7,83.6
Kansas,Shawnee County,60.2,56.7,63.9,76.6,73.1,80.2,4,4.5,3.6,3.7,4.3,3,76.5,80.3,86.5,77.3,83.3,8.4,12.3,86956,65234,41945,35688,47710,179053,93.7,79.9,8.3,0.7,1.4,0,3.3,6.3,12.9,74014,5768,2492,103,3404,13849,3320,767,6101,39.4,32.6,46.6,17,15.4,18.6,21.3,14.8,27.9,8.7,16.6,0.5,13.6,20.6,6.3,83.6
Kansas,Sheridan County,72.1,65.6,78.4,88,83.8,91.7,1.9,2.8,1,2.2,3.6,1.1,86.9,92.3,92.6,48.1,92.7,5.1,6.5,105153,75158,42238,33366,54248,2459,98.7,94.3,0.6,0.7,0,0,3.2,1.3,5.6,1004,83,58,0,17,245,59,0,87,42,40.6,43.8,14.2,9.8,19.6,17.5,8.6,28.4,15.9,26.3,3.1,10.5,14.8,5.2,83.6
Kansas,Sherman County,62.4,62.1,62.6,79.8,77.4,82.1,4.1,1.2,6.7,3.6,0,6.7,77.4,79.5,86.9,81.3,87.9,7.8,10.3,75124,64125,31772,24270,41556,5965,96.5,87.9,1.5,0.1,0.1,0,7,3.5,12.3,2239,301,62,0,42,379,61,0,363,39.4,29.9,49.4,12.1,12.2,11.9,20.3,12.7,28.3,13.2,25.5,0.3,15,19.8,9.9,83.6
Kansas,Smith County,56.7,52,61.1,77.4,75.6,79.2,2.5,2.8,2.2,2.4,2.3,2.5,77.3,92.2,87.5,74.3,81.2,5.2,8.4,74634,52376,33870,21738,40512,3588,97.5,95.7,0.4,0.4,0.4,0,0.6,2.5,2.5,1525,137,39,0,33,319,70,0,55,38,34.5,42.2,16,9.2,24.5,19.6,14.9,25.4,12.9,21.8,2,13.5,19.6,5.9,83.6
Kansas,Stafford County,60.9,52.1,69.1,77.6,68.9,85.4,3.8,3.3,4.2,2.5,2.9,2.1,71,86.3,81.8,55.8,87.3,5.6,10.3,79230,59065,36198,30471,41169,4106,95.6,92.7,0.3,1.5,0.1,0,1.1,4.4,13.3,1571,135,89,9,80,346,147,25,93,34.7,30,41.2,17.9,13,24.7,19.1,11.5,29.6,14.1,23.3,1.2,14.2,22.1,3.2,83.6
Kansas,Stanton County,60.4,62.6,58.5,81.9,78.1,85.6,3.6,2.6,4.6,3.7,2.4,4.9,80,100,63.1,49.3,89.9,11.9,18.6,68435,66062,36316,29664,42238,2088,89.4,87.7,0,0.1,0,0,1.6,10.6,41.1,834,37,44,7,54,68,120,11,152,26.8,32.4,20.8,15.5,4.4,27.2,17.8,8.2,27.9,24.8,32,17.3,15.1,23,6.8,83.6
Kansas,Stevens County,60.1,51.9,67.2,70.8,58.6,82.2,6.8,9.2,5.2,8.1,10.8,6.2,65.7,55.6,74.7,50.5,87.6,6.2,14.1,70793,66781,36561,25126,43150,5320,86.8,74.1,0.4,0,0,0,12.3,13.2,37.4,1765,187,149,0,15,426,218,30,109,24.8,23.4,27,13.6,7.5,22.9,20.5,7.7,39.8,23.7,37.3,3.2,17.3,24.1,7.1,83.6
Kansas,Sumner County,56.1,51.3,61,72.3,69.3,75.1,6.3,5,7.4,6.2,4,8,72.3,84.8,81.2,68.8,81.7,7.9,11,81934,59791,37583,30071,45527,22603,96.5,92,0.8,2.1,0.6,0,0.9,3.5,5.7,8955,727,322,21,269,2009,634,114,601,31.8,24.4,40.5,18.6,15.1,22.6,19.5,9.1,31.7,11.2,19.9,1,18.9,31.5,4.1,83.6
Kansas,Thomas County,66.8,57.7,76.8,80.8,71.4,90.7,1.4,2.7,0.2,1.6,3.1,0.3,73.8,75.4,91.2,78.8,90.9,5.1,7.7,93373,76130,37753,29095,47438,7902,96.5,92.7,0.8,0.2,1.2,0,1.6,3.5,7.5,3166,404,139,0,108,834,122,7,76,33.8,30.5,37.9,19.4,12,28.4,28.6,26.1,31.5,10.1,17.6,1,8.1,13.8,1.2,83.6
Kansas,Trego County,62.9,52.9,72.9,86.2,81.6,90.3,2,0,3.4,2.3,0,4.1,81.6,100,82.2,100,94.8,5.8,7.6,91926,85597,42919,33381,53209,2825,97.6,96.7,0.1,0.2,0,0,0.5,2.4,2,1304,73,0,11,10,204,81,7,32,26.7,22.5,32.5,17,9.6,27,20.9,15.4,28.3,19.6,34,0,15.8,18.5,12.2,83.6
Kansas,Wabaunsee County,60.7,56.6,64.8,75.7,72.6,78.7,2.2,1.2,3.1,2.4,1.2,3.5,74.5,80.7,75.2,83.3,81.6,4.1,6.2,86932,72582,38552,33964,44422,6881,97.1,94.4,0.7,0.6,0.8,0,0.6,2.9,4.2,2537,293,118,4,37,571,240,57,190,36.5,26.9,47.4,13.4,11.2,16,18.1,13.1,23.8,16.4,30.6,0.1,15.6,18.2,12.7,83.6
Kansas,Wallace County,61.2,55.4,66.9,80.7,75.5,85.3,0.8,1.8,0,1,2.2,0,77.2,94.1,88.5,68.4,85.3,5.9,11.5,90606,61626,37893,29975,44573,1529,97.9,94.5,0.3,0.9,0.7,0,1.6,2.1,6.3,662,73,18,0,12,156,13,0,0,46.8,48.4,44.9,15.9,6.8,27.2,16.8,9.8,25.4,12.7,22.6,0.6,7.8,12.5,1.9,83.6
Kansas,Washington County,57.2,51.7,62.3,78.6,74.3,82.3,2.3,3.7,1.2,1.8,2.8,1,76.4,83.3,82.9,74.2,83.2,6.4,10.3,69983,58305,37692,26010,46378,5531,98,96,0.2,0.3,0.7,0,0.7,2,4.1,2274,279,105,0,34,351,217,39,72,35.3,31.3,40.5,16.7,9.9,25.5,16.1,9,25.2,13.6,23,1.4,18.4,26.8,7.4,83.6
Kansas,Wichita County,60.4,49.5,72.1,73.4,60.9,86.8,5.1,3.5,6.3,4.9,4,5.6,63.4,46,78.5,78.6,92,7.4,12.9,85958,69004,37878,32353,42357,2150,92.6,83.3,0.7,0.8,0.6,0,7.1,7.4,26,897,65,43,4,43,209,18,12,32,39.4,39,40,10.7,9.4,12.4,17.1,8.9,28,20.1,26.2,12,12.7,16.6,7.6,83.6
Kansas,Wilson County,56.6,53.4,59.9,72.9,71.4,74.3,4.3,3.3,5.3,4.3,2.6,5.9,73.3,78.6,87.9,78.6,78.9,12.4,16.2,71953,57240,34797,27861,42275,8713,95.7,94.4,0.3,0.4,0,0.1,0.4,4.3,3.5,3461,282,116,15,248,671,70,26,438,35.1,32,38.5,15.4,9.8,21.6,16.1,7.5,25.8,10.4,19.3,0.5,23,31.4,13.6,83.6
Kansas,Woodson County,48.8,44.5,52.7,67.2,63.8,70.1,7.2,11.1,3.9,6.2,9.2,3.7,70.3,98.6,88.2,80.3,72.8,9.1,12.7,73637,49305,29521,24444,37525,3162,94.2,92.9,0.1,1.1,0,0,0.2,5.8,0.7,1237,86,11,3,67,171,76,12,98,32.5,27.8,38.4,18.9,13.3,26.1,14.8,7.9,23.6,13.7,24.5,0,20,26.5,11.8,83.6
Kansas,Wyandotte County,61.6,56.3,67.1,72.9,67.7,78,6,6.1,6,5.5,5.6,5.4,71.7,71.4,77,67.7,82.8,13.6,17.7,69729,57079,35941,31638,40966,168333,91.3,53.1,20.7,0.7,5.1,0.2,11.5,8.7,29.7,60882,3991,3111,389,5801,10499,5501,905,9607,26.8,21.6,32.9,18.6,14.7,23,19.8,11.3,29.6,12.4,22,1.3,22.4,30.4,13.3,96.4
Kentucky,Adair County,49.1,43.2,55,63.3,55.4,71.5,6.7,9.5,4.4,6,8.9,3.7,60.7,73.5,64.7,68.3,74.2,13.7,18.2,60531,50851,28845,25157,30660,18832,96.3,93.1,2.3,0,0.4,0,0.5,3.7,2.3,6890,437,327,45,149,1085,468,180,317,31.5,23,42.3,13.5,9.6,18.4,19.7,13.1,28,10.9,19.5,0.1,24.3,34.8,11.1,94.72
Kentucky,Allen County,53,48.1,58,65.1,60.7,69.5,7.6,5.6,9.2,7.9,5.2,10.1,64,80.8,80.1,51.2,77.7,15.2,18.4,71228,51770,34792,25005,40001,20604,97.3,96.3,0.5,0.1,0.2,0,0.2,2.7,2.3,7629,599,338,33,414,1379,522,14,724,30.3,24.6,36.9,14.5,12.9,16.3,20.4,10.4,32.1,11.2,20.3,0.5,23.6,31.7,14.3,123.44
Kentucky,Anderson County,57.9,56.1,59.8,71,70.5,71.6,5.1,4.4,5.7,4.2,3.9,4.4,73.4,72.1,83.7,67.6,74.9,10.2,13.7,85863,65277,40855,36395,49440,23646,97.4,94.3,2.4,0,0.4,0,0.3,2.6,2.1,9063,728,370,0,443,1647,578,101,637,37.7,29.5,46.2,12.8,8.8,16.9,20.3,11.8,29,11.1,20.8,1,18.2,29.2,6.8,114.65
Kentucky,Ballard County,50.6,45.3,55.8,65.3,59.5,70.9,5.5,6.4,4.7,4.8,5.5,4.2,62.9,86.7,62.8,57.9,74,12.2,14,68017,57438,35763,28403,44119,7814,97.1,92.7,3.9,0.2,0.3,0,0.1,2.9,1.6,2945,204,123,24,43,399,222,48,182,29.3,23,37.2,14.4,10.1,19.8,24.4,14.1,37.4,14.3,25.1,0.7,17.6,27.7,4.9,111.95
Kentucky,Barren County,52,46.3,58.2,63.6,56.9,70.7,6.4,7.9,5,6.6,8.4,5.1,62.1,81,68.2,48.9,74.5,16.8,23.6,57614,48237,31138,27037,38812,44277,96.5,91,3.5,0.4,0.8,0,0.7,3.5,3.5,17307,1035,579,10,521,2244,1338,265,1981,30.4,22.8,39.1,15.1,11,19.7,19.6,13.8,26.4,11.2,20.6,0.4,23.7,31.8,14.4,116.83
Kentucky,Bath County,49.1,42.8,55.4,61.8,55.1,68.4,2.9,3.6,2.4,2.6,2.6,2.5,56.6,71.3,79.5,37.7,70.1,17.6,22.5,59753,50549,35487,30110,39328,12680,98.5,96.1,1.5,0.1,0.2,0,0.6,1.5,1.8,4756,247,276,9,360,724,399,73,527,25.7,18.8,34.7,17.5,13.6,22.4,21,15.2,28.3,7.4,12.8,0.5,28.4,39.6,14.1,113.61
Kentucky,Bell County,36,36,36.1,45.1,47.1,43,9.2,3.2,14.6,9.8,3.5,16,48.8,53.9,58.5,65.7,51.2,23.3,28.3,46094,35014,24049,22719,26327,24674,97.1,94.7,2.1,0.2,0,0,0.1,2.9,1.3,9483,558,298,7,392,887,563,219,636,23,18.6,27.4,22.8,15.9,29.4,21.7,13,30.3,9.4,17.9,1.1,23,34.5,11.8,89.01
Kentucky,Boone County,66.9,62.2,71.8,79.9,75.5,84.2,3.4,3.3,3.6,3.3,3,3.5,77.9,81.2,82.6,73.9,87.4,3.7,6.1,110385,94867,46910,38088,56744,134599,96.8,88.4,3.7,0.2,2.3,0,2.1,3.2,4.4,48683,5075,2225,135,1754,11728,3855,695,4968,39.7,35.3,44.6,13.3,10.6,16.2,22,15.7,29,7.8,14.2,0.6,17.3,24.2,9.5,158.6
Kentucky,Bourbon County,57.3,52.4,62.8,70.5,65,76.2,5.1,4.9,5.3,4.8,5.2,4.4,68.6,67.8,72.6,85.7,79.7,9.5,13.7,75845,58072,38017,34404,41962,20281,94.3,87.5,5.1,0.4,0.1,0,1.2,5.7,7.1,8135,645,181,0,359,1440,702,0,521,36.8,36.2,37.4,19.3,13,26.3,19.4,12,27.4,10.2,18.4,1.4,14.3,20.5,7.5,156.6
Kentucky,Boyd County,47.8,45.7,50,60.1,58,62,8.5,7.9,9.1,8.8,8.4,9.1,63.3,78.7,74.5,69.6,68.2,12.9,17.6,72788,57854,34168,30442,38084,48447,96.7,93.3,1.9,0,0.4,0,1.1,3.3,1.9,18281,1116,540,247,886,2205,945,390,1766,39.4,34.2,45.1,14.3,13.9,14.7,24,15.7,33.2,9,16.5,0.7,13.3,19.7,6.3,105.71
Kentucky,Boyle County,51.5,50.4,52.7,64.8,64.9,64.7,6.2,6.5,5.9,6.6,7.4,5.8,70.3,65.8,90.7,83.7,68.8,9.4,14.5,72718,59115,34387,28036,40625,30469,96.4,85.9,7.8,0.1,0.8,0,1.8,3.6,3.4,11612,569,432,155,485,1759,328,219,946,34.8,28.3,41.6,14.5,13.9,15.2,21.5,13.7,29.4,8.2,15,1.3,21,29.2,12.5,130.17
Kentucky,Bracken County,56.4,46.8,65.9,67.2,57.4,76.7,4.6,9.3,1.1,4.7,9.4,1,63.3,87.5,72.9,80.5,77.4,12.6,18.4,80022,68972,39409,28282,49412,8394,99,96.3,2.1,0.2,0.4,0,0,1,0.6,3124,246,54,64,186,567,215,30,186,28.3,21.3,38.3,14,8.7,21.5,18.5,12.8,26.5,14.1,23.1,1.3,25.2,34.1,12.4,113.61
Kentucky,Breathitt County,39.5,39.1,39.8,50.8,51.4,50.2,9.4,8.7,10.1,8.7,7.8,9.5,55.8,73.6,72.9,64,55.5,25.5,31.3,50939,35162,31093,26415,33077,13652,98.4,96.2,1,0.2,0.7,0,0.3,1.6,1.1,5506,204,73,48,243,552,136,147,351,38.5,28.4,48.7,16.8,16.9,16.7,17.6,12.2,23.2,13.2,26.1,0.2,13.9,16.5,11.2,113.61
Kentucky,Breckinridge County,48.6,44.9,52.3,62.7,57.3,68.1,7.7,8.3,7.2,6.7,6.9,6.5,61.5,63.8,71.5,72.4,73,12.7,19.5,71850,54412,36098,26646,47165,20345,97.4,95.1,2,0,0,0,0.3,2.6,1.8,7532,549,162,27,338,1372,185,170,889,26,21.4,31.3,13.6,7.8,20.3,21.4,9.9,34.5,11.1,20.6,0.2,27.9,40.3,13.7,119.48
Kentucky,Bullitt County,61.4,57.5,65.5,76.1,72.6,79.5,4.7,4.7,4.8,4.1,3.8,4.4,75.7,86.3,83.9,71.6,83.3,8.3,10.2,85852,74002,41434,35404,49852,81729,96.8,94,1.1,0.1,0.7,0,0.9,3.2,2.4,30485,2302,635,24,1031,5953,1512,475,2489,30.3,24.3,37.1,12.1,10.2,14.2,22.9,13.4,33.5,10.8,19.6,1,23.9,32.6,14.2,114.65
Kentucky,Butler County,49.9,46.9,52.8,64.5,61.4,67.5,5.5,6,5.1,5.4,5.5,5.3,65,80.1,74,57.4,71.3,12.3,18.2,67624,52707,33804,30380,43699,12413,97.7,96.4,0.6,0,0.4,0.1,0.2,2.3,3.6,4403,258,190,8,188,736,284,149,301,27.6,15.8,41,11.1,5,18,22.7,17.1,29,14.2,26.6,0.1,24.5,35.5,11.9,123.44
Kentucky,Caldwell County,54.1,51.1,57.3,71.3,71.5,71.1,5.1,3.6,6.4,4.6,2.7,6.5,73.5,78.8,82.8,82.4,76,11.3,14.7,72848,52625,38440,31993,43333,12641,98.4,91.9,6.5,0,0,0,0,1.6,1.4,5259,396,102,18,205,972,380,112,331,31.4,20.9,42.3,17.8,17.5,18,18.6,10,27.6,10.6,19.7,1,21.7,31.8,11.1,107.37
Kentucky,Calloway County,56.8,56.2,57.3,70.3,69,71.7,4.6,4.1,5.1,4.5,4,5,71.8,86.7,79.9,66.4,75.5,11.8,18.4,75575,48542,28084,21810,34608,37291,97.4,90.7,3.5,0.3,1.6,0.3,0.9,2.6,2.8,14621,939,320,43,454,2062,840,155,1155,33.5,31.7,35.2,21.4,16,26.5,21.7,13.1,29.9,8.3,15.8,1.1,15.2,23.4,7.4,105.71
Kentucky,Campbell County,62.8,59.3,66.4,76.9,73.7,80.2,4.1,3.9,4.2,3.5,3.4,3.5,76.3,78.9,79.3,67.6,83.1,8,12.2,100618,71482,43656,36371,50543,93023,97.2,92.9,2.6,0.1,1,0,0.6,2.8,2.2,38030,2872,1005,57,1398,5712,1990,416,3277,46.2,41.5,51.2,13.8,12.2,15.4,21,15.8,26.6,7,13.2,0.3,12,17.3,6.4,158.6
Kentucky,Carlisle County,47.1,42,52.6,62.7,56.3,69.3,3.1,1.9,4,3.3,2.1,4.2,57.5,33.3,86.1,76.2,73.2,15.6,19.7,61994,46201,32309,25236,38764,4821,97.1,94.9,0.8,0.5,0.6,0.1,0.2,2.9,2.5,1795,85,120,0,85,265,153,78,137,27.5,21.3,34.8,19.1,13,26.3,19.8,11.3,29.8,11.6,20.9,0.5,22.1,33.5,8.6,111.95
Kentucky,Carroll County,55.9,54.1,57.8,68.8,68.6,69,7.7,3.5,11.3,8,3.1,11.9,70.8,86.8,75.1,85.8,78.3,24.2,24.3,57082,46252,33830,24211,48100,10808,96.6,89.7,3.5,0,0,0,3.5,3.4,6.8,4141,373,122,0,240,649,217,42,540,16.4,11.5,21.9,20.2,9.9,31.6,22.4,9.9,36.2,14,26.1,0.7,26.9,42.6,9.7,161.6
Kentucky,Carter County,41,39.1,43.1,53.3,51.4,55.2,5.2,1.5,8.5,5.2,0.9,9,51.9,65,57.5,30.6,60.8,24.1,30.2,56978,43700,25683,19798,34762,26820,97.3,96.4,0.4,0.4,0,0,0.1,2.7,1,9483,463,553,164,506,981,729,173,741,29.5,21.1,38.3,21.3,17.6,25.2,18.8,9.2,28.9,10.1,19.6,0.2,20.3,32.6,7.4,113.61
Kentucky,Casey County,43.3,39.5,47.3,57.1,53.6,60.6,9.7,6.6,12.3,9.5,6.3,12.2,57.2,70.5,70.9,65.1,69,18.9,24.9,46229,41086,27101,22039,33378,15863,97.8,95.8,0.9,0.1,0.2,0,0.9,2.2,3,5856,359,235,34,349,1003,511,51,280,29.3,24.6,34.6,16.9,6.5,28.3,19.1,13.3,25.5,16.1,29.8,1,18.6,25.9,10.6,94.72
Kentucky,Christian County,43.3,44,42.6,51.5,54,49.4,7.9,8.7,7.1,7.2,7.8,6.7,60.8,43.3,81.3,51.6,79.6,13.1,17,59154,50045,34493,30371,36941,72377,94.1,70,19.7,0.4,1.8,1.1,1.2,5.9,8.3,25552,1584,3209,88,1740,3635,2586,464,3606,27.7,21.6,34.4,18.4,15.3,22,21.2,14.6,28.6,10.9,19.8,0.8,21.9,28.7,14.2,105.71
Kentucky,Clark County,57.6,51,64.7,71.5,64.7,78.6,4.6,5,4.2,4.3,5.2,3.4,68.3,81.5,74.9,70.2,81.4,9.2,14.1,82234,64630,37054,30976,46655,36716,97.3,91.5,4.3,0,0.6,0,0.9,2.7,3.2,14836,907,307,7,745,1925,707,43,1615,34.8,27.9,42.9,13.6,9.1,18.9,23.6,18.4,29.7,10.2,18.8,0.2,17.8,25.9,8.3,130.17
Kentucky,Clay County,33.1,33.1,33.1,40.4,42.8,38.4,10.2,5.6,14,9,5.7,11.9,45.4,46.4,55.4,52.5,43.6,28,33.6,43851,36405,27636,27924,27404,20484,97.5,91.9,5.3,0,0,0,0.3,2.5,1.2,7015,353,139,45,521,407,417,227,479,28.8,22.5,35.7,20.3,11,30.7,20.6,17.1,24.5,14,26.5,0,16.4,22.9,9.1,96.39
Kentucky,Clinton County,47.5,45.3,49.6,60.4,58.3,62.5,4.6,5.8,3.5,5,6.4,3.5,62.3,61.3,71.9,87,64.8,17.1,22.9,47892,38196,27563,25798,29106,9372,98,95.9,0.4,0,1.2,0,0.6,2,3.1,3791,178,151,0,147,673,138,0,193,26.9,22.5,31.9,19.3,15.7,23.4,22.3,15.2,30.1,10.5,19.9,0,20.9,26.7,14.5,94.72
Kentucky,Crittenden County,48.2,41.5,54.8,60.6,53,68.1,3.1,0,5.3,3.3,0,5.7,53,53.8,66.8,63.3,72.2,10.1,15.2,78140,49050,35256,24250,50356,8997,98.7,95.9,0.7,0.6,0.3,0,1.1,1.3,1.6,3452,209,231,26,105,601,218,101,253,25.1,19.7,32.4,19,14.2,25.6,17.3,7.3,30.8,18,30.9,0.6,20.6,27.9,10.6,111.95
Kentucky,Cumberland County,49.4,46.6,52.3,62.3,62,62.8,3.8,3.6,4,4.3,3.9,4.6,64.5,86.9,72.7,96.4,65.8,23.7,24.9,54860,37674,28962,22867,33906,6023,98.1,91.6,2.6,0.2,0.9,0,2.8,1.9,1.5,2451,315,10,5,177,330,19,15,200,27,16,38.4,15.5,14.9,16.2,16.1,3.1,29.5,16.4,30.8,1.5,25,35.2,14.5,94.72
Kentucky,Daviess County,59.1,55.4,62.9,73.6,70.2,77,4.2,4.3,4.2,3.6,3.8,3.5,73,79.5,79.2,72.3,79.9,11.5,14.8,80104,62849,37652,31031,47313,102488,96.8,88.4,4.7,0.1,2,0.3,1.2,3.2,3.4,40603,3314,1357,454,2015,7213,2443,497,3957,32.8,25.9,40.2,16.6,12.4,21,22.3,15.1,29.9,8.2,14.8,1.1,20.2,31.8,7.7,116.83
Kentucky,Edmonson County,44.4,40.8,47.9,57.4,52.9,61.5,7.5,5.1,9.3,7.2,5.1,8.8,55.8,39.6,79.5,57.6,67.6,10.7,16.9,60333,45271,34473,25470,41797,12165,97.3,94.9,1.6,0.2,0,0,0.6,2.7,1.5,4847,308,212,0,29,760,287,39,116,24.6,16.7,34.4,19.1,7.3,33.8,18.3,11.9,26.3,15.5,28,0,22.4,36.1,5.5,123.44
Kentucky,Elliott County,29.2,31.8,27.4,34.8,45.1,27.9,5.2,4.3,6,6.1,4.4,7.8,47.2,71.9,50.8,63.8,30.3,17.2,25.4,55045,39736,28107,24126,31503,7414,99.7,96.1,3.4,0,0,0,0.2,0.3,0.7,2173,96,70,33,105,162,124,54,269,25.6,11,43.1,9.9,9.5,10.4,17,10.5,24.7,17.1,26.7,5.6,30.4,42.3,16.2,113.61
Kentucky,Estill County,43.1,39.1,47.3,56,51.2,60.8,7.1,5.8,8.2,6.1,5.6,6.5,54.2,79.1,69.9,55.2,65,22.8,25.7,52534,39606,29259,23104,33576,14157,97,96.3,0.1,0.1,0.6,0,0,3,0.6,5598,249,150,11,163,438,322,58,806,20.4,13.7,28.1,13.2,10.2,16.6,24.2,13.3,36.6,10.8,20.1,0.2,31.5,42.7,18.5,140.67
Kentucky,Fayette County,64.6,61.4,68,76.8,74.9,78.7,4.9,4.1,5.6,4.4,3.4,5.3,77.5,78.7,84.4,70.8,83.2,9.8,15.7,91591,67063,36708,32304,42210,321354,94.6,72.8,14.6,0.2,4,0,3,5.4,7.4,134229,10649,3525,891,4824,19510,6176,910,10729,45.9,43.7,48.2,16.4,13.3,19.6,21,16.5,25.8,5.6,10,1,11.1,16.5,5.4,131.91
Kentucky,Fleming County,51.4,46.1,56.9,63.5,58.2,68.8,8.2,9.1,7.4,7.5,9.4,5.8,64.3,61.9,85.3,71.1,73,11.1,15.5,65906,52663,33222,25845,42091,14996,97.9,95.5,1.5,0.1,0.3,0,0.5,2.1,1.1,5713,529,243,47,155,1080,254,40,420,32.7,23.5,43.8,13.6,8,20.3,16.6,13.2,20.6,13.1,23.5,0.7,23.9,31.7,14.6,113.61
Kentucky,Floyd County,37.9,36,40,48.3,45.2,51.6,9.1,7.9,10.3,9,8.3,9.6,49.3,61.3,53.6,53.3,57.1,22.4,29,53672,40722,32979,28375,40839,36127,98.3,96.9,0.9,0,0.4,0,0,1.7,0.4,14040,667,507,145,557,1284,1139,235,1417,33.2,27.6,38.9,20.1,11.7,28.9,21.1,14,28.4,9.9,19.4,0.1,15.7,27.3,3.7,113.61
Kentucky,Franklin County,58.8,54.5,63.4,74.2,70.6,78,4.8,4.5,5,3.5,2.9,4.2,72.6,69.8,86.9,82.6,81.5,9.5,13.3,83020,64853,37286,35497,40370,51319,95.5,82,9.5,0.1,1.8,0,2.1,4.5,3.7,22247,1362,643,50,745,2893,525,100,1961,40.1,34.7,45.8,18,18,18,21,15,27.3,7.3,13.8,0.3,13.7,18.5,8.6,109.65
Kentucky,Fulton County,43.1,43.9,42.3,53.8,57.6,50.2,6.7,5.2,8.2,7.1,4.8,9.4,60.6,75.2,60.6,80.3,56.3,20.5,25.1,49804,36588,29916,24572,31201,6507,96.1,71.6,22.3,0.6,0,1.2,0.4,3.9,1.7,2315,42,54,0,286,121,212,26,269,25.1,27.3,23,20.9,22.1,19.7,19.3,5.1,33.1,9.6,19.1,0.3,25.1,26.3,23.9,107.37
Kentucky,Gallatin County,56.5,52.6,60.3,66.9,63.7,70,4.3,6,2.9,4.2,5.1,3.3,67.2,75.7,91.4,78.6,72.9,15.5,18.1,64730,59926,33518,24547,40970,8694,95.9,90.2,2.3,0,0.2,0,3.3,4.1,5.2,3004,265,72,5,240,680,84,16,293,19.6,10.1,30.9,20.7,13.2,29.6,16.4,11.3,22.6,12,20.5,1.9,31.3,44.8,15.1,167.96
Kentucky,Garrard County,55.2,48.1,62.6,69.8,62,77.7,4.1,5.3,3.1,4.1,5.5,3,65.6,78.4,78.4,68.3,80.1,12.3,14.5,72783,63369,40037,33833,45142,17018,97.8,93.5,2.4,0.2,0,0,1.7,2.2,2.3,6554,408,217,0,368,1089,326,74,544,33,28.1,39,16.5,12.9,21,19,9.2,31.1,13.6,24.3,0.5,17.8,25.5,8.4,140.67
Kentucky,Grant County,60.7,57,64.4,73.4,69.8,76.8,4.2,2.3,5.9,3.8,2.5,4.9,71.6,78.8,84.4,61.2,81,9.8,12.7,75026,65444,41773,31663,48243,24918,96.1,93.7,0.1,0,0.1,0,2.1,3.9,3,9044,662,264,13,737,1663,458,106,1450,23.5,16.3,31.8,13.3,5.1,22.7,21.5,13.7,30.3,10.9,19.3,1.4,30.7,45.6,13.9,161.6
Kentucky,Graves County,53.9,49.3,58.9,69,65.6,72.3,4.8,3.6,5.8,4.7,3.5,5.8,68,73.7,82.3,61.1,76.8,12.4,18.5,67353,52524,33882,27505,40577,36796,95.1,88.5,4.1,0,0.4,0.1,1.9,4.9,7.2,14214,1059,718,11,717,2445,874,470,1058,30.8,23.9,38.4,14.6,11.7,17.8,18.1,10.4,26.6,14.6,24,4.1,22,30,13,105.71
Kentucky,Grayson County,49.9,46.7,53.2,64.9,60.9,68.7,4.4,4.8,4.1,4.2,4.5,4.1,63.8,64.6,75.4,71.1,72,17.4,23.7,54330,44515,32308,27166,39492,26351,97.4,96.2,0.3,0,0.3,0,0.6,2.6,1.4,9398,513,395,154,610,1750,366,441,749,27.3,17.6,38.3,14.9,11.6,18.8,18.1,10.9,26.3,15.6,27.4,2.2,24.1,32.6,14.4,119.48
Kentucky,Green County,44.4,42.9,45.9,56.3,56.5,56,8.6,3.2,13.1,8,3.3,12,58.5,52.1,73.7,72.3,63.7,17,22.1,50514,37456,31768,26237,35786,11141,98.2,95.1,1.8,0.8,0.1,0.4,0,1.8,1.6,4390,290,209,26,166,718,196,55,355,23.1,16.7,30.1,16.9,13,21,22.8,12.1,34.4,11.8,22.8,0,25.4,35.5,14.5,94.72
Kentucky,Greenup County,48.2,42.7,54,64.8,57.7,72,5.6,7.2,4.3,5.7,7.1,4.4,62.1,69.1,77,62.7,75.3,11.4,14.8,74337,60420,36721,29101,46849,35996,97.7,96,0.9,0.1,0.6,0,0,2.3,1.1,14182,823,496,0,433,2365,756,136,945,37.6,25.4,52.1,15.8,14.4,17.6,19,13.5,25.6,12.7,22.3,1.2,14.9,24.4,3.5,105.71
Kentucky,Hancock County,56,48.8,63,71.7,63,79.9,5,5.2,4.8,3.3,2.5,3.9,64.6,54.4,76.2,70,83.1,10.9,13.1,79366,67168,44649,24306,51492,9050,97.7,95.5,1.4,0.1,0.3,0,0.5,2.3,0.8,3449,228,104,0,269,636,304,63,242,21.4,14.3,30.7,16.8,12.5,22.5,18,9.1,29.7,11.7,19.7,1.1,32.1,44.4,15.9,123.44
Kentucky,Hardin County,54.9,52.7,57.2,66.7,64.8,68.5,6.6,5.9,7.3,6,4.9,7,70.1,70.4,78.1,67.8,82.1,7.6,11.2,81547,65251,40059,33705,46990,110134,93.7,78.1,11.8,0.3,1.9,0.3,1.3,6.3,5.9,42288,2834,1818,354,1763,6799,3368,735,4602,33.3,27.6,39.4,17.7,13.4,22.4,20.5,13.2,28.3,9.3,17.2,0.8,19.2,28.6,9.2,112.99
Kentucky,Harlan County,32.7,31.1,34.5,42.5,41.3,43.8,12.6,11.4,13.8,12.8,11.5,14,46.7,74.8,55.7,54.3,50.9,28.6,33.6,41382,32929,27794,24144,32918,26921,97.8,94.9,2.2,0,0.4,0,0.3,2.2,0.5,10370,633,279,16,560,780,1046,395,917,27.2,19.3,35.3,22,14.8,29.3,22.5,17.1,28.1,14,27.4,0.5,14.2,21.5,6.9,92.35
Kentucky,Harrison County,56.1,48.2,64.5,71.2,62.9,79.5,3.3,4.4,2.4,2.1,2.8,1.5,64.7,67.5,80,67.1,80.7,11.6,16.9,72623,58710,36746,31402,45606,18690,96.6,94.7,1.5,0,0,0,0.4,3.4,2.5,7264,445,354,0,237,1262,570,61,479,26.1,20,34,15.3,9.7,22.5,18.8,13.7,25.4,13.4,22.1,2.4,26.3,34.5,15.8,161.6
Kentucky,Hart County,53.1,50.5,55.8,64.7,61.7,67.7,5,4.1,5.9,5.1,4.6,5.6,64.7,79.1,69.4,61.8,71.7,16.9,21.8,64463,49423,31146,21494,43722,19194,97.6,92.7,4,0.1,0.5,0,0.2,2.4,2,7064,507,369,124,242,1325,634,49,730,22.7,21.8,23.7,22.8,14.8,31.4,17.2,7.2,28.1,14,26.4,0.5,23.3,29.8,16.3,123.44
Kentucky,Henderson County,55.3,50.3,60.8,68.8,62.1,75.8,3.2,3,3.4,3.1,3.1,3,64.1,84.8,71.1,76.4,78.3,12.6,16.4,73588,58462,37807,31590,43503,45102,95.7,86.9,7,0.2,0.4,0,1.2,4.3,2.8,18194,1329,229,2,1054,3021,952,106,1951,28.8,20.2,38.5,18.6,14.8,22.8,18.6,10.2,28,12.3,22.4,1,21.8,32.5,9.8,116.83
Kentucky,Henry County,53.5,48.9,58.2,65.7,60.3,71.3,5.4,3.5,7.1,4.2,3.2,5,62.4,54.4,84.5,50.8,75,10.4,17.4,69362,57008,34245,27083,38985,15691,95.5,92,2.7,0,0.4,0,0.4,4.5,3.5,5967,347,298,8,259,798,425,84,745,23.4,17,30.9,23.2,18.6,28.6,21.2,13.5,30.2,12.1,21.1,1.7,20,29.8,8.6,119.48
Kentucky,Hickman County,46.7,43.4,50.4,68.2,65.9,70.5,6,6.5,5.5,5,4.1,6,68.8,95.8,87.8,64.7,75,13.1,20.4,77909,50490,29912,28829,35595,4529,96.4,86,8.8,0.5,0.2,0,0.8,3.6,2.2,1674,104,46,0,62,202,76,1,212,35.9,38.4,33.4,16.4,13.8,19.2,22.3,3.8,41.3,6.8,13.5,0,18.5,30.5,6.2,111.95
Kentucky,Hopkins County,50.2,46.5,54.1,64.6,60.9,68.4,7.2,7.5,7,6.5,6.1,6.9,65,77,72.5,56.1,73.6,13.7,20,65322,53950,37081,29080,45540,45432,96.7,89.5,6.1,0.1,0.6,0.1,0.2,3.3,2.2,18314,1202,445,36,1008,2073,858,223,2089,31.7,21.9,42.6,17.1,12.9,21.7,18,9.7,27.1,12,22.3,0.7,21.2,33.3,7.9,109.04
Kentucky,Jackson County,37.3,34.2,40.5,50.1,46,54.2,7.2,8.1,6.4,7.5,8.4,6.7,50.3,94.2,57.9,67.8,58,19.2,28.3,50372,36732,30245,24360,35333,13029,98.4,97.9,0.3,0.2,0,0,0,1.6,0.3,4956,326,151,111,132,739,322,49,285,19.1,13.5,25.8,17.8,7.4,30.1,19.1,8,32.1,12.4,22.3,0.8,31.5,48.8,11.2,96.39
Kentucky,Jefferson County,62.4,58.4,66.8,75.9,72.6,79.4,5.3,5.2,5.3,5,4.8,5.1,76.3,79.9,82.6,70.6,84,9.9,13.7,86705,67180,41063,35759,46840,780449,95.4,69,22,0.1,3,0,1.3,4.6,6,323293,22242,9809,813,16696,44596,14030,2666,35205,39.2,34.9,43.7,14.7,11.9,17.5,21.4,15.9,27.3,6.2,11.4,0.7,18.5,25.9,10.8,160.01
Kentucky,Jessamine County,59.8,54.7,65.3,73.2,67.6,79.2,4.6,4.8,4.4,4.2,4.4,4,70.6,74.6,70,69.9,82.5,9.6,12.6,88323,71064,36238,30243,46330,53016,97,89.7,4.4,0.1,1.5,0,1.2,3,3.8,19054,1948,723,91,638,3548,1857,114,1719,35.8,31.6,40.5,15.4,12.4,18.7,24.7,15.7,34.5,10.6,19.3,1.1,13.5,21,5.2,130.17
Kentucky,Johnson County,40.8,36.5,45.3,51.9,49.1,54.8,6.6,8.3,5.1,7,8.5,5.7,53.6,55.7,66,75.2,58.1,15.3,20.5,58483,45223,32313,27848,43907,22794,99,97.1,0.8,0.1,0.9,0,0.1,1,0.4,8376,705,322,84,285,1735,631,121,427,36.6,26.7,48.1,18.7,14,24.2,18.4,14.8,22.7,8.8,16.4,0,17.5,28.1,5,113.61
Kentucky,Kenton County,66.2,62.5,70,79.3,76.5,82,4.2,3.8,4.5,3.7,3.5,4,79.3,84.4,86.9,77.3,85.6,8.2,11.9,93421,74668,43927,37632,49306,168264,96.5,88.9,4.5,0.1,1.3,0.1,1.6,3.5,3.5,66999,6511,1864,209,2790,12248,2781,506,5806,41.8,36.5,47.7,14.5,11.9,17.4,22.4,17.6,27.5,6.9,12.4,0.8,14.5,21.7,6.6,158.6
Kentucky,Knott County,34.4,34.8,34,44.1,45.1,43.2,11.3,7.6,15,11.8,8.4,15.1,49.2,75.8,65.2,65.6,50.9,22.6,29.5,45890,38785,24777,24971,24457,14506,99,97.1,1,0.2,0.2,0,0.4,1,1,5458,284,193,0,235,576,243,130,361,33.6,20.4,46.4,26.3,26.4,26.3,17.7,11.5,23.7,11.1,21.6,1,11.2,20.2,2.5,113.61
Kentucky,Knox County,38.1,35,41.5,47.7,44.8,50.6,9,8.6,9.4,8.1,8.5,7.7,49,55.1,49.9,48.8,54.8,29.6,34.5,43161,31835,29011,23492,38150,30367,97.5,95.9,0.9,0.4,0,0.1,0.1,2.5,1.4,11115,433,860,90,526,1503,1115,317,1085,31.8,23.2,41,19.6,18.8,20.4,24,15,33.7,8.9,17.1,0,15.8,25.8,4.9,92.35
Kentucky,Larue County,56.8,49.6,64,70.4,62,78.5,3,3.6,2.4,2.4,2.7,2.2,63.7,74.4,65.6,77,80.4,12.5,16.1,70984,58375,42118,34744,46393,14768,97.7,93.2,3.4,0,0.3,0,0.8,2.3,3.4,5906,559,96,0,111,956,493,27,378,35,29.4,42.4,9.1,6.3,12.6,18.7,11.6,27.9,12.7,21.4,1.2,24.6,31.3,15.9,119.48
Kentucky,Laurel County,50.1,45.5,54.9,62.2,57.8,66.8,5.1,6,4.3,4.4,5.6,3.2,61.3,63.1,73.3,62.4,69.2,17.1,22.2,58552,50798,35021,29387,41200,62090,98.1,96.5,0.7,0.2,0.2,0,0.4,1.9,1.6,23146,1535,539,220,1406,3386,1445,476,2470,29.2,21.9,37.4,15.1,9.5,21.5,24.3,16,33.7,8.8,16.6,0,22.6,36.1,7.3,92.35
Kentucky,Lawrence County,35.1,31.9,38.5,46.1,41.4,50.9,5.3,3.9,6.4,4.5,3.7,5.3,43,40.1,46.7,42.5,53.7,22,26.1,54145,40345,29834,24206,35018,16274,99.4,97.7,0.1,0,1.4,0,0.1,0.6,1.1,5524,336,313,0,213,877,393,99,459,29.4,16.7,43.7,14.7,7.9,22.4,23.7,19.1,28.9,11,20.7,0,21.2,35.5,5,113.61
Kentucky,Lee County,39,35.8,41.5,49.6,46.4,52,7.5,4.3,9.5,6.7,4.7,8,48.7,69.3,66.7,33.1,57,21,30,42354,32501,29370,24876,32676,7263,96.8,95.1,1.3,0.1,0.1,0,0.1,3.2,1.2,2616,74,70,0,256,237,181,104,189,21.4,11.2,36.6,18.3,14.3,24.2,20.7,14.4,30.1,14.9,24.9,0,24.7,35.1,9.1,113.61
Kentucky,Leslie County,40.3,33.7,46.9,51.5,44.2,58.4,7.4,7.8,7.2,7.2,7.3,7.1,47.7,75.4,44.9,52.5,62.9,25.1,34.6,49031,37636,30608,21986,34908,10622,97.7,97.1,0.4,0,0.3,0,0,2.3,0.1,3688,256,47,0,193,333,333,15,393,23.5,13.2,38,20.9,21.6,19.9,19.7,8.7,35.1,17.4,29.8,0,18.6,26.8,7,113.61
Kentucky,Letcher County,38.7,38.8,38.6,49.5,50,49,10,7.6,12.4,10.5,7.9,13,54.3,62.4,64,75,56.3,23.9,31.2,49360,38453,31126,24317,39087,21784,98.5,97.5,0.4,0.1,0.3,0,0.2,1.5,0.9,8406,283,156,37,241,1150,368,356,680,31.1,20.3,41.4,18.5,17.8,19.2,24.2,14.6,33.3,11.6,23.2,0.5,14.6,24.1,5.6,113.61
Kentucky,Lewis County,38.1,32.2,44.1,48.6,41.2,55.9,8,4.6,10.3,8.9,5.1,11.5,43.4,40.6,38.6,55,63.2,23.1,27,45310,35318,29294,24817,33933,13103,98.2,97.4,0.1,0.2,0.1,0.4,0.1,1.8,0.1,4737,187,245,0,402,349,334,125,696,22.9,17.1,30.8,17.5,14.3,22,14.4,6.5,25.1,16,27.3,0.5,29.1,34.7,21.5,113.61
Kentucky,Lincoln County,52,47.2,57.1,65.8,60.9,70.8,5.9,5.4,6.4,5.9,5.5,6.3,64.5,56.8,74.9,59.2,75.6,13.4,18.9,59900,49983,35046,27742,39894,24314,97.9,93.9,2,0,0.2,0,1.8,2.1,1.8,9543,589,483,12,322,1674,854,100,703,30.9,22.1,40.7,18.5,14.4,23.2,15.1,9.2,21.8,13.4,24.4,0.9,22.1,29.8,13.4,140.67
Kentucky,Livingston County,49.2,40.7,58.4,63.8,56.7,71.3,6.8,8.5,5.6,7,7.7,6.4,61.5,73.4,48.6,76.4,76.3,10.7,16.8,69229,55678,28715,23711,39104,8989,97.7,96.6,0.7,0,0.4,0,0.1,2.3,2.3,3560,210,83,0,187,559,306,96,161,26,15.4,40.1,15,7,25.4,16.8,7.8,28.7,18.8,33,0,23.4,36.8,5.8,111.95
Kentucky,Logan County,54.7,47.6,62.2,68.4,60.4,76.6,5.4,4.9,5.8,5.4,4.7,5.9,63.4,76.1,70.3,52.7,81.7,12.3,18,70027,57915,35732,29130,43936,27319,97.9,90,6.2,0.1,0.4,0,1.2,2.1,3,10749,748,493,39,262,1990,711,43,872,30.5,26.5,35.3,13,8.8,18,19.5,12,28.8,13.8,22.6,3.1,23.2,30.1,14.8,123.44
Kentucky,Lyon County,41,35.8,45.2,53.3,55,52.1,3.2,3.5,3.1,2.8,1.8,3.5,56,24.1,74.9,57.4,54,8.3,10.1,74504,60171,35440,28142,38552,8700,98.5,91.7,5,0.6,0.5,0.1,0.6,1.5,2.5,3207,84,120,0,35,477,125,3,148,25.8,21.5,32.5,18.9,16.8,22.1,17.6,7,34.1,13.3,21.3,0.7,24.5,33.4,10.6,111.95
Kentucky,McCracken County,54.6,51.6,57.9,69.1,66.7,71.5,3.9,3.5,4.3,3.9,3.5,4.3,69.2,73.4,82.2,63.6,74.9,10.9,15.1,75184,58169,33956,27543,44264,67394,96.1,84,10.4,0.3,1,0,0.5,3.9,2.7,27062,1927,1123,48,1593,3894,1789,243,2666,34.6,32.5,36.8,19.1,15.6,22.5,26,16.4,35.7,6.8,13.4,0.2,13.5,22.1,4.8,105.71
Kentucky,McCreary County,36.8,36.1,37.5,43.2,45.6,41.3,6.9,5.8,7.8,7,6.2,7.7,48.7,47.3,69.7,38.1,44.8,22.3,30,42303,36994,27043,24927,29094,17044,97.2,89.9,6.4,0.2,0.1,0.5,0.1,2.8,1.4,5700,184,442,45,182,844,504,219,444,31.9,28.9,35.8,23.7,17.8,31.3,14.2,7.9,22.3,10.5,18.6,0,19.7,26.8,10.7,94.72
Kentucky,McLean County,50.7,43.1,58.4,64.8,55.3,74.4,6.1,8.9,3.9,5.6,9,2.9,61.2,55.9,74.1,77.5,76.6,7.7,10.8,82673,62159,43873,33125,55019,9182,99,96.7,1.3,0.4,0.2,0,0.4,1,1.8,3659,291,137,19,131,787,298,71,212,33.1,25.2,43.6,11.4,7.5,16.6,17.6,8.6,29.6,15.5,27.1,0,22.5,31.6,10.2,123.44
Kentucky,Madison County,58.9,55.9,62.1,70.9,68.7,73.1,6.1,7,5.1,5.2,5,5.4,72.6,75.9,83.7,68.4,77.4,10.7,16,78422,59952,30515,25610,36065,92194,96.8,90.6,4.1,0.2,0.9,0.2,0.8,3.2,2.7,35411,2795,1284,107,1181,6627,1717,390,2372,37.9,33.4,42.6,19.7,15.6,24,19.5,14.4,24.8,7.4,13.7,0.8,15.4,22.8,7.8,130.17
Kentucky,Magoffin County,33.7,31.3,36,43.4,40.7,46,11.2,12,10.6,10.7,11.8,9.7,46.2,25,50.2,78.3,51,24.6,29,44176,32280,29309,22890,37481,11818,98.8,97.9,0,0.2,0.4,0,0.2,1.2,1.2,4525,213,135,14,267,503,262,119,464,26.3,13,41.7,22.9,21.1,25,19,11,28.4,15.2,28.4,0,16.5,26.5,4.9,113.61
Kentucky,Marion County,51.2,47.6,54.9,63.5,60.8,66,5.6,5.3,5.9,4.6,4.7,4.5,63.8,74.9,64.1,68.6,69.1,12,19.8,72971,53182,35425,29619,41996,19556,98.3,89.3,6.9,0.3,0.7,0.2,0.9,1.7,2.8,7536,457,241,72,359,1097,774,102,774,33,23.1,44.5,11.7,11.1,12.3,14.8,10.2,20.2,10.3,17.3,2.2,30.2,38.3,20.8,119.48
Kentucky,Marshall County,52.5,49.9,55.1,68.3,65.1,71.6,3.5,2.3,4.6,3.1,2.3,3.9,66.6,77.8,87.7,45.9,74.5,6.8,11.7,80794,64298,39808,32589,47116,31662,98.4,96.6,0.9,0.5,0.1,0,0.4,1.6,1.8,13217,724,682,9,250,2087,680,129,940,30.5,26.3,35,13.4,8.6,18.6,26,15.6,37.1,11.9,22.5,0.5,18.2,26.9,8.7,111.95
Kentucky,Martin County,33,33.1,33,41.6,45.9,38.6,7.5,10.1,5.3,5.6,5.2,5.8,48.4,57.9,63.7,69.2,41.7,15.4,22.4,53692,44500,35727,28016,41834,11394,96.2,90,5.3,0.5,0.1,0,0.3,3.8,1.7,3637,334,7,3,80,708,82,26,286,30.5,26.8,35.2,18.1,16.3,20.4,31.5,23.4,42,9.6,17,0,10.3,16.5,2.4,113.61
Kentucky,Mason County,52.6,47.2,58.4,63.9,58.2,69.8,3.7,3.5,3.9,3.8,3.7,4,60.4,82.7,80.1,58.8,73.1,12,16.3,71451,52436,33888,29814,42251,17103,96.8,88.4,6.2,0.7,0.9,0.1,0.5,3.2,2.1,6591,313,280,24,280,1008,496,234,627,31.7,23.1,41.7,16.3,10.8,22.7,19.3,10.7,29.2,11.5,20.3,1.4,21.1,35.1,5.1,105.71
Kentucky,Meade County,54.6,51.8,57.4,65.2,62.7,67.6,5.1,3.8,6.3,4.3,3.4,5.1,66.8,64,72.4,59.7,76.9,11,13.1,86157,69699,42449,29322,52003,29735,96.3,91,3.8,0.1,0.8,0.3,0.4,3.7,3.9,10331,948,414,27,557,2058,778,125,949,33.1,29.8,36.9,15.2,9.8,21.2,17.4,8.6,27.4,12.9,23.5,0.8,21.4,28.3,13.7,119.48
Kentucky,Menifee County,42.5,41.8,43.1,55.4,58.2,52.9,5.4,9,1.9,5.5,9.1,1.8,64,53.8,83.2,45.5,53.9,15.5,26.4,55431,47211,30844,25712,38553,6149,98.6,98.5,0.2,0,0,0,0,1.4,3,2130,153,125,4,109,253,92,153,126,29.5,28.8,30.2,6.6,3.8,9.6,26.4,10.7,43.6,12.6,24,0,25,32.7,16.6,113.61
Kentucky,Mercer County,54.2,50.1,58.6,69.5,65.2,73.8,5.3,6.1,4.6,5.6,6.4,5,69.7,69.4,82.3,70,78.2,7.4,12,75132,58588,35886,32114,39937,22470,98.3,92.5,3.8,0.2,0.8,0,1,1.7,3.1,8909,548,274,0,679,1828,434,115,515,33.2,22.1,45.4,16.1,11.9,20.7,18.8,15,23.1,9,15.5,1.8,22.9,35.5,9,135.17
Kentucky,Metcalfe County,52.9,48.7,57.3,66.6,62.3,71,3.3,1.5,4.9,3.4,1.7,4.8,63.4,48.1,86.3,63.3,74.6,15.8,21.2,53883,47084,33586,27263,39735,10275,98,95.3,2.1,0.4,0.2,0,0.1,2,1.5,4087,174,299,0,80,691,204,148,251,26.3,16.5,37.2,15.5,11.5,20,13.7,7.6,20.4,15.7,26.9,3.2,28.8,37.5,19.1,123.44
Kentucky,Monroe County,54.9,47.4,62.5,69.5,61.2,77.7,4.4,4.8,4,4.3,4.9,3.9,64.4,78.2,72,61.2,80.8,18.3,24.3,60647,42874,32539,30839,33388,11269,98.4,94.7,2.1,0.2,0.4,0,1,1.6,3.2,4491,274,72,0,266,731,203,5,400,32,24.1,42.3,10.1,8.8,11.8,21.5,12.3,33.3,13.8,24.6,0,22.6,30.3,12.7,123.44
Kentucky,Montgomery County,51.6,45.3,58.4,62.9,56.8,69.3,6.8,8.7,5.1,6.6,9.2,4.3,62.5,51.2,76.5,74.6,72.8,15.4,17.8,66611,53751,35580,30464,41525,28084,98.1,93.9,2.7,0.4,0.4,0,0.7,1.9,3,10748,842,221,27,573,2074,380,196,771,22.9,18.3,28.4,15.2,12.3,18.6,24.4,14.7,35.8,8.6,15.6,0.3,28.9,39.2,16.8,109.04
Kentucky,Morgan County,34.8,39.2,31.6,43.1,51.4,37.5,4.2,2.8,5.5,4.3,2.8,5.7,52.9,59.9,70.5,52,40,17.4,22.3,59649,45414,32927,28138,38414,13772,98.9,92.6,3.4,0.7,0.9,0.4,0.9,1.1,1.3,4463,200,196,39,231,668,374,182,236,28.2,22.7,34.2,12.8,10.7,15.1,24.4,14,35.8,16,30.1,0.5,18.6,22.5,14.4,113.61
Kentucky,Muhlenberg County,48.1,46.1,50.1,59.9,59.3,60.5,5.9,6.2,5.6,6,6.6,5.5,63.5,59.3,74.7,72.9,64.2,11.3,15.1,67479,50275,33344,25760,42424,31011,97.9,92.3,4.5,0.2,0.3,0,0.5,2.1,1.7,11456,814,457,84,429,1850,584,166,663,28.6,20.6,37.2,16.9,14.5,19.6,22.6,11.4,34.5,8.4,16.3,0,23.5,37.3,8.7,107.37
Kentucky,Nelson County,60.8,55.1,66.6,74.8,68.4,81.2,3.8,4.5,3.2,3.7,4.5,3,71.7,80.7,80.9,60.7,84.1,5.2,8.1,83208,70146,39697,32951,47918,46440,97.6,91.6,5.1,0.1,0.5,0,0.4,2.4,2.3,18163,1565,547,0,1148,3480,1118,86,1854,31.4,24.7,39.3,14.6,11.2,18.5,18.1,10.1,27.3,9.9,17.8,0.8,26,36.3,14.1,114.65
Kentucky,Nicholas County,49.6,43.5,55.7,62.8,54.5,70.5,4.1,3.7,4.5,4,4.3,3.9,56.9,44.6,78.5,37.7,73.3,16.4,19.3,60788,48294,34249,26824,44176,7517,97.2,95.9,1.2,0.1,0,0,0,2.8,0.1,2730,130,163,22,118,494,142,12,229,22.9,17.5,29.8,20.2,10,33.1,18.1,12.9,24.8,15.4,25,3.3,23.4,34.6,9.1,167.96
Kentucky,Ohio County,54,52.1,56,67.6,66.7,68.4,4.5,2.1,6.8,4.1,2.2,5.7,68.2,71.3,83.3,61.6,73.3,10.6,15.5,62173,52844,32098,26878,38794,23861,97.7,95.1,1.2,0,0.2,0,1.1,2.3,3.4,8845,515,369,10,268,1543,640,217,885,28.2,18.1,38.9,16.2,11.4,21.3,16.8,9.3,24.8,14.7,27.4,1.2,24.1,33.8,13.7,123.44
Kentucky,Oldham County,62.9,61.2,64.4,74.1,73.1,75,3.8,4.1,3.6,3.3,4,2.6,76.2,81.4,76.4,73.2,77.3,3.5,4.2,133380,119698,52383,39869,66999,67586,96,89.5,3.8,0.2,1.7,0,0.8,4,4,21934,2222,936,57,716,6676,3059,457,1354,48,43.6,53.3,12.4,9.4,16,21.6,17.6,26.4,6.4,11.2,0.5,11.6,18.1,3.8,114.65
Kentucky,Owen County,54.5,46.4,62.4,69.7,61.1,78,4,4,4,4.2,3.9,4.4,63.6,83.7,71.6,48.2,81.6,11,15.4,73992,57171,39505,34871,42095,11160,96.5,95,0.5,0.2,0,0,0.7,3.5,0.4,4167,411,122,0,87,954,284,32,235,30.2,21.1,42.6,16.3,12.4,21.7,16.5,13,21.1,13.4,22.9,0.4,23.6,30.6,14.2,167.96
Kentucky,Owsley County,30.7,24.4,38.1,37.1,27.1,49.2,15.7,9.2,19.9,16.7,9,21.1,29.8,100,59.2,47.6,62.4,19.3,27.7,46909,31981,28484,22466,38258,4094,93.4,89.7,2,0,0.2,0,1.4,6.6,0,1460,87,0,0,100,109,51,10,103,28.6,18.6,42.2,27.1,25.6,29.1,12.8,7.1,20.4,15.7,27.4,0,15.7,21.3,8.3,113.61
Kentucky,Pendleton County,56.7,51.8,61.4,70.2,65.1,74.9,5,6.4,3.9,5.3,6.9,3.9,69.9,96.9,81.6,80.5,77.9,11.8,18.8,79590,62805,39483,29924,46615,14625,96.8,95,0.7,0,0.5,0.4,0.4,3.2,1.5,5194,458,68,6,274,1125,230,79,403,26.2,21.7,31.7,13.3,10.9,16.3,22.4,8.9,38.9,13.1,23.4,0.4,25.1,35.1,12.7,167.96
Kentucky,Perry County,44.2,44.3,44.1,55.6,56.8,54.4,10.6,12.3,8.9,9.4,10.7,8.1,63.6,80.5,74.6,61.4,59.2,19.3,21.5,55284,44229,33398,30993,35096,28421,97.9,95,1.1,0.2,1,0.2,0.5,2.1,1.1,11252,513,289,236,344,1530,544,253,1200,31.1,18.2,43.6,21,19,22.9,24.3,18.8,29.7,13.4,27.3,0,10.2,16.7,3.8,110.28
Kentucky,Pike County,39.2,37.6,40.9,50,48.7,51.3,8.5,4.5,12,8.6,4,12.6,50.8,68,55.1,60.2,58.7,20.5,25.6,53221,40232,32594,27575,36733,58914,98.7,96.9,0.8,0.1,0.6,0.1,0.2,1.3,1,23855,1159,701,58,1102,2684,1741,543,1443,37.3,28.3,46.6,16.3,13.9,18.9,22.2,15.5,29.2,10.1,19.9,0.1,14,22.5,5.2,110.28
Kentucky,Powell County,46.9,44.3,49.5,57.2,54.2,60.1,7.5,6.5,8.3,7.2,7.2,7.2,58.3,57.1,58.3,64.3,64.8,15.2,18.6,70169,43047,30334,25620,35884,13050,95.9,94.8,0.3,0.1,0.8,0,0,4.1,1,4665,172,484,14,273,716,517,23,207,27.4,18.1,38.1,16.1,15.6,16.7,21.6,11.1,33.7,12.1,21.4,1.5,22.7,33.9,10,135.17
Kentucky,Pulaski County,51.2,48,54.6,64,61.2,66.9,5.6,6.2,5,5.8,6.4,5.1,65.4,83.7,77.5,78.5,70.5,18.8,23,62176,46491,32702,25515,38092,64717,98.1,95.7,0.9,0.2,0.8,0,0.4,1.9,2.6,25255,1960,439,0,1546,3569,1032,553,2383,31.3,23.8,39.2,17.6,17.5,17.7,24.7,15.9,34,9.2,17.4,0.5,17.3,25.4,8.6,85.68
Kentucky,Robertson County,48.4,45.8,51,61.7,56.7,66.9,8.6,10.4,7,9.2,11.2,7.4,63.8,56,91,60,72.3,15.2,22.9,72173,58678,35662,35838,32505,2196,99.3,98.8,0.3,0,0,0,0.2,0.7,0.8,844,17,17,1,31,83,40,13,68,24.6,13.2,37.1,11.6,7.3,16.4,19.3,3.4,36.9,22,38,4.3,22.5,38,5.3,113.61
Kentucky,Rockcastle County,45.8,40.8,51.1,59.9,54.2,65.7,7.2,8.2,6.4,7.5,8.7,6.6,59.4,70.9,70.9,76,70.3,18.4,21.2,58732,44043,33502,26996,40254,16167,97.9,97.5,0.1,0.1,0.1,0,0.1,2.1,1,6307,384,137,92,214,860,262,78,600,30.4,24.9,37.1,13.9,6.7,22.7,21.4,12.4,32.2,11.8,21,0.7,22.4,35,7.3,96.39
Kentucky,Rowan County,51.8,50.3,53.4,67.3,67.2,67.4,4,2.9,5.1,3.3,2.3,4.3,68.8,44.3,83.9,88.5,70.4,17.3,25.4,70225,49792,24546,20642,28754,24654,98.5,95.6,1.9,0,0.8,0,0.2,1.5,1.9,8819,601,181,13,477,1627,257,148,402,40.8,27.1,54.1,16.3,14.8,17.7,17.2,13,21.2,7.8,15.9,0,17.9,29.1,7,109.04
Kentucky,Russell County,49.6,48.7,50.6,65.7,64.2,67.4,6.8,3.5,9.8,6,3.5,8.3,66.5,69.6,86,86.1,73.5,18.8,23,62309,45618,30959,29001,32785,17909,97,94,1.3,0,0.1,0,1.7,3,3.8,6982,411,213,85,182,951,197,49,606,29.6,21.1,38.2,15.9,15.5,16.3,21.7,13.5,29.9,11.5,22.9,0,21.3,26.9,15.6,94.72
Kentucky,Scott County,65.7,60.2,71.2,78.2,71.7,84.8,3.2,4,2.6,3,4,2.1,74.7,75.2,75.4,79.9,86.9,7.2,10.2,93359,79693,45383,34205,57117,56267,95.3,87.6,4.7,0.2,0.9,0,1.8,4.7,4.4,21347,2350,825,55,609,4482,1615,184,2108,37.1,29.8,45.4,13.2,9.4,17.6,18.6,12.8,25.2,8.3,14.8,0.8,22.9,33.3,11,161.6
Kentucky,Shelby County,62.5,56.8,68.7,75.8,69.4,82.6,3.7,4.3,3.1,3.5,4.4,2.6,72.6,80.5,83.6,62.1,85.4,6.4,9.4,96458,80632,38835,32257,48007,47523,94.1,83.1,6.4,0,1.1,0.1,3.4,5.9,9.7,17046,1885,781,53,607,3327,1270,349,1530,35.7,31.1,40.8,13.8,11.6,16.1,21,13.6,29.1,9.3,17.2,0.7,20.2,26.5,13.2,114.65
Kentucky,Simpson County,55.2,50.1,60.4,67.8,61.8,73.7,4.1,3.4,4.7,4.2,3.4,4.8,64,72.2,76.4,79.5,77.4,8.3,12.5,69252,58228,36500,29187,46545,19324,96,85.7,9.1,0,0.6,0,0.5,4,2.7,7222,541,327,0,205,1248,579,120,420,24.3,22.4,26.5,15.9,11.3,21.3,21,13.6,29.7,10.1,18.5,0.4,28.7,34.3,22.2,118.49
Kentucky,Spencer County,64.4,60.8,67.9,76.2,71.3,80.9,5.7,4.7,6.6,5,4.7,5.3,74.9,73.7,84.7,58.6,85.5,2.7,6.6,107244,101341,46840,42723,54798,19256,98.2,95.6,1.7,0.1,0.4,0,0.4,1.8,2.5,6892,605,201,30,267,1737,347,68,355,34.5,24.2,46.4,11.8,11.6,12,21.3,13,30.8,13.1,24.3,0.3,19.3,26.9,10.5,119.48
Kentucky,Taylor County,57.4,52,63.2,66.6,62.6,70.6,6.3,7.8,4.9,6.3,8.3,4.5,68.3,78.8,74.1,82.3,75.2,8.7,14.8,72221,62010,33557,27787,38739,25948,97.2,91.4,4.6,0.1,0.9,0,0.2,2.8,2.5,9771,867,459,122,308,1506,691,88,972,28,20.9,36,14.8,10.2,20.1,22.4,16.5,29.1,11,20.2,0.5,23.8,32.2,14.2,85.68
Kentucky,Todd County,53.7,46.4,60.9,65.5,57.2,73.5,3.4,3.7,3.2,3.2,3.7,2.9,59.4,58.8,66.3,53.1,76.1,14.6,21.5,68109,59757,38613,33243,47985,12206,97.8,87.1,7.8,0,0.1,0,2.7,2.2,4.6,4355,303,445,0,126,742,562,0,357,33.8,23.9,47.4,10.9,7.8,15.2,15.2,10.6,21.6,13.7,22.4,2,26.3,35.4,13.9,111.95
Kentucky,Trigg County,50.3,46.1,54.7,64.5,60.8,68.7,4.9,5.5,4.4,3.4,3.8,3,63.2,68.1,82.6,54.2,71.9,12.9,17.4,70324,58525,37188,29867,48459,14067,96.7,89.2,7.2,0,0.3,0,0.1,3.3,2.4,5755,204,392,42,181,877,685,126,325,32,30.5,33.6,15.8,10.5,21.8,16.4,9.8,23.9,11.3,17.5,4.3,24.5,31.6,16.5,111.95
Kentucky,Trimble County,54.8,50.8,58.6,70.7,65.4,76,9.3,10.2,8.6,7.4,10,5.1,72.6,90.9,76.2,31.8,80.1,9.5,14.3,74906,67716,38536,29975,49575,8502,96.6,94.3,0.2,0.1,0,0.9,1.1,3.4,3.4,3238,237,120,0,62,559,226,18,232,25.5,12.5,40.9,14.4,12.5,16.6,13.7,8.6,19.7,15.4,27,1.7,31,39.4,21.1,119.48
Kentucky,Union County,52.7,50.8,54.3,66.4,64.7,67.9,3.9,3.8,3.9,3.8,4.1,3.6,67.4,78.8,88.2,63.9,70.5,9.5,18.8,64852,55081,32870,27634,40864,13786,98.4,82.9,14.6,0,0.6,0,0.3,1.6,1.5,4934,210,218,11,288,725,228,86,230,23.9,16.3,33.1,18.5,13,25.1,18.1,13,24.1,17.9,29.8,3.8,21.6,28,14,118.49
Kentucky,Warren County,64.3,60,68.9,75.6,71.8,79.4,4.7,4.1,5.2,4.2,3.1,5.2,74.1,70.6,78.4,70.6,83.8,12,16.7,78471,62811,31924,25821,38601,133216,95.6,80.1,8.6,0.2,4.7,0.4,1.8,4.4,5.5,51010,3852,2291,166,2589,9037,3451,637,4596,34.4,30,39.2,18.1,14.5,22.1,21.3,14.6,28.8,7.8,14.4,0.5,18.4,26.5,9.3,116.83
Kentucky,Washington County,58.6,55.3,62.1,71.4,69.8,72.9,4.6,3.1,5.8,4.3,2.3,6.1,71.4,89.7,81.8,62.8,77.6,8.6,13.7,82334,64363,37059,30576,41352,11957,96.2,89.5,5.9,0,0.7,0,0.2,3.8,1.7,4642,478,164,23,93,863,526,99,291,32.3,25.8,39.3,15.5,10.7,20.5,14.7,5.9,24.1,12.7,23.4,1.4,24.8,34.1,14.8,119.48
Kentucky,Wayne County,45.3,42.6,48.1,57.8,54.3,61.4,6.1,4.1,7.8,6,3.7,8,56.4,57.2,87.2,77.9,66.8,13.7,22.5,59843,44948,30003,28422,33290,19743,98.3,93.2,1.1,1.2,0.1,0,2.6,1.7,3.6,7856,402,212,67,428,867,261,210,748,23.7,19,28.7,15.2,13.9,16.6,24.3,13.6,35.9,9.3,15.7,2.3,27.5,37.8,16.4,90.68
Kentucky,Webster County,50.7,47.2,54.3,63.7,60.5,66.9,5.3,6.1,4.6,5.5,6.7,4.4,64.8,82.1,72.7,59,70,12.4,16.7,64293,51286,34030,26774,42374,12994,95.8,89.9,3.7,0.1,0.1,0,2,4.2,5.7,4759,382,161,19,269,589,277,96,479,21.9,14.8,29.9,14.5,9.1,20.5,15.3,8.1,23.3,13.3,24.6,0.6,35,43.4,25.6,123.44
Kentucky,Whitley County,47.1,47.4,46.8,59.5,59,60,6.6,4.8,8.4,6.9,4.9,8.8,62,66.6,77,68.4,66,18.9,21.6,55167,45581,27212,23613,33543,36578,98.5,96.5,1,0.2,0.2,0,0.6,1.5,1.5,12774,1254,555,97,617,2625,672,436,1568,34,23,44.3,21.2,19.8,22.6,20.1,14.1,25.7,7,14.2,0.3,17.6,28.8,7.1,92.35
Kentucky,Wolfe County,23.7,23,24.5,31.7,31.6,31.8,27,36.2,14.7,20.9,29.5,8.9,44.8,42.4,42.9,73.3,35.7,32.4,34.6,34349,26540,17189,17528,16875,6666,97.2,97,0.1,0,0.1,0,0,2.8,0,2470,110,96,0,59,167,110,0,260,21.6,23.8,19.3,33.4,20.1,46.8,24.5,22.9,26.1,11.8,22.4,1.1,8.8,10.8,6.8,113.61
Kentucky,Woodford County,63.2,58.4,68.7,78.7,74.1,83.6,2.6,2.6,2.6,1.7,1.6,1.8,75.7,82.7,80.1,71.5,85.3,4.3,7.3,98169,79314,42246,33863,48625,26758,96.9,90.9,4,0,0.4,0,1.6,3.1,6.7,10395,706,437,234,449,1838,794,77,969,41.8,37.5,46.3,16.7,13.1,20.4,19.1,14.9,23.4,8.2,14.8,1.3,14.2,19.7,8.5,114.65
Louisiana,Acadia Parish,50.8,44.6,57.5,63.2,54.9,72.1,9.8,9.4,10.1,8.6,9.3,8,60.5,78.3,72.7,64.7,78.4,19.4,23.1,66482,46181,34285,23325,47943,58200,96.2,78.7,16.6,0.4,0.2,0,0.3,3.8,2.9,21555,1796,713,0,2092,3690,1957,22,2930,26.8,20.5,34.5,18.8,15.3,23.2,23.6,12.7,36.7,14.9,26.8,0.5,15.9,24.7,5.2,129.17
Louisiana,Allen Parish,41.4,45.9,38.2,48.7,58.1,43,9.2,8.5,9.8,8.7,9.2,8.3,64,89.9,58.7,76.5,46.9,16.7,18.1,63748,51949,29612,26235,36411,23085,96.6,74.8,18.1,1.6,0.7,0,1.4,3.4,7.1,7687,380,154,20,684,1000,554,94,823,28.7,22.1,36.4,20.3,15.4,26,18.4,8.1,30.4,15,27.8,0.2,17.5,26.6,7,114.33
Louisiana,Ascension Parish,63.8,57.3,70.6,76.2,68.9,83.7,4.8,5.8,3.8,4.6,5.7,3.7,73.1,75,80.6,79,87.1,6.8,9.8,109534,94019,53456,38529,69607,125289,96.2,68.8,22.8,0.3,1.3,0,3,3.8,6,45195,5288,1611,35,2596,11055,3342,504,5282,38.9,33.6,45.1,13.2,9.9,17.1,22.9,15.1,32.2,10,17.4,1.2,15,24,4.4,125.83
Louisiana,Assumption Parish,50.8,48.9,52.8,65.4,62.7,68.5,8.2,9.4,6.9,7.8,8.2,7.3,68.4,78.1,89.5,74,74.7,11.9,16.4,69061,46686,41948,26007,56869,21366,96.6,66.3,29.7,0.4,0.1,0,0.1,3.4,3.3,8289,390,277,22,488,944,267,18,1766,27.4,19.3,35.1,11.9,5.9,17.7,25.3,7.7,42.2,16.8,34.1,0.2,18.6,32.9,4.8,125.83
Louisiana,Avoyelles Parish,46.9,47.2,46.7,57.6,60.9,54.6,8.1,8.1,8.1,7.2,7,7.4,65.5,79.1,72.9,81.1,59.7,19.9,26.5,51802,41314,32402,27624,37353,39880,94.5,65.1,27.2,1.2,0.6,0.2,0.3,5.5,2.1,14446,660,303,29,1607,1505,849,349,2786,29,17.5,40.6,28.5,22.6,34.4,18.2,13.6,22.9,14.9,29.3,0.4,9.3,16.9,1.8,117.5
Louisiana,Beauregard Parish,50.3,43,57.5,62,53.7,69.7,8.5,7.4,9.3,8.6,7.9,9,58.9,39.1,69.3,34.2,78.8,10.4,14.1,79405,62272,40973,24825,64357,36417,96.2,82.2,12.1,0.2,0.6,0.2,1,3.8,3.8,13352,504,1453,14,352,1745,1560,160,1265,31.2,23.6,41.6,14.2,10.2,19.7,19.8,9.5,34,18.1,30.4,1.2,16.6,26.2,3.5,114.33
Louisiana,Bienville Parish,42,33.7,51.3,52.9,43.2,62.6,5.3,6.4,4.4,5.4,6.9,4.3,46.7,20.9,80.5,55.1,65.4,21.8,29.1,51850,35238,31277,22864,40572,13130,97.9,54.4,42.2,0,0.1,0,1.2,2.1,2,5236,93,131,31,398,311,302,65,859,22,15.8,30.4,22,17,28.8,15.9,5.9,29.5,18.8,29.6,4.2,21.4,31.7,7.2,117.5
Louisiana,Bossier Parish,53.1,50.3,56.2,65,63.1,66.9,5.9,5.1,6.5,5.4,4.7,6.1,67.9,58.8,77.6,60.8,81.1,13,16.9,79787,63535,38248,28783,46705,128508,96.4,68.8,23.5,0.6,2,0.1,1.4,3.6,6.8,47849,3373,2332,95,2747,9296,3983,547,5859,37.8,32.3,43.8,18.5,15.8,21.4,22,14.7,29.9,10.2,19.3,0.4,11.4,17.9,4.4,129.17
Louisiana,Caddo Parish,51.7,49.5,54.1,64.7,63.5,66.1,8.6,8.2,8.9,8.2,8.2,8.3,69.2,70.8,80.3,67.2,72.9,17.7,23,63090,47037,33479,28657,40300,239775,96.5,45,49,0.3,1.2,0.1,0.9,3.5,2.9,94311,4379,2762,145,8105,10915,3334,1240,15870,36,30,41.7,21.5,19,24,21.4,13.9,28.6,8.8,17.1,0.8,12.4,20,4.9,129.17
Louisiana,Calcasieu Parish,57.1,52.7,61.9,69,63.2,75,5.4,5,5.8,5,5,5,66.6,66.3,75.6,60.7,79.1,11.7,16.4,81474,64822,37534,27406,52018,212646,96.7,69,25,0.2,1.5,0,1.1,3.3,4,76829,5252,4452,456,5469,14298,5589,540,10079,33.7,27.3,40.7,20.6,15.8,25.9,20,11.8,29.1,13.5,24.8,1,12.2,20.3,3.3,126
Louisiana,Caldwell Parish,38.9,34.6,42.8,48.7,45.6,51.4,11.5,14,9.6,12.2,14.5,10.3,53.3,37.1,78.5,19.1,57.4,18.5,25.5,65692,45628,34580,29153,44135,9707,99.3,79.1,19.6,0,0.1,0,0.5,0.7,0.7,3468,86,293,0,183,349,301,192,371,30.2,15,50.6,17.7,11.6,26,12.5,7.5,19.2,22.7,38.5,1.5,16.9,27.4,2.7,117.47
Louisiana,Cameron Parish,56.7,48.9,64.8,69.8,62.5,77.9,0.7,0.9,0.6,0.7,0.8,0.7,63,100,94.3,55.8,78.4,5.7,8.3,80055,70332,38389,29512,46902,5650,96.3,92.9,1.2,1.8,0.4,0,0,3.7,5,2216,85,128,0,156,412,190,0,117,31.7,22.9,43.1,17.2,16,18.7,22.4,13,34.6,9.3,16.6,0.1,19.3,31.6,3.6,126
Louisiana,Catahoula Parish,37.7,41.4,34.7,45.9,53,40.1,9.7,4.9,14.1,10,4.4,15.3,55.5,12.3,58,79.2,47.4,21.7,29.2,61790,46033,33624,28970,35944,9117,99.3,66.1,32.6,0.2,0.1,0,0.4,0.7,1.3,3055,191,183,0,294,384,208,0,343,27.3,17.8,36.7,22.7,17.6,27.7,18.1,6.1,29.9,18.9,37.9,0,13.1,20.6,5.7,117.5
Louisiana,Claiborne Parish,39.6,46.1,35.1,48.5,62.3,40,5.2,3.3,6.9,5.6,3.6,7.5,64.6,71,71.1,42.3,43.3,25.5,33.6,42143,32236,21609,18898,23626,14456,98.1,45,52,0,0.2,0,0.9,1.9,1.6,5042,119,70,28,292,409,358,34,576,22.9,16.8,29.7,25.7,17.2,35,17.5,7.9,28,16.5,28.9,2.8,17.4,29.2,4.4,117.5
Louisiana,Concordia Parish,35.6,39.4,31.9,46,54.7,38.6,12.3,8.1,16.9,11.2,4.5,18.1,57.3,88.5,70.9,48.1,47.2,21.2,30.9,52201,39411,30395,23471,38995,18989,98.1,56.9,40.1,0,0.3,0,0.8,1.9,1.8,6273,167,176,86,666,493,437,161,1406,27.7,22,32.5,24.7,18.9,29.6,23.8,10.6,34.9,16.7,36.2,0.2,7.1,12.4,2.7,117.5
Louisiana,De Soto Parish,47.1,43.7,50.7,60.8,56.6,65.2,8.9,6.6,10.9,8.2,6.7,9.5,60.7,67.4,70.7,73,72.1,15.8,21.1,59016,49447,32408,23734,40653,26803,97.1,61.1,34.9,0.5,0.2,0,0.4,2.9,3.1,10168,441,416,47,840,1340,709,228,1451,32.4,26.2,38.9,16.4,13.1,19.9,19.6,6.8,33.2,14.3,26.4,1.3,17.3,27.4,6.6,129.17
Louisiana,East Baton Rouge Parish,60.3,56.2,64.9,73.1,69.3,77.2,7.2,6.5,7.9,6.6,6.3,6.9,74,78.3,84.8,66.5,83.1,12.5,17.7,84692,63402,37584,30879,47992,455447,96,45.3,45.4,0.2,3.1,0,2,4,4.4,171349,12427,5720,316,12861,22580,7054,967,27446,41.6,37.1,46.3,17.5,14.1,20.9,21.7,16,27.6,7.8,14.5,1,11.3,18.2,4.2,125.42
Louisiana,East Carroll Parish,23.5,35.2,15.3,28.5,48.1,16.8,7.8,9.4,5,7.2,8.6,4.8,52.7,4.6,66.9,19.8,17.7,36.3,47.3,36677,27303,25287,21853,27924,7502,97.4,28.4,67.2,0.7,0,0,1,2.6,1.9,2213,0,0,0,391,133,71,0,904,26.5,27.4,26,33.7,27.7,37.3,23.9,7.2,34.2,6.2,15.4,0.4,9.8,22.3,2,117.47
Louisiana,East Feliciana Parish,40.3,47.8,34.4,48.9,60.8,40.3,6.2,7.1,5.3,6.4,7.4,5.3,65.6,90.8,82.2,62.8,42.7,9.8,13.9,78769,63356,43935,33068,52775,19588,97.3,54.4,41.6,0.8,0.1,0,0.3,2.7,1.7,6520,265,249,38,465,829,355,188,601,30.8,21.8,39.1,20.2,13.9,26,20.9,9.1,31.8,14.2,29.4,0.3,13.8,25.9,2.9,113.75
Louisiana,Evangeline Parish,46.4,43.4,49.3,56.6,54.2,58.7,13.6,11.6,15.2,13.1,10.9,14.9,60.9,76.1,67.1,81.3,69,23,27,45497,35387,28303,21831,35620,32538,96.4,66.2,26.5,0.4,0.3,0,2.8,3.6,3.9,12076,711,224,45,1118,1503,1036,152,2167,27.5,18.7,38,20.8,14.1,28.9,16.6,9.4,25.1,16.1,29.1,0.7,19,28.7,7.3,117.5
Louisiana,Franklin Parish,44.1,44.9,43.3,56.4,58,54.8,8.8,7.6,10,7.3,7,7.7,62.4,60.1,72.9,89.8,59.3,19.6,27.1,53660,41693,32147,27375,41947,19964,98.7,65.3,33.1,0.1,0.2,0,0.1,1.3,0.5,7279,391,165,51,740,809,414,89,1487,27.3,20.8,33.1,20.9,15.2,26,20.4,4.3,34.8,19.3,37.3,3.1,12.2,22.4,2.9,117.47
Louisiana,Grant Parish,42.4,44.5,40.9,50.6,56.8,46.7,4.3,3.4,5.1,3.9,3.4,4.3,58.8,62.4,68.6,73,49.1,10.5,16.2,67207,57529,34206,27663,37665,22236,97.2,79.3,15.9,0.2,0.6,0,1.1,2.8,5.3,6577,329,223,0,384,1240,397,60,776,27.4,20.7,36,15.9,13.1,19.3,22.2,8.5,39.7,18,31.1,1.2,16.6,26.6,3.7,117.5
Louisiana,Iberia Parish,53.6,49.6,57.7,66,60.6,71.6,7.8,7,8.5,7.4,7.3,7.4,65.4,73,80.9,55.7,77.3,16.7,22.5,65036,56983,35760,25244,47649,70518,95.2,59.2,31.5,0.1,2.7,0,1.7,4.8,4.4,26697,1240,1019,95,2336,3512,1806,837,4063,29.3,26.3,32.6,19.9,10.8,30.1,20.6,10.8,31.7,13.8,25.3,0.8,16.5,26.8,4.8,129.17
Louisiana,Iberville Parish,47.4,46.4,48.4,58.4,60.5,56.4,8.5,8.6,8.4,8.1,8,8.2,65.8,82.4,87.8,57.3,63,13.5,18.9,67738,57763,37478,28393,48255,30651,96,47.9,46.9,0.1,0.1,0,1,4,2.9,10933,258,112,35,955,1430,244,68,1646,34.8,34.8,34.8,18.3,10.9,26,18,6.7,30,12.1,21.9,1.7,16.8,25.7,7.4,125.42
Louisiana,Jackson Parish,41.6,38.2,45,52.3,50.3,54.1,4.5,5.9,3.4,5.1,6.7,3.8,53.9,60.5,65.4,45.7,56.2,15.1,21,59431,45015,29755,22231,37339,15214,96.6,67,26.7,0.2,0.6,0,2.1,3.4,1.8,5364,124,239,3,441,545,433,141,599,29.5,19.4,41.7,20.6,19.5,22,20.4,11.9,30.8,11.2,19.7,0.8,18.3,29.6,4.6,117.5
Louisiana,Jefferson Parish,59.4,55.8,63.3,73.1,70.1,76.2,6,6,5.9,5.6,5.7,5.5,74.6,70.4,83.6,75.5,81.4,12.4,15.9,80482,63915,39014,34113,45401,439402,94.3,58.2,26.9,0.4,4.2,0,4.7,5.7,14.9,174954,11978,6032,1127,11031,23940,6310,1806,24318,36.1,29.9,42.7,19.4,15.4,23.6,21.6,14.9,28.5,11.6,21.9,0.8,11.3,17.8,4.4,126.67
Louisiana,Jefferson Davis Parish,50.8,46.2,55.6,63.7,58,69.5,5.6,6.7,4.7,5.3,5.9,4.7,61.6,56.2,77,64.7,72.9,14.3,16.9,71194,49680,35177,26698,48351,32270,96.1,78,16.3,0.9,0.2,0,0.8,3.9,2.5,11351,1095,605,19,650,2024,849,113,1442,30.7,23.5,38.9,20.8,14.4,28.2,19.9,13.1,27.9,14.9,27.1,0.8,13.7,21.9,4.3,126
Louisiana,Lafayette Parish,62.2,58.1,66.6,73.9,70.5,77.4,5.2,4.2,6.2,5.1,3.9,6.1,73.3,76.6,82.5,75.9,82.6,11.8,16.8,87600,69009,41478,32267,55999,241173,95.7,66.8,25.7,0.2,1.9,0,1.2,4.3,4.6,95607,8322,2564,229,5878,16491,4982,724,11293,40.9,37.7,44.4,16.1,11.3,21.3,23.8,17.3,30.8,8.6,16.3,0.3,10.6,17.5,3.3,129.17
Louisiana,Lafourche Parish,54.8,48.7,61.1,67.5,62.1,73,6.1,7.6,4.8,5.6,6.4,4.9,66.3,61.8,74.6,52.3,76.7,10.8,15.7,82012,64034,41079,28885,56123,97677,96.5,78.1,13.4,2.3,0.6,0,2.1,3.5,4.4,36412,2266,1925,260,1963,5827,3035,536,3972,30.7,23.9,38.9,17.4,12,23.8,21.3,12.3,32.2,12.6,23.1,0.1,17.9,28.6,5.1,125.83
Louisiana,LaSalle Parish,49.7,48.2,51.1,60.8,60,61.6,6.3,9,3.9,6.7,9.7,4.2,66.4,50.5,87.4,70.6,64.4,12.2,17,74169,56903,34923,26969,51872,14770,99.3,83.7,12,0.3,1.4,0.5,1.3,0.7,2.9,4533,335,169,0,317,839,226,12,936,30.5,17.4,46,16.1,8.9,24.6,19.2,13.4,26.1,23.5,43.3,0,10.7,16.9,3.2,129.17
Louisiana,Lincoln Parish,53.1,52.6,53.6,65.9,65.9,65.9,3.8,2.7,4.9,3.9,2.9,4.9,67.9,73.4,79.8,72.2,69.6,17.4,28.4,61996,41919,24078,21191,29201,48415,96.4,54.8,38,0.6,1.6,0.1,1.4,3.6,3.1,17729,1061,500,25,1343,2672,660,263,2017,36.5,32.7,40.2,21.3,15.8,26.6,21.5,16.4,26.4,7.8,15,1,12.8,20.1,5.9,129.13
Louisiana,Livingston Parish,57.7,51.5,64.1,70.4,63.3,77.6,4.4,4.4,4.4,4.1,4.1,4.1,66,75.5,73.1,62.5,81.3,9.3,10.7,91325,77986,46296,34861,58392,141057,96.8,87.7,6.7,0.3,0.9,0,1.2,3.2,4.2,48474,4958,2019,314,2020,9286,4756,684,5219,34.9,27.9,43.4,15.7,11.4,20.8,20.7,12.8,30.3,15.8,27.3,1.8,12.9,20.6,3.6,129.17
Louisiana,Madison Parish,38.1,41,35.2,43.3,46.9,39.8,10.6,10,11.2,9.6,11.7,7.1,53.1,58.2,78.1,65,42.8,25.6,35,45863,40194,28052,26163,29879,10297,98.2,34,63.5,0.2,0,0,0.5,1.8,2.4,3076,113,39,0,551,200,43,19,772,35,26.6,42.1,27,26,27.9,15.6,9.9,20.3,10.9,21.3,2.1,11.5,16.1,7.5,117.47
Louisiana,Morehouse Parish,44.2,42.2,46.3,58.6,57.6,59.7,9.2,7.8,10.5,8.4,7.4,9.3,62.2,69.4,66.2,89,66,24.4,30.1,51179,36796,29374,23762,34284,25852,98.6,48.6,48.7,0.2,0.5,0,0.6,1.4,0.8,9240,568,194,34,1111,979,864,184,1631,25.4,16.4,34.4,22.7,16.6,28.6,18.9,8.8,29,12.3,23.9,1,20.6,34.4,7,117.47
Louisiana,Natchitoches Parish,43.8,43.9,43.8,55.3,56.7,53.9,13.3,12.3,14.5,12.6,11.2,14.1,63.8,64,74.7,65.3,62.8,14.7,26.5,58758,37022,27635,23204,31356,37896,97.6,51.9,42.6,0.9,0.2,0,2,2.4,2.4,13765,713,181,68,1394,2035,533,142,2726,33.3,26.3,39.4,16.3,13.1,19.2,23,11.4,33.1,8.3,17.3,0.3,19.2,32,8,129.17
Louisiana,Orleans Parish,55.8,54.7,57,66.9,66.7,67.1,8.4,7,9.9,8.2,7,9.5,72,78.1,80.2,69.1,74.9,17.1,23.8,73686,49697,36671,32224,44106,383974,95.9,32.7,58.1,0.2,2.7,0,2.1,4.1,5.6,156586,7545,2410,540,12066,11555,3456,979,26722,45.7,42.8,48.2,21.1,19,23.1,19,13.6,24,5.9,11.6,0.8,8.2,13,3.8,126.67
Louisiana,Ouachita Parish,54,53.2,54.9,67.2,67.5,66.9,5.9,5.8,5.9,5.3,5.5,5,71.5,69.9,80.9,68.9,70.8,19.3,24.4,66210,50163,36555,31582,44807,160227,97.9,58.1,37.6,0.2,1.1,0,1,2.1,2.3,58493,3125,2198,357,5361,10295,2668,915,9531,36,28,43.5,20,17.6,22.3,22.7,16,28.9,7.9,15.8,0.6,13.3,22.7,4.7,129.13
Louisiana,Plaquemines Parish,52.4,49,55.9,63.2,60.9,65.6,5,5,5.1,5,4.9,5.2,66.7,72.3,76.4,68.7,79.9,14.3,17.5,82015,76267,40725,28339,53713,23536,92.8,65.3,20.5,1.5,4.2,0.1,1.2,7.2,7.9,8039,786,250,0,534,2302,684,0,1020,33.2,26.3,40.9,16.9,14.2,19.9,20.8,9.6,33.3,15.1,25.5,3.5,14,24.5,2.4,126.67
Louisiana,Pointe Coupee Parish,52.9,49.6,56.6,65.2,61.3,69.2,5.6,1.8,8.9,6.4,2,10.1,62.5,61.2,79.6,61.7,77.2,12.3,19.4,76153,54970,37881,27010,49332,20951,97.9,62.7,34.2,0.1,0.5,0,0.4,2.1,2.9,8287,332,201,9,489,774,415,35,1482,26.6,16.4,37.2,20.7,12.4,29.3,20.2,8.9,31.8,15.6,30,0.9,16.8,32.3,0.9,113.75
Louisiana,Rapides Parish,53.9,51.7,56.2,67.2,66.6,67.9,6.3,5.6,6.9,6,5.1,7,70.4,84.5,79.4,65,74.1,14.9,18.8,66927,54107,35094,30613,42247,130459,96.5,62.3,31.2,0.8,1.3,0,1.1,3.5,3.4,48651,3577,1545,80,3291,7097,3112,454,7119,34.8,26.9,42.7,21.1,19.6,22.6,21,12.9,29.1,10.7,20.2,1.3,12.3,20.4,4.3,129.17
Louisiana,Red River Parish,46.5,38.6,55.2,60.6,51.4,70.1,3.8,4.2,3.4,2.2,4.7,0.2,53.9,72.3,53.7,54.8,70.3,12.8,21.8,60002,44937,32852,25159,44930,7787,98.7,56.4,42.1,0,0,0,0.3,1.3,0.5,2800,85,13,0,315,334,129,6,462,23.2,16.6,31.6,23,16.4,31.4,14.6,8,23.1,19.5,33.8,1.1,19.7,25.2,12.7,117.5
Louisiana,Richland Parish,47.1,45.9,48.4,57.8,57.1,58.5,6.2,6.2,6.1,6,7,4.9,61.4,77.3,68.8,64.3,61.7,23.9,28.6,57320,46822,32985,23711,43780,20110,97.7,61.4,35.8,0.1,0.3,0,0,2.3,2.3,7202,300,156,0,607,828,395,169,1118,29.1,25.5,32.7,17.7,7.7,27.6,24.9,14.5,35,16.2,30.3,2.3,12.1,22,2.4,117.47
Louisiana,Sabine Parish,41.2,31.8,50.9,55.1,41.4,69.3,9.6,12.4,7.6,9.3,13,6.8,47.6,67.8,68.2,45,74.5,14.4,21.6,59062,43573,33067,18918,47298,22377,89.9,67.6,14.5,6.3,0.3,0,1.1,10.1,4,8361,279,432,23,511,1118,770,94,781,28.8,23.4,37.2,12.1,7.8,18.7,22,14.4,33.9,19.1,29.6,2.7,18,24.8,7.5,117.5
Louisiana,St. Bernard Parish,56.3,53.9,58.9,66.8,64.7,69,8.5,6.7,10.2,8.2,6.6,9.7,69.4,73.3,77.1,75.2,76.5,17.6,21.7,68832,57266,39193,31850,49183,43821,94.8,66.7,24,0.3,2.5,0,1.3,5.2,10.3,15472,1104,372,53,1533,2244,812,369,3435,29.6,20.5,38.9,21.3,18.2,24.4,22.1,13,31.4,12.3,23.4,0.9,14.7,24.8,4.4,126.67
Louisiana,St. Charles Parish,59.8,56.3,63.5,71.4,68.5,74.4,6.6,5,8,6.7,4.6,8.5,71.9,68.8,74.6,84.1,81.6,7.7,10.2,94660,78576,46760,37210,57422,52411,97.7,67,26.2,0.3,1,0,3.2,2.3,6.4,18640,1266,465,12,1344,4274,1152,26,2528,41.4,30.5,53.1,12.7,10.7,14.9,18.5,10.3,27.4,11.9,21.8,1.2,15.4,26.6,3.4,125.83
Louisiana,St. Helena Parish,40.4,42.3,38.4,54.5,59,49.5,26.2,17.2,34.8,25.4,16.5,34.7,70.6,52.1,93.1,62.8,75.8,22.1,25.2,58644,44534,33115,26430,36190,10881,98,46,51.3,0.6,0,0,0.1,2,2,3991,224,133,0,224,466,118,0,882,27.3,16.9,35.9,25.5,12.8,36,12.6,7.5,16.8,20,40.1,3.5,14.5,22.8,7.7,117.5
Louisiana,St. James Parish,54,53,55,69.4,67.9,71,5.2,4,6.6,5,4.2,5.8,70.9,81.5,87.4,92.8,75.4,9,12,79984,61266,42750,35579,54924,20390,99.6,49.3,49.4,0,0,0.2,0.7,0.4,1.8,7464,558,111,0,536,1470,254,25,966,30.1,19.7,40.1,15.2,9.1,20.9,20.7,9.4,31.5,12.3,22.8,2.1,21.8,39,5.3,125.83
Louisiana,St. John the Baptist Parish,54.3,52.9,55.8,65.6,63.1,68.4,10.6,10,11.1,9.8,10.2,9.4,70.2,62.9,87.1,79.6,75.6,10.4,14.9,76951,66210,37902,31748,53865,42704,96.9,35.2,57.6,0,0.9,0,3.3,3.1,6.7,15109,606,212,17,1798,3177,553,141,2293,31.7,24.6,38.6,18.6,15.8,21.5,22.2,10.7,33.6,10.5,20.4,0.6,17.1,28.5,5.7,125.83
Louisiana,St. Landry Parish,49.2,45.1,53.7,62.1,58.1,66.3,6.5,6.4,6.5,6.4,6.2,6.5,62,67.8,70.8,66.1,71.7,21.6,25.9,54110,44764,33140,25990,42219,82999,97.2,55,40.6,0.1,0.6,0.2,0.7,2.8,2.4,30479,2053,554,3,2741,4869,2042,432,5072,28.7,23,34.9,18.2,13.1,23.8,23.1,12.4,34.6,13.7,25.6,0.9,16.2,25.9,5.8,117.5
Louisiana,St. Martin Parish,54.2,52.5,55.9,67.4,65.2,69.7,6.6,2.9,9.9,5.7,2.1,8.9,66.6,80.1,74.4,69.9,77.1,13.7,17.3,64250,50915,36774,30869,46755,52222,97.5,66.3,29.3,0.4,1,0,0.5,2.5,3.1,19537,1403,456,184,1388,3363,1111,307,2206,25.1,20.4,29.9,16,10.5,21.7,25,12.3,38.2,15.3,28.5,1.6,18.6,28.2,8.6,129.17
Louisiana,St. Mary Parish,50.1,48.4,51.9,60.1,58.6,61.5,7.4,6.7,8,7,6.7,7.2,62.8,55.6,71.2,52.7,66.7,16,20.5,60395,46976,35440,25376,46752,49818,94.9,58.4,30.1,1.7,1.4,0,3.3,5.1,7.1,18565,821,934,105,1519,2426,1208,134,2710,23.4,19,28,16.9,10.6,23.5,26.9,13.4,41,14.1,26.3,1.3,18.6,30.6,6.2,117.5
Louisiana,St. Tammany Parish,58.5,52.9,64.6,72.7,67,78.7,5.2,4.9,5.4,4.9,4.6,5.2,70.6,68.6,76.3,74.6,84.7,9.5,11.7,93023,77375,44354,34614,54341,262799,95.3,79.7,11.9,0.7,1.4,0.2,1.3,4.7,5.9,99293,7871,3208,125,4294,19873,7836,1006,10219,43.3,38.8,48.4,16.3,15,17.7,21.6,14.5,29.7,9.7,17.8,0.5,9.2,14,3.8,129.17
Louisiana,Tangipahoa Parish,55,51.4,58.9,66.2,62.5,70,5.8,5.3,6.3,5.6,4.9,6.3,65.7,77.1,74.5,71.6,75.1,14.1,20.1,67872,55218,34083,28533,42206,132492,96.6,65.3,30,0.2,0.6,0,0.5,3.4,4.5,48390,3479,1514,321,4124,6628,3213,634,7690,33.1,24.9,41.9,20,15.9,24.4,18.3,11.3,25.7,10.5,19.3,1.2,18,28.5,6.8,129.17
Louisiana,Tensas Parish,34.9,33.7,36.4,44.8,41.2,48.2,16.7,9.5,22.9,20.3,13.1,25.4,47.4,100,42.9,18.5,64.7,25.1,37.1,44882,35929,25166,20852,35450,4269,98.3,42.3,53.1,0,0.1,0,2.7,1.7,3,1502,20,42,0,91,105,160,0,219,25.2,19.4,30.8,22.5,23.7,21.3,28.1,12.9,42.9,13.2,26.8,0,11,17.2,5,117.47
Louisiana,Terrebonne Parish,54.1,48.7,59.8,66.8,61.1,72.5,6.7,7,6.5,6.2,6.6,5.7,65.5,78,68.1,65.5,77.7,15,17.8,72892,63155,40104,29141,56522,110100,95.6,68.4,19,5.7,1.2,0,1.4,4.4,5.2,41960,2371,1917,44,3084,6504,3782,495,4621,33.6,27.8,40.4,16.4,10.6,23.1,22,14.5,30.7,13.1,23.6,0.7,15,23.5,5.1,125.83
Louisiana,Union Parish,46.8,40.8,52.9,59.7,52.7,66.9,6.8,7.7,6.1,5.3,7.1,3.8,56.7,76.9,68.5,43.8,69.5,17.1,23.6,65814,48169,35621,31027,44555,21272,97.3,70.1,24.3,0.3,0,0,2.6,2.7,5,7669,373,352,0,631,772,647,27,1126,28.1,22,35.9,15.1,12.7,18.2,23.4,12,37.9,15.6,27,1,17.8,26.3,7,117.47
Louisiana,Vermilion Parish,53.3,45.5,61.7,65.6,55.8,76,6.5,8.2,5,6.4,8.4,4.8,60.8,72,71,58.7,80.9,15.3,17.5,75146,61418,39913,27346,56706,57775,96.3,79.7,14,0.1,1.7,0.2,0.6,3.7,3.7,21580,1555,1007,48,1167,3986,2308,338,2300,31.2,25.9,37.8,15,9,22.6,22,13.1,33.2,17.1,29.4,1.6,14.7,22.6,4.8,117.5
Louisiana,Vernon Parish,41.7,42.1,41.4,49.3,50.9,48.1,6.7,8.2,5.3,6.2,7.5,5.1,59,54.5,66.8,46,81.6,13.9,17.7,66943,58004,35254,27300,40427,49064,94.8,75.5,14,1.1,1.9,0.4,1.8,5.2,9.6,17263,954,1902,289,742,2627,2050,280,1679,31.5,25,39,19.1,14.7,24.1,20.6,12.7,29.6,14.4,25.7,1.5,14.4,21.9,5.7,117.5
Louisiana,Washington Parish,46.2,48.3,44.1,57.9,61.9,53.9,10.3,6.2,14.5,9.9,5.9,14.1,65.8,79.6,76.7,72.4,62.8,20.5,24.7,51573,42693,27472,23416,34357,45794,98.1,66.5,30.8,0.2,0.2,0,0.5,1.9,2.5,17367,715,513,49,1657,2192,971,212,2841,25.6,18.7,31.8,22.9,16.5,28.6,22.6,10,33.8,14.3,28,2.2,14.5,26.7,3.6,117.5
Louisiana,Webster Parish,44.1,38.9,49.6,57.1,51.7,62.5,4.7,4.6,4.8,4.1,4.5,3.7,54.4,46.2,69.4,67.3,65.4,21.7,26.6,44000,34005,23434,20440,27361,37356,97.8,62.9,34.2,0.4,0.2,0,0,2.2,2.1,14831,648,467,248,977,1809,659,458,1658,28.5,21.5,36.9,17.4,14.4,21,21.6,10.9,34.6,16,27.9,1.7,16.5,25.4,5.8,117.5
Louisiana,West Baton Rouge Parish,57.7,55.1,60.2,69.3,64.7,73.9,7.7,11.5,4,7.3,11.3,3.3,73.4,87.2,77.8,66.3,76.6,8.9,14.6,88023,78906,46394,42064,58274,27064,99,57.5,40.9,0.1,0,0,0.5,1,3.3,9759,1076,207,0,430,1587,459,32,1686,35.2,27,44.1,12.3,9,16,25.4,16.1,35.7,11.9,22,0.8,15.2,26,3.5,125.42
Louisiana,West Carroll Parish,45.6,38.1,52.7,59.9,52.4,66.6,5.1,5.1,5.1,3.9,4.1,3.7,54.6,93.9,67.9,50.4,69.2,15.4,21.5,62387,45835,36066,33038,41235,9959,98.5,79.7,16.1,0.2,0,0.3,2.1,1.5,4.2,3700,145,145,32,182,444,311,15,514,32.4,26.9,40.3,19.5,15.1,25.8,14.5,4.7,28.6,17.7,29.6,0.6,15.9,23.8,4.7,117.47
Louisiana,West Feliciana Parish,42.6,53.3,37.7,50.4,70,42.6,9.5,7,11,10.3,7.5,12,75.7,82.7,75.4,63.5,48.6,12.8,15,83045,69161,38649,29614,41562,15334,98.2,53,44.4,0.1,0.7,0,0.1,1.8,1.6,3852,265,160,0,287,495,240,0,364,35.8,28.3,47.7,25.8,24.7,27.6,13.2,8,21.4,13.2,21.4,0.3,11.9,17.6,3,125.42
Louisiana,Winn Parish,41.7,41.4,42,49.4,51.8,47.7,5.1,7.2,3.3,5.8,8.5,3.7,56.7,70,54,86.5,49.5,13.7,18.4,60281,47644,39934,27967,49268,13875,98.1,65.1,32.2,0.2,0,0,0.7,1.9,2,4726,423,43,54,275,541,390,0,597,32.1,22.9,43.6,19.4,14,25.9,14.4,4.6,26.4,14.8,26.6,0.4,19.3,32,3.7,117.5
Maine,Androscoggin County,61.6,57.9,65.5,76.3,73.7,79,4.7,5.1,4.3,3.8,3.8,3.8,76.6,81.6,80.6,77.2,82.3,6.8,11.9,84250,64623,39213,35482,44286,110378,94.6,90.2,2.8,0.1,1,0,0.5,5.4,2,45770,3531,848,297,1926,8143,1360,215,4038,34.5,28.2,41.3,19.5,16,23.2,22.4,15.3,29.9,9.8,18.4,0.6,13.8,22.1,5,140
Maine,Aroostook County,51.1,46.9,55.3,68.5,64.7,72.3,6.2,5.7,6.5,5.7,5.1,6.2,68.3,77,78.1,62.6,77.2,8.8,14.5,66904,51533,35369,30421,42496,67272,97.3,94,0.8,1.8,0.4,0.1,0.3,2.7,1.4,28939,1520,846,63,953,3488,1397,220,1649,32.3,25.9,39.7,17.1,10.7,24.6,22.1,15.7,29.6,13.3,23.7,1.1,15.3,24,5,135
Maine,Cumberland County,66.4,63.9,69,81.6,80.1,83.2,3.5,2.8,4.3,3,2.4,3.6,82.1,81,85.6,75,86.9,4,7.8,114052,87940,46298,41112,52607,300776,96.1,89.8,3.2,0.2,2.2,0,0.6,3.9,2.2,125986,9839,3547,358,1631,20955,4228,780,7377,49.1,44.1,54.2,15,12.4,17.5,20.4,17,23.7,6.4,12.2,0.6,9.2,14.3,4,150
Maine,Franklin County,56.4,54,58.9,72,68.7,75.4,5.1,4.5,5.7,4.7,4.3,5.1,71.8,71.4,83.1,57.7,79.5,6.2,11.9,75483,58432,33237,24872,40526,29487,96.5,95.5,0.3,0,0.3,0,0.3,3.5,1.4,12018,487,363,107,481,1619,608,98,811,33.5,26.4,41,20,15.3,24.9,17.4,11.3,23.9,13.8,26,1,15.2,21,9.2,125
Maine,Hancock County,59.3,57,61.7,78.2,76.4,80.1,4.1,4.3,3.9,3.5,3.6,3.4,79.2,72.5,85.4,69.6,83.4,6.3,10.3,84051,65786,38251,32357,45016,55417,97.9,95,0.9,0.5,1,0,0.5,2.1,1.6,24103,1363,565,113,531,3324,828,171,1358,37.1,32,42.2,17.5,13.8,21.2,19.7,12.1,27.4,15,27,2.9,10.8,15.1,6.4,88
Maine,Kennebec County,59.3,57.1,61.7,74.2,72.4,76,4.2,3.3,5,4.2,3.3,5.2,74.9,83.2,83.2,67.2,80.5,7.2,12,83939,63326,39356,35329,44451,123293,97.1,94.8,0.7,0.5,0.9,0,0.2,2.9,1.7,52752,2934,1130,355,1751,7157,2034,765,4196,39.9,34.9,45,16.1,12.5,19.8,21.9,13.8,30.2,11.3,21.4,1,10.8,17.5,4.1,125
Maine,Knox County,57.1,55.3,59,73.1,73.8,72.5,3.7,2.8,4.5,3,2.5,3.5,75.6,69.9,80.1,69.5,75.2,5.6,9.3,86913,69105,35357,29577,42626,40519,97.2,95.3,0.4,0.3,0.4,0,0.7,2.8,1.6,17529,660,494,202,388,1991,592,170,1715,36.2,29.8,43,17,12.2,22.1,18.3,10.4,26.7,15.8,29.2,1.5,12.7,18.4,6.6,220
Maine,Lincoln County,55.2,51.4,59.2,74.1,69.5,78.8,3.8,3.7,3.8,3.7,3.7,3.7,72.2,71.3,78,68.6,81.9,5.3,10.6,90522,67712,36020,30630,44048,35065,97,95.3,0.4,0.3,0.8,0,0.3,3,1.3,15372,761,398,32,367,1707,593,81,1130,40.2,33.9,47,16.1,12.7,19.7,15.6,8.1,23.8,15.9,28.4,2.5,12.2,17,7,130
Maine,Oxford County,53.6,52.3,55,68.4,66.9,69.9,5.7,4.7,6.5,5.5,4.4,6.5,70,69.6,81.3,78.3,74.8,9.8,14,69477,56009,34137,28894,40091,57807,96.6,95.1,0.3,0.2,0.5,0,0.4,3.4,1.5,22747,1035,521,59,792,3463,772,284,1660,30.7,24.8,36.8,20.1,13.5,26.9,18.3,10,27,13.6,26.1,0.7,17.3,25.7,8.6,125
Maine,Penobscot County,57.7,56,59.5,72.4,71.2,73.6,4.5,4.3,4.7,4,3.8,4.1,74.1,76.4,82.6,64.5,77.3,7.8,13.8,80191,60086,35796,32493,41077,152211,96.9,93.3,1,1.3,0.9,0,0.6,3.1,1.5,62812,3930,1728,229,1563,8256,2291,962,3989,38.1,32.6,43.7,19.7,15.7,23.8,21.2,15,27.7,10.4,19.9,0.6,10.6,16.7,4.2,170
Maine,Piscataquis County,47.8,45.8,49.6,65.1,64.1,66.1,5.5,4,6.7,5.1,3.6,6.5,66.5,72.1,82,76.5,70.8,9.4,16,61737,51173,34841,33064,38224,16760,97,94,0.6,0.1,0.9,0,1.4,3,2.1,7176,241,154,33,332,659,303,78,453,32,25,40,15.9,11.3,21,19.4,11.3,28.5,12,21.1,1.9,20.7,31.4,8.7,135
Maine,Sagadahoc County,61.7,58.3,65.4,79.2,76.8,81.7,4.3,3.1,5.5,4.4,2.6,6.1,79,78.5,82,78.7,87.1,9.7,11.2,93657,79944,43895,37737,48158,36530,97.1,95.2,0.6,0.2,0.7,0,0.3,2.9,1.9,15879,1190,224,0,446,2505,513,17,1098,41.1,32.5,50.1,16.4,12.9,20,19.7,14.3,25.3,12.7,23.1,1.8,10.1,17.1,2.8,130
Maine,Somerset County,52.1,49.1,55.1,66.9,64.5,69.3,4.8,4.8,4.7,3.9,3.5,4.3,66.8,57.6,80.2,64.1,72.8,11,17.9,69206,51762,33388,27870,41124,50424,97.3,96,0.4,0.2,0.4,0,0.2,2.7,1.2,21596,1032,947,21,587,2576,1143,156,1309,28,18.8,38.1,17.6,12.3,23.4,22.8,17.7,28.5,14,25,1.9,17.6,26.3,8.1,135
Maine,Waldo County,56.4,54.9,57.8,72.7,71.3,74.1,5.1,4.1,6.1,4.7,3.7,5.7,74,73.5,82.2,75.4,78.8,8,13,77329,65269,38306,34246,42406,39618,97.7,95.5,0.4,0.4,0.4,0,0.9,2.3,1.6,17213,993,318,60,418,2306,668,169,1244,41.9,35.8,48,14.9,10.6,19.3,20.7,14.5,26.9,11.4,20.9,1.7,11.2,18.2,4,220
Maine,Washington County,48.3,45.7,51.1,63.8,62,65.7,7.4,5.1,9.5,6.6,4.3,8.7,65,68.5,73.1,62.1,72.5,13,18.7,67302,50891,30640,26592,37718,31003,96.6,89.7,0.7,5.3,0.4,0.1,0.5,3.4,2.7,13258,597,359,99,459,1477,794,140,811,31.9,25.1,39.3,19,13.8,24.5,17.9,8.1,28.5,17,31.3,1.5,14.2,21.7,6.2,88
Maine,York County,64,59.7,68.6,80.2,76.7,83.7,3.5,3.3,3.6,2.9,3.2,2.6,79.3,78.2,84.3,67.9,86.8,4.8,7.7,99194,80503,44391,37207,51730,210486,96.3,93.5,0.9,0.3,1.1,0,0.5,3.7,1.9,87914,5729,2350,517,1770,13720,3418,563,5737,38.4,33.2,44.1,16.7,12.4,21.3,20.8,14.2,27.8,10.4,19.1,0.9,13.8,21.1,5.9,160
Maryland,Allegany County,45.7,45.4,45.9,59.2,62.7,56.5,6.9,7.1,6.8,5.8,6.4,5.2,67.1,67.4,78.4,63.8,59.6,9.3,14.8,72538,55688,33692,29527,40589,68684,97.5,87.7,8.5,0.1,0.9,0,0.3,2.5,2,27563,1190,870,129,1071,2865,1137,286,2461,33.7,29,39.1,20.9,18.6,23.5,21.6,14.5,29.8,8.9,16.4,0.3,14.9,21.6,7.3,145.99
Maryland,Anne Arundel County,63.7,60.6,67,76.3,73.9,78.6,4.4,4.8,4,4.1,4.6,3.6,79,76.6,81.9,71.3,87.5,3.9,5.6,137239,117772,60345,51202,69502,584064,94,69.4,16.9,0.3,3.9,0,3.4,6,8.3,218682,21570,8952,606,7171,44255,14840,1107,18743,49.6,46.4,53.1,14.1,12.7,15.6,20.5,14.2,27.3,7.8,14.5,0.6,8,12.2,3.4,210.72
Maryland,Baltimore County,62.6,59.2,66.4,77.3,74.4,80.5,5.3,5.2,5.5,5.1,5.2,5,78.6,78.4,84.5,75.1,85,6.2,9.3,111628,89212,50941,45552,58349,850702,95.7,57.5,29.6,0.3,6.1,0.1,2.2,4.3,5.8,326932,25863,9860,1242,14085,56041,15374,3064,36001,46.2,42,50.3,15.5,14,17,21.4,15.4,27.4,6.6,12.8,0.5,10.3,15.9,4.8,213.1
Maryland,Calvert County,65.1,60.1,70.2,78.8,73.2,84.5,2.9,3.8,2.1,2.1,2.8,1.6,76,81.7,80.3,64,88.8,2.8,4.3,149273,131122,64361,51016,80644,92515,94.4,79.3,12.4,0.1,2.1,0.1,0.4,5.6,4.3,32751,3066,1319,36,570,8040,3144,306,2741,47.6,42.6,53.2,15.6,13.9,17.6,17.6,10.8,25.3,12.4,22.1,1.4,6.9,10.7,2.6,208.56
Maryland,Caroline County,61,57.4,64.8,74.1,70.6,77.7,5.1,4.7,5.3,4.6,4.2,4.9,73.7,72.6,82.3,67.9,81.9,9.5,12.6,82281,68699,37177,31166,45505,33234,95,77,13.6,0.5,0.6,0,3.3,5,7.7,11963,841,534,71,706,1741,1040,161,1742,31.6,24,39.9,19.8,16.3,23.6,19.8,10.6,29.9,15.4,28.3,1.3,13.4,20.9,5.3,136.26
Maryland,Carroll County,64.8,60.2,69.6,80.3,76.2,84.5,3.2,2.8,3.6,2.9,2.6,3.2,78.4,81.3,84.2,71.2,87.9,3.5,5,132523,114132,57616,44427,68586,172148,96.8,89.7,3.6,0.2,2.2,0,1.1,3.2,3.9,62907,6487,2179,173,1299,15495,4077,490,3894,47.5,41.8,54,14,12.9,15.3,19.8,14.3,26,10.3,18.9,0.7,8.4,12.1,4.2,208.56
Maryland,Cecil County,60.3,56.1,64.6,73.8,69.3,78.4,5.4,4.4,6.2,5,4.2,5.6,72.3,57.3,81.7,62.7,83.4,6.9,10,105262,89181,50266,41870,59734,103370,95.5,86.2,6.7,0.1,1.4,0,1.1,4.5,4.7,38672,2190,1881,38,1595,7268,2437,381,3817,36.6,29.5,44.6,15.5,13,18.4,21,13.3,29.7,12.5,23,0.5,14.5,21.2,6.9,157.55
Maryland,Charles County,63.4,61.6,65.3,76.7,75.6,77.8,4.9,4.7,5.1,4.1,3.7,4.6,79.4,83.5,83.4,80.5,84.7,4.2,6.4,131567,117511,61358,56234,67859,165209,93.3,40,47.8,0.5,3.3,0,1.6,6.7,6.4,58138,5295,1742,200,3158,13444,3897,438,6957,44.2,36.7,51.4,16.1,16.8,15.4,21.3,14.3,28.1,9.3,17.8,1.1,9.1,14.4,4,208.56
Maryland,Dorchester County,56.5,55.4,57.7,72.5,72.4,72.6,5.9,4.5,7.4,5.5,3.6,7.6,75.1,88,85.9,77.8,78.6,9.4,15,79145,60661,35977,29789,43594,32486,93.6,63.7,25.3,0,1.3,0,3.2,6.4,5.9,13123,555,111,12,836,1622,337,123,1662,32.5,24.3,39.9,21.9,17,26.3,19.2,14.6,23.5,11.5,23.2,0.9,14.9,20.9,9.4,131.92
Maryland,Frederick County,66.4,61,72,79.6,74.6,84.6,4.2,4.6,3.8,4,4.2,3.7,78,76.1,80.7,66.4,89.1,4.5,6.6,134618,115681,57298,45293,68507,267498,92.8,76.4,9.6,0.2,4.6,0,1.9,7.2,10.4,97615,9798,3807,588,3338,21450,7374,1029,8541,48.5,45.4,52,15.3,13.8,17.1,19.5,13.3,26.5,8.4,15.3,0.6,8.3,12.1,3.9,210.91
Maryland,Garrett County,56.2,50.8,61.7,74.3,68,80.5,4.1,4.3,3.9,4.2,4.7,3.9,71.3,68.3,82.6,81.8,83.9,5.5,9.1,76858,63232,37438,32808,46534,28955,98.6,96.2,1.4,0.2,0.5,0,0.3,1.4,1.2,12392,893,208,12,424,1460,610,77,848,36,32.1,40.6,17.1,11.7,23.5,19.8,11.5,29.8,13.4,23.4,1.3,13.8,21.2,4.8,150.8
Maryland,Harford County,65,60.9,69.3,79.8,76.1,83.6,4.1,4.2,4,3.6,3.5,3.6,79.1,78,83.7,72,88.2,4.2,6.8,126732,107360,56595,45029,70449,259162,95.5,76.6,14,0.1,2.9,0,1.8,4.5,4.8,97468,9357,3544,222,2851,21635,5702,832,7711,46.5,43.5,49.9,14.6,13.2,16.1,21.5,15.2,28.3,7.7,14.2,0.6,9.7,13.9,5.2,210.91
Maryland,Howard County,66.7,62.8,70.7,80,76.7,83.3,3.8,3.5,4.1,3.5,3.2,3.8,79.7,79.3,83,75.8,88.4,4,5.5,168626,141208,72241,59224,87141,329248,93.5,52.7,19.5,0.3,18.7,0.1,2.3,6.5,7.2,118037,14164,4372,304,3192,31698,9601,1036,10105,64.9,64.1,65.6,10.7,9.4,12.2,15.1,11.7,18.6,3.9,7.1,0.5,5.4,7.7,3,291.75
Maryland,Kent County,54.1,49.5,59.2,71.6,68,75.2,4,5.6,2.5,4.1,5.4,3,71.9,92.9,71.8,68.7,79.2,6.9,10.8,100459,70252,42349,31668,55046,19335,96.6,78.6,14,0,1,0.1,2.9,3.4,4.7,8291,448,118,12,257,653,229,0,725,42,40.3,43.8,16.2,10.7,22,20.2,12.9,28.1,9.4,16.8,1.4,12.2,19.2,4.7,136.26
Maryland,Montgomery County,67.1,62.5,72,80.9,76.8,85.2,4.9,4.9,4.8,4.6,4.7,4.4,81,79.5,83.1,72.3,89.8,4.8,7,152978,127906,60394,52352,69569,1057201,92.7,48.8,18.4,0.4,15.2,0,9.9,7.3,19.7,383308,39653,14757,1220,12975,91229,26388,4244,31942,58.6,57.3,59.9,14.4,11,18.1,15.7,12.5,19.1,5.8,10.8,0.4,5.5,8.4,2.5,291.75
Maryland,Prince George's County,65.6,62.4,69.2,78.1,75.6,80.7,6.8,6.9,6.7,6.3,6.4,6.3,81.1,79.4,85.7,76.6,87,6,9.2,116222,99325,49120,48492,49796,957767,95.2,15,61.5,0.4,4.2,0,14.1,4.8,19.4,337366,27018,10741,867,23035,52220,16274,2809,46070,41.7,35,48.5,19.2,17.4,20.9,19,12.6,25.4,10.4,19.9,0.8,9.7,15.1,4.3,210.72
Maryland,Queen Anne's County,63.7,60.2,67.3,79.5,77.2,81.9,3.9,3.5,4.4,3.7,2.9,4.5,79.5,83.8,84,79.8,86.1,4.1,7.2,128001,108561,54143,44806,65124,49702,95.3,86.2,5.7,0,1.1,0,2.2,4.7,4.3,18914,1794,397,51,526,4115,1135,208,1545,44.3,41.1,47.9,14.9,13,16.9,22.7,15.1,30.9,9.6,16.9,1.6,8.5,13.9,2.7,157.55
Maryland,St. Mary's County,62.6,57.3,67.9,74.9,69.6,80,4.5,5.2,3.9,4.2,4.6,3.8,73.8,77.6,81.5,68.4,89.1,6.7,8,128978,112116,59271,44936,73337,113209,93.2,75.2,14.1,0,2.5,0,1.4,6.8,5.5,40236,3666,1948,62,2190,9033,3642,266,3734,46.9,45.2,49,14.6,11.3,18.5,17.6,9.3,27.4,10.6,18.4,1.3,10.4,15.9,3.7,157.55
Maryland,Somerset County,43.3,50.8,37.2,52,67.5,41.3,9.6,8.2,11.1,9.1,7,11.4,72.6,84,91.8,88.2,46.6,15.3,20.4,67537,53040,25569,25783,25367,24834,95.5,52.2,40.9,0.2,0.9,0,1.2,4.5,3.8,8113,552,115,76,471,1190,236,152,688,30.2,25,34.9,23,23,23.1,22.2,16,27.7,11.3,21.1,2.5,13.3,14.9,11.8,131.92
Maryland,Talbot County,54.9,49.4,61.1,75.8,71.3,80.6,3.6,4.1,3.1,3.6,4.3,3,74.5,75,80.7,79.9,83.4,5.6,8.1,104886,86490,46810,40148,56130,37510,94.6,80.4,11.3,0.7,1.3,0,0.9,5.4,7.1,16251,999,338,0,406,2295,837,44,1371,45,40.8,49.5,17,15.6,18.6,19.9,12.7,27.8,9.3,17.7,0,8.8,13.2,4.1,157.55
Maryland,Washington County,56.6,54.6,58.6,69.1,69.6,68.8,5.2,5,5.4,5.1,4.8,5.4,73.1,76.8,82.5,63.9,73.3,9.9,13.1,91586,73410,44753,35896,52849,153956,94.1,79.9,10.9,0.1,1.8,0.1,1.3,5.9,5.8,58630,3606,2225,247,3012,9070,3514,504,5598,36.3,32.5,40.6,17.5,15.7,19.5,21.4,12,31.9,10.5,19.5,0.5,14.2,20.3,7.5,157.55
Maryland,Wicomico County,59.9,57.6,62.4,73.2,71.4,75.2,8,8.6,7.4,7.4,8.1,6.6,77.7,79.2,89.1,83.5,81.3,8.4,14.3,84233,69335,35113,30822,42582,103223,95.5,63.8,26.1,0.2,2.9,0,2.4,4.5,5.5,39452,2270,973,177,2908,6392,1362,293,4996,33.9,30.2,37.5,22.2,19.9,24.5,21.4,13,29.6,9.4,18,1,13.1,19,7.4,131.92
Maryland,Worcester County,54.8,51.4,58.3,72.6,71.3,73.9,6.8,6.8,6.9,6.8,6.8,6.8,76.5,77.7,78.2,79.2,80.1,6.2,9.1,99340,77676,39565,36054,43387,52322,96.3,81.7,12.4,0.1,1.4,0,0.9,3.7,3.7,22573,1196,311,62,704,2509,992,185,1839,37.5,33.5,41.9,23.7,23.8,23.5,21.1,12.3,30.5,10.8,20.1,0.8,7,10.4,3.4,145.99
Maryland,Baltimore City,57.3,55.9,59,69.1,68.6,69.6,7.4,7,7.9,6.9,6.5,7.4,73.4,78.6,77.2,69.2,75.4,15.3,20.3,73534,58995,44485,41859,47090,592211,96.1,29.2,61.6,0.3,2.5,0,2.4,3.9,5.6,244893,11752,5094,824,18411,17272,6383,1784,37867,46,42.6,49,18.6,15.8,21.1,19,13.9,23.5,5,9.8,0.7,11.4,17.9,5.6,185.44
Massachusetts,Barnstable County,56.8,53.4,60.5,77.9,75.8,80,4.5,3.9,5.1,4.3,3.8,4.8,79.1,72.8,86,76.6,85,4.4,7.2,117259,90055,44667,39466,50974,227942,96,88.9,2.9,0.5,1.6,0,2.1,4,3.4,98163,4494,1563,150,2014,12948,2683,412,4793,40.8,35.1,46.7,19.7,18.8,20.7,21,14.7,27.5,10.3,19.8,0.6,8.1,11.6,4.5,207.5
Massachusetts,Berkshire County,57.9,56.6,59.2,74.6,75.8,73.4,5.3,4.4,6.3,5.2,4.2,6.3,79.1,81.3,85.8,76.8,78.4,6,10.1,92089,68843,39678,33971,48255,129089,95.3,88.7,2.7,0.3,1.7,0,1.9,4.7,5.2,55525,2854,704,199,1777,6140,1056,646,4780,43.1,38.1,47.9,19.7,16.5,22.8,18.7,13.2,23.9,8.3,16.5,0.4,10.2,15.7,4.9,198.16
Massachusetts,Bristol County,61.4,58.1,65,75.4,73.1,77.8,5.7,5,6.3,5.2,4.6,5.8,76.7,77,80.3,71.6,82.7,8.5,11,102123,80976,47449,40048,57094,576070,93.5,81.5,4.1,0.1,2.2,0,5.5,6.5,8.7,227816,13744,4815,743,11692,35989,8812,3060,24314,38,32.4,43.8,18.2,14.2,22.3,20.8,14.7,27,10,19,0.7,13,19.6,6.2,207.5
Massachusetts,Dukes County,61.4,56.6,66.2,76.6,71.4,81.9,7.2,6.6,7.7,7.4,6.6,8,76.5,91.5,91,88.7,89.2,2.3,7.8,121410,84357,40406,38594,47369,20277,92,83.3,4.6,0.9,0.9,0,2.3,8,3.7,6801,599,77,55,59,1441,164,98,622,45,36.7,54.7,16.6,14.3,19.3,15,11,19.7,13.1,23.3,1.4,10.2,14.8,5,207.5
Massachusetts,Essex County,64.1,60.6,68,78.2,75.5,81,5.5,5.2,5.8,5.3,5,5.5,79.5,79.1,83.5,76.8,85.9,7.1,9.9,117625,94486,48638,40335,59321,804598,93.4,75.5,4.4,0.2,3.4,0,9.8,6.6,22.2,307959,24797,8174,1236,13928,55277,13880,3225,31362,44.3,40.9,47.8,17.1,14.3,20,20.2,15.8,24.7,7,13.1,0.6,11.4,15.9,6.9,211.25
Massachusetts,Franklin County,59.8,57.7,62.1,75.6,73.6,77.6,5.5,5.6,5.5,5.1,4.9,5.3,77.4,82.9,85.2,62.6,81.9,6.3,10.6,95152,70794,41556,36668,46601,71085,95.8,91.3,1.2,0.1,1.7,0,1.5,4.2,4.4,30792,1548,487,57,729,3523,1027,244,2456,42.3,33.8,50.8,16.9,15.8,18.1,18.5,13.6,23.4,9.4,17.4,1.3,12.9,19.4,6.3,198.16
Massachusetts,Hampden County,56.3,53.3,59.6,71,68.4,73.6,6.6,6.5,6.7,5.9,5.8,6,72.7,80.5,77.5,63.9,78.6,11.3,15.9,84852,66828,43600,37176,49581,466265,91.6,74.4,8.9,0.2,2.6,0,5.5,8.4,26.4,183309,10068,4371,587,10988,22422,8896,1740,27212,37.5,30.6,44.6,20.5,17.8,23.3,20.2,16,24.6,7.2,13.5,0.8,14.5,22.1,6.7,198.16
Massachusetts,Hampshire County,58.9,57,61.2,74.5,72.9,76.3,5.5,5.1,5.9,4.5,4,5.1,76,83.3,86.1,72,80.5,4.9,10.5,113470,83885,33993,26865,41567,161810,94.8,85.4,2.5,0.1,5.2,0.1,1.5,5.2,6.1,60903,3297,919,149,1373,9042,1267,338,4109,48.9,44.1,53.3,18.2,15.1,21.1,17.8,13.9,21.4,6,11.9,0.5,9.1,15,3.7,198.16
Massachusetts,Middlesex County,66.9,63,70.9,80.1,76.9,83.3,4.5,4.4,4.6,4.3,4.3,4.3,80.4,77.3,82,72.8,87.2,4.7,7.4,153571,121851,62194,52671,73552,1623411,94.4,72.9,5.1,0.2,12.7,0.1,3.3,5.6,8.3,624335,57624,22526,2095,13483,120921,35376,4924,39613,59.2,57.2,61.2,12.6,10.5,14.9,16.3,12.7,20.3,5.3,9.8,0.4,6.6,9.8,3.2,217.5
Massachusetts,Nantucket County,62.3,60.5,63.7,74.5,72.6,76,8,8.8,7.3,8.6,10.1,7.4,80.7,72,92.2,82.2,82,0.6,6,132476,127062,54910,48339,55639,13795,94,75.8,13.5,0,1.7,0,3.1,6,14.7,4031,347,239,39,65,1259,254,59,199,40.7,30.2,53.8,18.1,19.9,15.9,12.8,4.6,22.9,18.4,32.5,0.9,9.9,12.7,6.4,207.5
Massachusetts,Norfolk County,65.7,61.8,70,80,76.9,83.3,5.1,4.7,5.4,4.7,4.4,4.9,80.5,80.6,81.9,72.4,87.7,4,6.3,155110,122177,63338,53054,75718,720403,95.2,74.4,7.2,0.1,11.7,0,1.7,4.8,5,276744,27091,7676,673,5213,61813,16409,2452,16993,56.7,53.5,60.1,13.3,12,14.7,18.5,15.1,22.1,5.4,10.1,0.5,6,9.3,2.6,187.5
Massachusetts,Plymouth County,63.8,60.7,67,79.1,76.8,81.4,5.1,4.7,5.4,4.6,4.5,4.8,80.4,83.1,82.9,77.4,85.8,4.2,6.5,130875,107027,53123,43310,63461,527602,95.1,80.6,9.3,0.1,1.6,0,3.5,4.9,4.2,196307,18727,4644,560,5940,41464,11330,2379,16581,43.3,37.7,49.1,17.4,15.4,19.6,20.5,14.8,26.4,8.9,16.9,0.6,9.9,15.2,4.3,207.5
Massachusetts,Suffolk County,64.7,62.6,67,75.8,74.7,76.9,6.9,6.3,7.6,6.3,5.6,7,79.1,80.8,81.2,77,83,12.5,17.3,101635,87483,48997,45555,54321,792647,88.8,51.6,20.7,0.3,8.9,0.1,7.2,11.2,23.3,315192,19867,5786,741,15144,27746,8078,1975,33841,50.4,47.1,53.6,19.2,17.5,20.9,18.5,15.8,21.2,4.5,8.6,0.3,7.4,11,3.9,216.24
Massachusetts,Worcester County,62.7,59.2,66.2,76.2,73.1,79.3,5.5,5.3,5.7,5.1,5.1,5.1,77.1,76.3,81.2,75,83.8,6.5,9.8,113384,89009,49446,41192,58655,856858,93.9,80,5.2,0.2,5.1,0,3.4,6.1,12.2,326571,25220,9219,987,11909,61553,15641,2971,31260,44.6,40.8,48.6,16.9,14.2,19.8,19.5,14.6,24.9,7.4,13.7,0.5,11.6,16.7,6.1,208.75
Michigan,Alcona County,38.1,37,39.2,60.5,59.3,61.6,7.1,7.2,7.1,6.7,6.6,6.7,63.6,86.3,77.6,87.9,66,10.2,15.7,65933,50344,29507,24392,34570,10138,97.4,95.6,0.6,0.4,0.3,0,0.4,2.6,1.7,4795,135,31,9,102,446,65,40,176,29.1,24.1,34.5,18.5,14,23.5,22.4,11.2,34.5,14.3,25.6,1.9,15.7,25.1,5.6,111.68
Michigan,Alger County,36.7,41.1,33.4,50.6,58.8,44.9,7.1,4.9,9,7.6,5.2,9.8,62,52,88,56.6,49.8,6.2,11.2,67059,53216,27476,24902,31739,8911,94.5,83.3,7.1,2.9,0.5,0,0.6,5.5,1.8,3060,135,99,45,35,523,133,65,195,23.6,19.6,27.9,25.9,24.4,27.5,19.7,8.3,31.9,8.6,16.1,0.5,22.3,31.7,12.2,150.95
Michigan,Allegan County,59.9,54.4,65.4,74.6,68.7,80.3,3.5,3.9,3.3,3.2,3.3,3.2,71.1,70.8,74.8,62.2,83.2,6,8.9,86640,76593,41899,33169,51079,119418,95.3,90.9,1.3,0.4,0.7,0,1.9,4.7,7.6,44240,3589,1943,355,1562,9100,4262,563,2975,32,29.3,35.2,14.7,9.8,20.6,19.1,11.4,28.4,10.7,18.8,1,23.5,30.7,14.9,123.38
Michigan,Alpena County,50.3,47.6,53,67.2,64.9,69.4,7.1,4.8,9.2,6.4,4.4,8.3,68.2,75.8,75,71.9,76,10.3,14.9,60783,48902,31075,24077,36647,28913,96.9,95,0.7,0.2,0.5,0.1,0.5,3.1,1.5,12584,578,307,45,357,1432,398,193,1089,29.7,24,35.9,21.5,15.5,28,21,12.5,30.2,10.5,19.9,0.3,17.3,28.1,5.6,118.81
Michigan,Antrim County,52.4,49.4,55.4,71.5,67.6,75.3,4.7,4.1,5.2,4.5,4.3,4.7,70.6,85.1,80.8,82,79.1,6.2,9.8,79769,65812,33316,27386,40162,23427,97.2,95,0.2,1,0.3,0,0.7,2.8,2.4,10108,596,138,17,260,1493,314,183,614,30.2,27.4,33.3,19.6,13.3,26.6,20.5,13.1,28.7,12.3,22.9,0.7,17.3,23.2,10.7,93.79
Michigan,Arenac County,47.3,44.9,49.5,63.7,61.4,65.8,7.7,7.1,8.2,7.8,7.1,8.4,66.2,74.1,80.2,86.7,71.9,9.6,13.9,67023,53398,31480,24907,37736,15009,97.1,95.3,0.5,0.9,0.2,0,0.2,2.9,2.2,6292,434,86,6,160,916,198,99,420,25.3,20.3,30.9,18.1,11,26.1,21.7,14.1,30.5,12.7,22.6,1.4,22.2,32,11,122.46
Michigan,Baraga County,42.8,46.4,40.1,56.3,67.6,48.8,4.1,5.4,3,3.8,4.6,3.1,70.9,93.1,76.2,84.9,50.4,9.1,13.5,63220,49913,35754,29837,41546,8249,92.6,73.1,7.6,10.8,0.6,0.1,0.3,7.4,1.8,3164,174,37,0,113,490,108,29,260,30,23.5,37.3,24.6,22.5,27.1,18,10,27,12.8,23.4,0.8,14.6,20.6,7.8,153.83
Michigan,Barry County,57.4,53,61.8,73.6,68.7,78.4,5.9,5.4,6.3,5.8,5.3,6.2,72.5,77.5,81.1,63.6,83.6,6,8.6,93604,74969,42292,31203,53053,62014,97.3,95.4,0.5,0.2,0.6,0,0.5,2.7,3.2,24115,2070,855,138,714,4713,1564,236,1725,32.9,26.5,40.5,14.2,9.1,20.2,19.3,13.1,26.7,13.1,22.8,1.6,20.4,28.5,11,106.92
Michigan,Bay County,55.9,53.1,58.8,73.3,70.9,75.7,5.5,4.1,6.7,4.9,3.8,5.8,73.7,81.5,81.7,74.1,80.5,10.2,15.4,73519,57236,35432,29248,42345,104050,95.7,93.1,1.4,0.3,0.5,0.1,0.4,4.3,5.7,45007,2335,774,121,1771,6151,1607,591,4246,31.3,25,37.9,19.4,13.3,25.8,22,14.5,29.9,10.6,20.1,0.6,16.8,27.1,5.8,167.4
Michigan,Benzie County,52.9,53.4,52.4,72.6,74.1,71.2,5.2,2.9,7.5,4.2,1.7,6.6,75.4,86.4,88.7,61,76.6,6.1,10,90230,75074,32715,29062,36423,17926,97.1,93.3,0.4,1.5,0.4,0,1.5,2.9,2.5,6817,502,171,2,131,1171,305,182,247,34.5,27,41.9,21.6,19.4,23.8,21.1,13.2,28.9,8.1,16,0.3,14.7,24.4,5.2,135.9
Michigan,Berrien County,57.8,53.9,61.9,73,70,76,6.4,6.2,6.5,6,5.8,6.2,74.3,72.7,82.1,73.6,81.1,12.1,15.9,78441,60923,35189,27947,43597,154263,95.1,77.5,14.1,0.4,1.6,0,1.5,4.9,5.8,63403,3720,2104,374,2945,8355,3140,882,6730,35.9,32.1,39.9,17.3,13.4,21.7,20.8,13.7,28.6,9.3,16.7,1.3,16.7,24.1,8.6,111.1
Michigan,Branch County,54.3,50.5,57.9,68.8,64.9,72.2,5.4,4.8,5.8,5,4.9,5.1,68.2,74.6,77.5,48.7,76.1,8,13,72304,61124,36355,31593,41216,44677,96.7,92,2.1,0.5,0.6,0,1.5,3.3,5.3,16625,1020,1153,12,604,2235,1708,233,1466,24.5,19.4,31,14.6,9.1,21.5,19.3,11.5,29.1,11.3,19.2,1.5,30.2,40.9,16.9,83.53
Michigan,Calhoun County,55.8,53.3,58.4,70.7,69.1,72.3,7,6.5,7.5,6.6,6,7.2,73.5,71.2,80.1,70,78.2,11.1,15.8,74669,58082,36212,31530,41758,134207,93.8,79.7,10,0.5,2.6,0,1.1,6.2,5.6,53197,3038,1775,161,3354,7983,2752,536,6679,30.6,25,36.5,19.1,16.4,22,19.4,12.7,26.4,8,14.7,1,22.9,31.3,14.2,114.42
Michigan,Cass County,56.9,53.5,60.3,73.6,68.1,78.8,5.6,5,6.1,5.4,5.3,5.5,72,75.1,73.6,70.6,83.4,10,12.4,79845,66190,38899,30246,47713,51632,96.2,87.8,4.9,1.2,1,0,1.2,3.8,4.1,20704,846,645,42,964,2923,1225,310,2037,32.2,24.9,40.5,13.9,8.8,19.6,17.7,11,25.3,12.5,21.2,2.5,23.8,34.1,12.1,100.95
Michigan,Charlevoix County,57.5,53.7,61.4,76.5,73.3,79.7,4.1,3.1,4.9,4.4,3.4,5.4,75.9,81,85.6,75.2,84.3,5.8,9,85487,69224,37499,30364,44061,26109,97.2,94.5,0.5,1.2,0.4,0,0.5,2.8,2.3,11769,488,254,63,266,1874,420,78,796,35,32.5,37.9,20,13.8,27,18.8,12.1,26.5,9.7,17.4,0.9,16.6,24.2,7.8,94.13
Michigan,Cheboygan County,46.9,45.6,48.2,65.6,62.7,68.4,7.4,6.6,8.1,7.7,7.3,8.1,67.8,85.4,80.6,60.8,75.5,8,12.5,68928,58295,30724,25389,35018,25654,94.9,91.6,0.7,1.7,0.5,0,0.4,5.1,1.6,10671,551,282,42,228,1247,625,199,485,28.1,23.7,32.8,20.3,14.6,26.2,22.1,10.5,34.3,13.6,26.1,0.4,15.9,25,6.3,110.98
Michigan,Chippewa County,50.1,50.7,49.5,61.7,64.3,59.6,10,11.9,8.2,10,12.2,8.1,73.8,81.7,82.4,76.3,65.1,12.5,17.7,74559,57856,29003,26497,30505,37091,87.7,67.9,4.7,13.5,0.9,0.1,0.7,12.3,2,13757,997,265,56,655,2024,538,158,1290,30.8,25,37.4,26.3,25.7,26.9,21.1,13.6,29.7,8,14.5,0.7,13.8,21.1,5.4,148.72
Michigan,Clare County,42.3,40.9,43.7,57.3,54.9,59.6,10.1,6.6,13.2,9.3,6.4,11.7,58.6,53.1,80.6,51.2,67.5,17.9,23.7,56450,46945,27163,22728,34659,30827,97.6,95.5,1,0.5,0.1,0,0.5,2.4,2.2,11686,474,529,49,556,1539,766,139,835,26.5,20.7,32.7,19.4,12.7,26.5,21.3,11.2,32.2,11.5,21.4,0.8,21.4,34.1,7.8,118.82
Michigan,Clinton County,61.5,58.6,64.6,77.3,74.5,80.1,3.6,2.7,4.3,3.3,2.3,4.2,76.3,81.4,83.6,76.5,83.7,4.3,8.5,101261,83015,45563,35664,54552,78895,95.6,91.7,1.7,0.2,1.2,0,0.8,4.4,4.7,30835,2772,1025,103,848,6324,1764,461,2232,41.2,36.5,46.2,14.7,11.8,17.9,21.8,14.5,29.8,9.3,17.3,0.6,13,19.9,5.5,96.74
Michigan,Crawford County,46.2,45.4,47,62,62.3,61.8,7.2,3.6,10.4,6.4,3.3,9.3,64.4,79.8,75.5,77.8,69,10,15.2,76765,59122,32230,27203,36707,13102,96.5,94.3,0.4,0.2,0.9,0,0.7,3.5,2.2,5705,340,69,0,251,678,222,50,325,33.6,24.4,43.2,19.9,18.6,21.2,21.2,13.5,29.2,11,21.3,0.3,14.3,22.1,6.1,106.4
Michigan,Delta County,49.7,46.7,52.6,66.8,64.6,68.9,5,3.3,6.5,5,3.4,6.4,66.8,77.5,64.8,57.9,73.7,8.8,12.4,72395,55718,32637,24380,41721,36836,94.8,91.7,0.3,2,0.6,0,0.1,5.2,1.5,15695,728,380,84,504,1789,934,158,1109,27.8,21.4,35.1,19.1,14.5,24.4,21,11.1,32.3,11.3,20.3,1,20.8,32.6,7.3,154.13
Michigan,Dickinson County,53.6,47.4,59.6,71.3,65.6,76.7,4.9,6.5,3.7,4.8,6.2,3.6,69.9,82.5,76.8,66.8,79.7,6,9.4,77718,59705,39217,32797,50592,25954,97.3,94.8,0.7,0.9,0.5,0,0.4,2.7,1.7,11394,665,458,18,285,1531,702,118,695,33.9,30.3,38.5,16.3,8.9,25.7,21,14.9,28.9,9.4,16.1,0.9,19.4,29.8,5.9,145.33
Michigan,Eaton County,60.7,58.6,62.9,77.6,75.6,79.6,4.7,3.9,5.4,4.2,3.5,5,78.3,79.5,83.8,80.1,84,4.9,7.8,96211,78669,43977,39377,47988,108972,95.8,84.8,7.2,0.3,2.3,0,1.2,4.2,5.7,44895,3624,1107,164,1084,7476,2403,301,3076,37.8,33.7,42.1,15.9,13,19,20.8,13.5,28.5,7.9,14.8,0.8,17.5,25,9.7,98.15
Michigan,Emmet County,59.5,55.3,63.9,77.7,74.8,80.6,4.3,4.7,3.9,4,4,3.9,78.2,72.6,89.3,68.7,84.8,5.1,7.8,84634,69202,35281,29562,41390,33946,95,90.7,0.6,2.6,0.5,0,0.7,5,1.9,14280,728,405,15,391,2931,482,182,665,35.8,30.4,41.9,20.5,18.1,23.2,22,16.7,28,9,16.7,0.4,12.6,18.1,6.5,111.2
Michigan,Genesee County,52.8,49.8,56.1,66.8,63.9,69.9,8.7,8.2,9.2,8.2,7.8,8.7,69.3,69.5,79.6,63.8,76.7,11.7,16.9,74825,58917,34664,28905,44288,406400,95.3,73.7,19.6,0.3,1,0,0.7,4.7,3.7,164905,7243,5787,585,9874,23001,8283,1790,20621,33.3,29.7,37,18.9,14.3,23.6,20.5,12.8,28.4,8.1,15.3,0.6,19.2,27.8,10.3,133.42
Michigan,Gladwin County,42.1,39.6,44.6,59.6,56.5,62.7,7.4,5.5,9.1,7.7,5.9,9.3,60.1,64.3,71.9,65.1,69.2,9.4,15.1,66089,52624,33874,25114,43674,25344,97.7,96.4,0.3,0.3,0.5,0,0.2,2.3,1.9,10714,574,400,22,351,1190,553,121,616,27.8,22.7,33.5,16.3,10.3,23.1,20.8,12.7,29.9,13.2,23.4,1.8,21.8,30.9,11.7,121.37
Michigan,Gogebic County,49.1,49.2,49.1,67.1,69.9,64.7,5.2,4.4,5.9,5.3,4.4,6,73.1,58.9,91.1,77,69.2,9,13.6,66419,45723,30087,26268,33924,14858,98,91.8,2.5,2.8,0.4,0.3,0.2,2,1.8,6770,213,195,26,136,815,162,64,412,30.2,21.9,39.4,19.7,15.2,24.6,19.1,15.7,22.8,12.8,23.6,1.1,18.1,23.7,12,155.21
Michigan,Grand Traverse County,61.5,57.8,65.3,78.1,75.3,80.9,4.3,3.5,4.9,4,3.2,4.8,77.8,81.1,83.1,64.7,85.4,7,10.5,93631,75638,38523,33829,44755,94562,97,94.1,0.8,0.8,0.6,0.1,0.6,3,3,38511,2379,1283,229,1159,6192,2235,510,1976,39.3,33.6,45.6,18.3,16.8,20,21.5,15,28.6,9.1,16.6,1,11.8,18.1,4.8,123.82
Michigan,Gratiot County,49.3,51.1,47.7,62.3,68.9,57.3,5.4,5.4,5.4,4.8,5.4,4.2,72.8,75.4,86,69.1,59.8,9.8,15.2,70360,58148,34243,29090,40162,41758,96.7,89.3,5.9,0.2,0.6,0.1,0.6,3.3,6.5,14859,769,445,25,623,2285,592,216,1516,30.9,24.2,38.4,19.3,17,21.8,21.3,12.7,30.8,10.5,19.3,0.9,18,26.9,8.1,119.89
Michigan,Hillsdale County,53.9,51.3,56.4,70.2,66.9,73.4,4,3.3,4.7,4.3,3.6,4.9,69.5,72.9,73.9,66,77.2,10.2,15.4,71233,58980,34846,27807,44309,45673,97.6,95.8,0.7,0.3,0.4,0,0.6,2.4,2.5,17683,941,921,133,621,2650,1487,185,1375,29.6,24.1,35.6,17.2,10.8,24.3,18.5,12.2,25.3,10.1,17.7,1.6,24.7,35.2,13.1,98.21
Michigan,Houghton County,53.7,53,54.2,69.9,69.5,70.1,5.7,4.7,6.5,5.2,3.7,6.3,72.1,62.7,77.1,57.6,74.9,7.6,17.2,81060,52999,24589,22408,28116,37485,97.5,92.7,1,0.5,2.8,0.1,0.4,2.5,1.7,13884,839,819,19,416,2197,1393,134,963,37.3,35,40.2,21.9,18,26.7,19.5,13.1,27.4,10,17.6,0.7,11.3,16.3,5.1,141.24
Michigan,Huron County,52.4,46.8,58,71.5,66.5,76.3,5.2,4.2,6,4.9,3.9,5.7,69.1,85.1,84.2,67.3,80.9,7.7,11.8,72644,56597,34844,28171,42921,31542,97.5,95.7,0.4,0.1,0.6,0,0.7,2.5,2.6,13474,857,500,27,257,1930,658,208,831,28.7,23.3,35.4,16.6,10.9,23.6,19.7,11,30.4,13.3,22.1,2.4,21.7,32.6,8.2,121.55
Michigan,Ingham County,60,58.4,61.8,72.6,71.1,74.2,6.7,6.7,6.7,5.8,5.8,5.8,75.5,76.9,79,74.1,79,10,17.5,89781,63466,32865,27709,37870,285660,93.2,72.8,12,0.4,6.5,0,1.6,6.8,8.1,114732,7776,3322,399,5254,15408,5356,1545,9130,43.1,40.4,45.9,18.1,15.5,20.6,20.8,15.3,26.2,5.3,9.9,0.7,12.7,18.9,6.6,129.14
Michigan,Ionia County,56.8,55.7,57.7,70,70.9,69.3,5,4.2,5.7,4.4,4,4.7,74,72.8,84.7,59.7,72.9,6.6,10,78989,70235,39253,32756,44882,66564,96.4,90.5,4.4,0.1,0.5,0,0.8,3.6,5,22782,1624,1195,97,735,4809,1511,532,1994,27.8,21.7,35.3,16.5,12.8,21,18.7,9.9,29.5,13.7,22.8,2.6,23.3,32.8,11.6,101
Michigan,Iosco County,42.7,40.2,45.2,62.3,59.3,65.1,7.8,6.1,9.3,7.2,5.7,8.6,62.9,82,77.8,75.7,71.9,9.8,13.7,60320,48324,32158,24306,38015,25262,97.2,94.3,0.7,1.1,0.7,0,0.3,2.8,2.6,11402,406,170,46,617,1093,356,152,616,25.2,21,29.9,19.2,11.9,27.5,21.2,11.7,32.1,16.4,30.4,0.6,17.9,25,9.9,121.54
Michigan,Iron County,45.1,43,47.1,65.3,62.7,67.8,4.6,5.3,4.1,3.8,3.8,3.7,65.3,62.5,77.4,54.7,70.6,8,15.3,69105,49913,33032,30724,36220,11580,97.3,94.5,1.2,0.8,0.5,0,0.3,2.7,2.2,5087,92,75,0,240,482,192,32,386,26.4,23.8,29.2,24.9,15.3,35.5,18.7,11.7,26.3,11.3,21.2,0.3,18.8,27.9,8.6,153.83
Michigan,Isabella County,56.3,55.3,57.5,68.6,68.1,69,7.2,5.9,8.6,6.7,5,8.3,71.7,74.3,79.1,71.8,75.3,12.8,23.8,72828,53236,21845,16900,28177,65623,95,86.5,2.3,3.3,1.6,0,1.2,5,4.2,24582,1361,559,143,1128,3502,938,227,1658,31.9,29.3,34.5,24.4,18.2,30.5,20.8,14.3,27.2,8.1,15.1,1.3,14.7,23.2,6.5,109.74
Michigan,Jackson County,53.7,54.2,53.3,67.2,70.1,64.7,6,6.1,5.8,5.7,5.6,5.8,74.4,78.1,79.7,74.2,69,8.1,12,79834,62943,36597,30673,43947,160765,95.1,85.7,7.7,0.3,0.8,0,0.6,4.9,3.7,61833,3867,1799,311,2948,9150,2957,1045,6742,34.3,30.7,38.1,17.6,12.6,22.7,20.9,12.7,29.3,9.1,16.5,1.4,18.1,27.4,8.5,112.83
Michigan,Kalamazoo County,62,59,65.2,75.3,73.1,77.6,6.7,6.3,7.1,6.3,6,6.6,77.8,76.5,81.4,71.3,83.3,8.3,14.3,91393,67296,36141,30544,44256,261280,93.9,79.1,11.1,0.2,2.4,0,1.2,6.1,5.3,105299,8099,3429,378,4480,17505,5395,923,8951,42.2,38,46.6,18.6,14.6,22.8,19.1,15.4,23,6,11,0.8,14.1,21,6.7,133.96
Michigan,Kalkaska County,50.9,46.1,55.5,65.5,59,71.8,6.2,6.1,6.2,5.9,6.3,5.6,63.2,58.5,77.7,61,76.1,11.2,15.9,66634,54896,32335,24883,39974,17813,97.6,94.4,1.3,0.9,0.5,0,0.5,2.4,2.2,7001,330,268,46,304,952,534,119,498,23.7,19.7,28.7,19.6,14.1,26.5,23.1,13.2,35.4,15.6,26.7,1.9,17.9,26.3,7.6,102.47
Michigan,Kent County,65.9,60.9,71.1,78.8,74.2,83.4,4.7,4.8,4.7,4.3,4.3,4.2,77.6,77.7,81.1,68.1,87.2,6.8,10.4,94028,76067,40441,33399,48360,654958,93,76.8,9.5,0.4,3.1,0,3.3,7,11,249821,23764,10521,1373,9395,50621,16554,2627,23802,39.8,37.8,42.1,15.1,11.9,18.8,21.1,15.3,27.6,6.8,11.9,1,17.1,23.1,10.5,130.43
Michigan,Keweenaw County,44.6,40.4,48.4,67.3,60.2,73.8,5,5.5,4.6,2,0.7,3,60.6,42.6,73.7,23.5,76.1,6.9,9.8,81410,58871,34601,30554,37783,2052,97.4,96.6,0.6,0.2,0,0,0,2.6,1.9,1039,27,11,0,48,70,40,40,20,48.6,36.6,64.5,18,18.4,17.3,16.6,16.2,17.1,8.5,14.5,0.6,8.4,14.3,0.6,146.43
Michigan,Lake County,35.8,35.8,35.8,51.5,52.2,50.8,7.5,5,9.7,7.8,5.6,9.8,55.3,66.7,67.4,49,56.3,10.1,19.4,60012,44421,24310,18353,29788,12248,96.2,86.6,7.6,0.9,0.2,0,1,3.8,2.6,4349,190,177,7,92,555,284,79,182,23.7,20.1,27.5,26.9,20.6,33.4,18.4,10.4,26.7,11.9,22.9,0.4,19.1,25.9,12,112.49
Michigan,Lapeer County,55.9,50.8,60.7,70.4,65.3,75.1,5.6,6.2,5.1,5.3,5.8,4.9,69.3,64.4,75.7,65.2,79,7.1,9.9,85605,75421,39467,28761,51520,88644,96.7,93.9,1.2,0.3,0.4,0,0.9,3.3,4.9,33977,1771,1535,168,1294,5830,2543,425,2445,32.6,28.4,37.9,15.2,10.2,21.4,17.9,10.3,27.4,13.6,23.4,1.5,20.7,27.7,11.9,130.37
Michigan,Leelanau County,50.6,50.1,51.1,71.4,72.7,69.9,4,3.3,4.7,3.4,2.7,4.2,74.8,82,76.7,72.9,73,3.6,6.4,95992,79253,35069,30380,40734,22251,96.2,91.5,0.4,3.2,0.6,0.2,0.4,3.8,4.3,9108,499,103,187,99,1370,360,54,415,43,36.7,49.2,17.8,16.9,18.7,19.6,13.6,25.6,9.8,18.6,1.1,9.8,14.2,5.4,120.34
Michigan,Lenawee County,54.8,52.1,57.5,69.6,67.4,71.6,5.4,5.2,5.5,4.8,5.1,4.7,71,65.4,79.6,59.7,75.3,7.4,10.9,78303,66115,35448,29321,43089,99346,95.2,91.4,2.1,0.2,0.3,0,1,4.8,8.4,38667,2131,1896,227,1468,6235,2259,652,2979,29.6,24.6,35.2,20,14.6,26.1,18.8,11.8,26.6,10.2,18.1,1.2,21.4,30.8,10.8,93.35
Michigan,Livingston County,62.3,57.3,67.2,77.4,72.1,82.5,4.2,3.8,4.5,3.8,3.4,4,74.7,74.7,78.8,67.8,86.1,3,5.1,115147,96910,49411,37268,62704,193234,97.6,95.4,0.5,0.3,0.9,0,0.4,2.4,2.6,73924,6651,3118,272,1187,14761,5978,973,4078,43.5,40.6,46.9,14.3,11.5,17.7,21.4,15.7,28.2,9.7,17.1,0.8,11,15.1,6.3,143.12
Michigan,Luce County,39.1,47.1,33.9,49.6,64.8,41,8.1,6.2,9.9,6.9,6.1,7.7,69.1,85.4,83.7,81.9,44.4,8.5,16.3,70169,54137,29713,28613,30559,5520,93.9,78.6,9.1,4.8,0.6,0.2,0.6,6.1,3.1,2128,145,59,12,35,278,66,3,199,39.4,32.4,47.2,24.5,25.8,23.1,19.5,13.1,26.5,10.1,19,0.3,6.5,9.8,3,147.37
Michigan,Mackinac County,46.8,48.9,44.7,64.1,66.3,62.1,10.2,9.7,10.7,10,8.8,11.2,72.7,77.6,84.8,84.8,71.2,9,15.3,71221,57758,28074,25239,33253,10814,94.6,73.3,3.5,15.6,0.9,0.4,1,5.4,2.1,5063,262,96,0,99,349,122,63,261,35.2,33,37.3,23.3,20.1,26.4,19.4,7.5,30.9,9.9,19,1.1,12.2,20.5,4.3,150.61
Michigan,Macomb County,60.2,55,65.6,74.6,69.6,79.7,6,5.9,6,5.5,5.5,5.4,73.7,69.4,78.8,63.8,84.5,7.7,10.3,92423,73933,41867,33736,51435,879123,96.2,78.6,12.1,0.3,4.4,0.1,0.7,3.8,2.8,351715,21556,14708,1552,13046,57255,23063,3363,29318,36.4,33.2,40,16.7,13.2,20.7,22.1,14.9,30.1,7.5,13.7,0.5,17.2,25,8.6,159.45
Michigan,Manistee County,46.1,46.1,46.1,62.7,65.4,60.3,6.5,5.5,7.3,6.3,5.8,6.9,69.4,67.4,82.8,76.5,65.4,6.8,10.9,74419,59327,32822,29268,37315,24939,95.5,89.9,3.3,1.3,0.3,0,0.6,4.5,3.5,9681,443,178,58,234,1514,400,163,576,29.9,24,36.3,23.1,19.1,27.4,20.2,11.4,29.9,12.3,23.4,0.3,14.5,22.1,6.2,147.48
Michigan,Marquette County,55,55.2,54.7,70.1,71.2,69,5.9,4.2,7.5,5.6,3.5,7.5,74,78.9,80.9,72.6,74.9,8.3,15.2,81096,63199,29356,22950,37968,66380,96,92.3,1.6,1.1,0.7,0,0.2,4,1.6,26709,1707,674,101,740,3746,1266,342,1658,33.3,29.1,37.6,23.2,20,26.4,22.5,14.4,30.8,9.6,18.8,0.4,11.3,17.7,4.9,139.8
Michigan,Mason County,52.7,50.6,54.7,71.9,71,72.8,4.4,3,5.7,4.2,2.3,5.9,72.8,65.2,74.9,74.2,77.4,9.8,14.8,75607,59988,33984,28413,40163,29103,96.1,93.3,1.1,0.5,0.5,0,0.7,3.9,4.7,12135,678,264,191,504,1701,649,288,977,30.3,24.2,36.9,17.3,11.9,23,22.1,14.6,30,11.3,20.1,1.9,19,29.2,8.2,105.44
Michigan,Mecosta County,50.8,50.5,51,66.3,65.9,66.7,5.5,4.4,6.6,4.8,3.8,5.7,68.5,73.6,80.3,51.4,70.8,11.5,19.1,70001,52800,26283,22749,30097,40051,96.7,91.7,2.9,0.7,1.1,0,0.4,3.3,2.6,15800,800,692,67,499,2142,902,187,1136,31.1,25.6,36.8,19.5,12.8,26.5,19.1,11.8,26.6,10.5,19.4,1.3,19.8,30.4,8.8,105.36
Michigan,Menominee County,53.9,50.3,57.3,73.4,69.4,77,5.7,5.5,5.8,5.3,4.7,5.8,72.8,82.6,84.3,84.7,81.9,6.4,10.6,73343,57178,35994,27325,45411,23477,97,93.8,0.5,2,0.4,0,0.3,3,2.1,9726,539,142,23,247,1542,308,49,374,27.2,22,33.4,15.8,11.3,21.3,19.2,9.4,31,10.9,18.8,1.5,26.9,38.6,12.9,155.62
Michigan,Midland County,56,52,60.1,72.7,68,77.4,5,4.8,5.2,4.7,4.4,4.8,71.1,78.1,76.5,80,81.7,8.2,10.7,92053,73730,42518,34261,53776,83467,97.1,92,1.6,0.4,2.2,0.1,0.8,2.9,3,34090,3043,884,286,815,5464,2073,459,2374,43.4,40.6,46.5,17.5,12.9,22.5,18.8,13.4,25,7.6,14,0.5,12.7,19.1,5.5,152.6
Michigan,Missaukee County,53,49.8,56.2,69.7,66.8,72.4,7.7,7.2,8.2,7.5,6,8.8,71.1,67.1,79.5,59.4,79.4,7,12,68329,55258,33437,28506,39883,15038,96.4,94.5,0.4,0.3,0.3,0,0.8,3.6,3.1,5845,422,325,2,200,966,376,44,568,26.6,19.7,34.5,17,9.5,25.7,17,9.7,25.4,18.5,31.3,3.8,20.9,29.8,10.6,98.77
Michigan,Monroe County,56.9,52.7,61.3,72,67.1,76.8,5.3,4.4,6.1,4.9,4.5,5.3,70.3,70.1,78.1,63.4,81.4,7.7,11.3,90884,74127,44609,33111,57361,154068,96.5,92.5,2.3,0.2,0.5,0,0.9,3.5,3.8,61523,3667,2187,241,2237,10459,3796,522,4437,32.2,26.9,38.2,16.3,10.8,22.6,19.3,11.4,28.3,11.1,20.2,0.7,21,30.6,10.1,131.12
Michigan,Montcalm County,52.3,49.4,55.1,65.4,63.9,66.6,4.6,4.4,4.7,3.8,3.1,4.4,66,70.3,79.8,52.9,69.8,8.5,12.7,69117,59735,34853,27034,41787,66430,96.4,92.9,2.2,0.3,0.2,0,0.8,3.6,3.6,23686,1573,1021,85,799,4560,2125,462,1315,24.9,19.7,31.2,16.4,10.6,23.4,21.4,13.5,31,13.7,23.6,1.6,23.7,32.6,12.9,102.89
Michigan,Montmorency County,40,39.1,40.9,57.7,55.2,60.2,6.4,6,6.7,6.2,5.2,7.1,58.2,62.5,58.8,75,64.8,11.1,16.3,61611,47865,28126,22003,32338,9164,97.1,95.9,0.3,0.8,0,0,0.1,2.9,1.4,4305,100,97,6,68,343,164,62,245,26.8,25.8,27.8,18.8,13.7,24.4,22.8,11.3,35.4,12.9,23.2,1.6,18.8,26.1,10.8,114.1
Michigan,Muskegon County,55,52.6,57.4,68.7,67.6,69.8,7.3,7.2,7.4,6.9,7,6.9,72.7,74.5,82.3,70.7,75,9.4,13,74920,62181,36070,30573,43273,175633,94.3,79,13.1,0.7,0.7,0,0.7,5.7,5.9,66122,4344,2297,217,4010,10837,2983,845,7975,30.1,25.7,34.7,18.6,13.7,23.8,18.3,11,26.1,8.2,15.2,0.8,24.8,34.4,14.6,134.99
Michigan,Newaygo County,53.1,51.5,54.6,68.7,67.2,70.1,4.9,4.7,5.1,4.5,4.6,4.5,70.5,80.4,78.3,66.5,73.5,10.9,15.4,70594,59116,35446,28027,43943,49653,96.6,91.3,0.9,0.7,0.4,0,3.3,3.4,6,18892,1185,717,81,858,3360,1413,331,1618,27.6,21,34.7,17.6,13.2,22.3,18.7,10.8,27.2,13.1,23.6,1.7,23.1,31.4,14.1,106.49
Michigan,Oakland County,63.2,57.2,69.5,77.5,71.9,83.1,4.8,4.9,4.8,4.5,4.7,4.4,75.4,70.6,77.3,68,87.1,4.7,7.6,121794,94040,52978,41395,67860,1271983,95.2,72.9,13.2,0.2,7.8,0,1,4.8,4.4,520393,38700,21468,1750,13665,90362,37614,4586,32993,51.9,51.7,52,13.1,10.4,16.3,20.1,14.8,26.3,5.3,9.4,0.5,9.6,13.8,4.8,168.07
Michigan,Oceana County,53.4,49,57.6,69.9,65.7,73.8,5.5,5.6,5.5,4.7,4.8,4.7,69,70,77.5,64.6,77.5,7.8,13,70135,61535,33467,28398,37310,26555,95.4,91,1.1,1.1,0.1,0,2,4.6,15.2,9789,552,352,95,416,1412,613,259,1040,27.7,22.4,34.2,16.4,12.5,21.2,16.5,10.3,24.2,16,25.9,3.7,23.5,28.9,16.7,106.91
Michigan,Ogemaw County,42.7,42.5,42.9,58.5,58.2,58.7,8.8,6.1,11.3,8.5,5.4,11.2,61.6,82.8,77.8,61.6,66.3,12.1,17,60099,48140,30372,27847,35068,20745,97.4,95.5,0.4,0.5,0.8,0,0.2,2.6,2.3,8999,379,148,16,315,960,495,148,560,27.7,22.5,33,20.4,13.2,27.7,23.5,14.4,32.8,11.1,21.4,0.7,17.3,28.5,5.9,117.61
Michigan,Ontonagon County,38.3,38.9,37.8,60.8,63.6,58.1,6.6,2.8,9.9,7.1,2.7,11.3,65.3,18.8,79.2,70,65.9,10.7,14.7,62622,48619,28646,22639,37080,5891,97.2,95.5,0.4,0.4,0.7,0.1,0.1,2.8,1.6,2710,34,24,5,17,227,45,55,108,28.8,19.6,38.3,24.9,18.6,31.3,19.5,12,27.3,13,24.6,0.9,13.9,25.2,2.2,153.83
Michigan,Osceola County,48.5,46,50.9,64.4,61.6,67.1,7.9,6.8,8.8,7.7,6.6,8.7,66.4,76.2,78.3,63.7,73.5,10.3,14.6,65771,55287,35047,28860,41496,22917,97.2,94.7,1.4,0.3,0.3,0,0.5,2.8,2.1,8675,486,404,24,371,1371,712,109,587,24.1,19.1,29.8,18.1,11.7,25.3,17.7,8.9,27.6,14.6,25.7,2,25.5,34.6,15.2,107.44
Michigan,Oscoda County,40.8,39.6,42,59,56.6,61.4,9.9,7.8,11.7,8.4,7.7,8.9,61.3,67.1,71.7,66.8,67.7,9.7,12.4,59757,49768,28549,25866,32915,8206,97.3,95.4,0.7,0.6,0.3,0,0.3,2.7,1.8,3292,138,185,4,132,306,343,26,302,25.1,21.4,29.3,23,16.7,30,18.7,10.3,27.8,12.6,23.4,0.6,20.6,28.2,12.3,108.4
Michigan,Otsego County,56.1,51,61.3,72.9,67.2,78.6,4.8,6.1,3.7,4.6,6.3,3.2,71.6,79.7,78.4,81.5,81.3,7.6,10.8,82096,64670,33837,28857,38256,25016,97.1,95,0.9,0.4,0.5,0,0.2,2.9,1.8,10452,635,256,57,409,1598,423,97,893,32.6,27.4,38.9,21.7,20.1,23.7,20.2,13.3,28.4,9.1,15.6,1.4,16.3,23.6,7.7,103.86
Michigan,Ottawa County,65.7,59.7,72,81.1,75,87.2,3.9,4.2,3.6,3.1,3,3.1,77.3,75.3,80.6,74.7,90.2,4.2,7.6,101020,84244,39063,29499,51254,293713,95.2,87.6,1.7,0.4,2.7,0,2.9,4.8,10.2,107218,11843,4410,350,2816,27322,8863,736,7312,37.9,35.8,40.4,15.2,11.1,20.1,20.3,14.1,27.4,8,13.6,1.5,18.5,25.3,10.6,118.92
Michigan,Presque Isle County,41.2,39.9,42.4,61.6,59.9,63.3,6.7,3.7,9.4,6,3.3,8.5,61.9,79.8,73.7,52.3,69.2,8.9,13.1,68836,56877,33377,23831,45857,12976,97.7,96.2,0.5,0.2,0.5,0,0.3,2.3,1.6,5844,181,146,12,124,524,416,80,239,30,28.8,31.2,19.3,9.9,29.1,19.9,9.9,30.4,16.3,29.6,2.4,14.6,21.8,7,117.23
Michigan,Roscommon County,39,38.1,39.8,58.6,57.5,59.8,6.1,4.8,7.3,6.4,5.2,7.6,60.7,56.6,71.8,75.2,64.7,11.6,16.8,62937,50378,31425,23275,39494,23458,95.9,94.9,0.3,0.2,0.4,0,0.1,4.1,2.1,11014,429,125,4,247,930,355,187,464,31.6,25.8,37.6,20.7,19.7,21.8,23.4,13.2,34.2,10.9,19.9,1.4,13.4,21.4,5,119.48
Michigan,Saginaw County,52.9,51.1,54.8,68.7,68.1,69.2,6.7,6.1,7.3,6.1,5.3,7,71.9,74,83.7,72.4,74.6,12.6,18,72473,57496,35052,29050,42745,190540,95.2,73.1,19,0.3,1.2,0,1.5,4.8,8.9,77995,4291,1902,350,4516,11255,2534,936,9066,33.5,30.1,36.8,19.9,15.1,24.7,21.3,13.4,29.2,7.5,14,1,17.9,27.3,8.4,133
Michigan,St. Clair County,56,51.3,60.8,71.6,66.2,76.9,6.9,6.2,7.6,6.3,5.7,6.8,70.2,74.5,73.1,68,82.7,8.9,12,84020,68503,38501,29474,49563,160067,96.3,92.7,2.3,0.1,0.5,0,0.8,3.7,3.6,65362,3317,1677,135,2423,9795,4253,861,5911,31.3,25.9,37.5,17.2,12,23.4,19.4,11.9,28.3,11.9,21.1,1,20.2,29.2,9.8,144.86
Michigan,St. Joseph County,59.3,52.4,66.3,73.8,66.4,80.9,5,5.1,4.9,4.7,4.9,4.6,69.8,68.9,77,61.5,84.8,8.6,12.6,74103,62217,36126,28960,44486,60828,93.6,89.6,2.2,0.1,0.6,0,1.1,6.4,8.3,23670,1804,1175,109,673,4300,2089,156,1903,25.2,21.4,29.9,14.1,10.7,18.4,17.3,9.9,26.5,10.1,16.2,2.4,33.4,41.8,22.8,84.18
Michigan,Sanilac County,52.6,47.9,57.4,69.8,65,74.4,6.7,7.6,6,6.1,6.9,5.5,69.9,71.6,80.6,67.3,78.9,10,14.9,70234,57180,34483,28045,43405,40829,97.3,95.4,0.5,0.2,0.2,0,0.9,2.7,3.9,17086,856,594,22,604,2415,1199,248,1223,27.7,24.9,31.1,16.4,8.2,26.2,18.1,10.3,27.4,15.9,26.9,2.8,21.9,29.7,12.6,118.64
Michigan,Schoolcraft County,46.4,44.4,48.3,64.4,62,66.8,8.6,8.1,9,8.7,7.8,9.5,67.2,56.2,87,58.7,73.8,10.8,15.4,71690,59038,31103,23640,41092,8004,92.5,85.1,0.4,6.6,0.4,0,0,7.5,1.3,3607,105,60,8,79,457,89,42,95,28.6,19.8,38.5,25.1,20.2,30.5,18.3,13.2,24,10.5,19,1,17.5,27.9,6,152.3
Michigan,Shiawassee County,57.2,54.7,59.7,73,70.4,75.6,4.3,3.6,4.9,3.9,3.4,4.4,72.9,83,85.1,72.1,79.4,6.9,10.8,80164,63224,38121,31338,47010,68203,97.3,95.5,0.8,0.3,0.3,0,0.4,2.7,3,27704,1861,779,193,819,4733,1165,529,2110,28.8,24,33.9,18.5,11.9,25.5,21.4,14.1,29.1,11,20.5,0.9,20.4,29.6,10.5,136.23
Michigan,Tuscola County,51.8,47.8,55.8,67.5,63.4,71.3,6.6,4.4,8.4,6.2,4.1,7.9,66.2,70,75.2,67.3,77.5,8.4,13.3,72990,60140,35316,27723,44555,53288,97,94.7,1.1,0.3,0.4,0,0.4,3,3.7,21328,1251,700,50,758,3203,1308,294,970,26.2,22,31.1,17.8,10.7,26.1,21.1,11.7,32.1,13.7,23.8,1.7,21.3,31.7,8.9,116.76
Michigan,Van Buren County,57.2,53.5,61.1,72.7,68.3,77.1,5.2,5.2,5.1,4.6,4.6,4.6,71.5,73,72.2,70.9,80.9,9.2,13.7,81784,67088,36691,29199,44061,75550,93.8,84.4,3.5,0.6,0.8,0,4.5,6.2,11.8,29148,2291,1075,90,1210,5424,1915,234,2763,30.5,25.1,36.5,17,12.7,21.7,19.6,12.8,27.2,12.6,22.5,1.4,20.4,26.8,13.2,101.87
Michigan,Washtenaw County,61.3,58.3,64.4,73.9,71.2,76.6,4.7,4.4,5,4.3,3.9,4.6,74.2,71,80.2,69,80.5,6.3,13.4,120571,86326,39338,32248,47489,372428,94.3,72,11.7,0.3,9.1,0,1.2,5.7,5,147185,9958,5457,584,3419,23013,9163,1365,9432,55.7,55.9,55.6,14.7,12,17.6,16.4,11.6,21.5,4.1,7.3,0.6,9.1,13.1,4.7,203.93
Michigan,Wayne County,53.7,50.5,57.3,66.4,63.3,69.6,9.2,8.7,9.8,8.8,8.2,9.3,69,71.7,73.4,59.2,76.9,15.3,20.5,74409,57585,37501,33080,43875,1789781,95.7,51.7,37.8,0.3,3.4,0,2.4,4.3,6.2,685635,35313,29578,2509,53668,81616,48913,7650,102523,35.1,31.4,38.9,18.7,15.2,22.4,20.5,13.5,27.7,6.6,12.3,0.8,19,27.7,10.1,144.14
Michigan,Wexford County,53.5,48.9,58,69.2,63.1,75.2,6.7,7.3,6.2,6.4,6.8,6.1,67.7,64.6,84.6,60.8,80.3,8.1,13,70926,58984,34611,30304,40378,33552,96,93.9,0.9,0.4,0.4,0.1,0.3,4,2.2,13002,885,637,27,543,2500,827,65,1118,30.3,27.3,33.9,16,11.2,21.8,19.4,12.2,28.1,8,13.8,1.1,26.3,35.6,15.2,104.23
Minnesota,Aitkin County,45.4,44.9,46,67.3,66.4,68.2,5.6,4.4,6.7,5.9,4.8,7,69.8,77.4,85.9,75.4,73.3,6.5,11.6,70850,55481,33898,27646,39776,15747,96.8,93.5,0.3,2,0.1,0,0.7,3.2,1.4,6595,341,103,16,125,876,207,53,502,29.4,22.1,36.9,19.4,13.3,25.6,21.4,13.8,29.3,13.7,25.2,1.7,16.2,25.6,6.5,118.85
Minnesota,Anoka County,68.1,65.4,70.8,82.2,79.8,84.5,3.8,3.5,4.2,3.5,3.1,3.8,82.5,80.3,86.5,74.6,88,4.1,5.9,112013,96661,49566,42195,58481,360773,95.6,80.8,7.4,0.6,4.9,0,1.9,4.4,4.9,132559,13923,4809,360,4600,32428,7383,1481,11981,38.7,33.2,44.6,15,10.9,19.4,21.5,16.2,27.2,8.9,16.5,0.7,16,23.2,8.1,225
Minnesota,Becker County,60,57.4,62.6,77.5,73.7,81.1,3.6,3.5,3.7,3.4,3.4,3.5,76.3,77.6,83.8,72.1,84.3,6.3,10.9,87530,70083,37885,31291,45546,34995,94.5,86.6,0.6,6,0.7,0,0.7,5.5,2.3,13780,1159,564,44,465,2779,848,187,1010,37,32.7,41.7,17.8,10.9,25.3,17.7,11.5,24.5,12.3,22.3,1.3,15.3,22.6,7.2,160
Minnesota,Beltrami County,59.6,58.2,61,74.2,73.7,74.6,5.5,4.7,6.3,5.3,4.1,6.4,76.8,71.2,83.5,83.4,79.9,10.3,16.8,80985,60942,33778,29975,38128,46033,93.1,71.6,1.2,19.1,0.7,0.1,0.3,6.9,2.5,17555,1280,606,144,1182,2803,543,318,2231,37.4,31.6,43.5,21.2,17.8,24.6,21.3,16.9,25.8,8.9,16.7,0.9,11.2,16.9,5.3,165
Minnesota,Benton County,69.6,67.3,71.9,82.8,81.2,84.4,3.9,2.9,4.8,3.7,2.9,4.4,83.8,77.2,92,85.8,88.6,5.5,9.5,89008,71427,45039,37176,52454,41087,96.5,89,4.7,0.4,1,0,1.4,3.5,2.9,16351,1899,474,29,462,3868,456,127,1621,33.4,26.3,41,17.9,14.1,21.9,21.1,15.1,27.4,10.2,19.2,0.7,17.4,25.3,9,165
Minnesota,Big Stone County,56.6,50.3,62.9,78.8,73.5,83.7,2.4,2.8,2.1,2.5,2.9,2.1,75.6,79.4,79.5,84,85.5,8.8,12.7,84413,63324,39307,28340,46557,5155,98.5,96.8,0.1,0.3,1,0,0.3,1.5,2.3,2276,222,45,2,61,429,52,53,88,39.2,31.7,48.4,13.9,6.3,23.4,20,17.4,23.3,11.9,21.6,0.1,14.9,23.1,4.9,118.85
Minnesota,Blue Earth County,68.9,67,70.7,81.9,81.5,82.3,3.4,2.5,4.2,3.1,2.1,4,83.3,79.5,88.3,75.6,86,8.6,16.3,92061,70850,33488,27310,38763,68575,96.7,88.8,4.6,0.1,2.3,0,0.9,3.3,4,26630,2322,668,168,622,4734,1079,131,1851,36,32.4,39.8,20.5,15.6,25.7,19.4,13.6,25.5,7.3,13.4,0.9,16.8,25,8.1,160
Minnesota,Brown County,64.5,60.5,68.6,82.9,80.2,85.6,2.8,2.3,3.3,2.4,2.5,2.3,82.3,93.3,87.8,73.7,87.6,5.4,8,88470,68669,40062,32160,48367,25894,98.4,94.9,0.7,0.3,0.5,0,1.9,1.6,4.7,10773,1103,199,3,307,2353,503,21,611,33.2,28.1,38.9,16.2,11.7,21.3,19.9,12.8,27.7,10.1,18.5,0.8,20.5,28.9,11.3,118.85
Minnesota,Carlton County,56.2,58.7,54,70.5,76.9,65.4,5,4,5.8,4.7,3.7,5.6,80,73.7,94.1,74.6,69.5,6.6,11.8,90710,74751,43101,36042,51735,36145,95.9,88.7,2.1,4.3,0.6,0,0.2,4.1,1.8,13587,956,409,40,396,2926,379,129,1342,35.4,26.1,45.1,21.1,19.4,23,19.2,12.3,26.4,9.3,17.6,0.6,15,24.7,4.8,160
Minnesota,Carver County,71.5,66.5,76.6,84.6,79.4,89.6,3,3.1,3,2.8,3,2.6,81.9,85.6,86.6,71.9,92.1,2.3,3.8,142319,117600,59060,47365,71997,105694,95.8,89.7,1.6,0.2,3.1,0,1.1,4.2,4.3,38213,4942,1691,179,759,12219,2783,492,2529,49.7,47.1,52.8,11.6,8.3,15.3,21.5,17.8,25.7,7.2,13.3,0.3,10,13.5,6,225
Minnesota,Cass County,52.2,51.2,53.1,71.6,70.5,72.6,6.7,4.9,8.2,6.4,4,8.5,73.5,87.4,87,75.8,79.5,7.8,12.5,76300,61571,34118,27976,40512,29917,93.3,81.7,0.4,10,0.6,0,0.7,6.7,2.4,12431,573,245,14,669,1692,481,156,930,30.2,25.5,35.3,20.2,14,26.9,23,16.5,30,12.3,22.7,1.1,14.2,21.2,6.6,118.85
Minnesota,Chippewa County,60.9,56.9,64.7,78.9,75.3,82.3,5.4,5.2,5.5,4.6,4.3,4.7,78.8,85.7,82.1,71.8,86.4,6.7,11.3,81343,64366,37169,30083,41394,12509,98.6,87.8,1.2,1.7,1.2,1.4,5.3,1.4,7.9,5240,497,215,18,157,908,220,55,470,33.1,27.3,40,14.9,12.7,17.5,23.7,15.3,33.6,10.3,18.5,0.7,18,26.3,8.3,118.85
Minnesota,Chisago County,65.6,64.1,66.9,79.7,78.7,80.6,3.4,2.9,3.9,3.4,2.9,3.8,81.2,84.4,90.7,68.4,83.8,3.9,6.6,113738,99048,49841,41399,59400,56328,97.3,93.7,1.2,0.6,1.4,0,0.4,2.7,2.4,20565,1934,627,25,632,5837,970,198,1130,35.8,28.7,44,17.2,13.5,21.5,18.4,11.8,25.9,12.6,23.1,0.8,15.8,23,7.8,165
Minnesota,Clay County,67.8,65.8,69.8,80.8,79,82.6,4,2.8,5.1,3.4,2.4,4.4,80.9,79.9,87.6,85.1,87,6.9,14.1,103981,74103,42469,34661,50239,64975,97.2,88.5,4.8,1.5,1.6,0.2,0.5,2.8,4.8,24998,3238,739,160,650,6145,970,311,2153,41.8,37.1,46.6,17.2,11.5,22.9,20.4,15.1,25.8,8.8,17,0.4,11.8,19.3,4.2,160
Minnesota,Clearwater County,54.7,53.7,55.7,71.7,71.3,72.2,8,4.6,10.9,7.7,4.1,10.9,74.3,61.4,82.6,55.4,81.2,9,12.9,77411,61699,37449,28992,44990,8525,92.9,84.3,0.1,7.3,0.7,0,0.4,7.1,2.4,3215,205,170,0,212,730,264,12,197,31,25.2,37.2,18,10.8,25.8,20.4,11.1,30.4,14.8,27.5,1.2,15.9,25.5,5.5,160
Minnesota,Cook County,61.6,58.4,64.8,80.1,78.7,81.6,1.8,1.9,1.6,2.1,2.3,2,80.5,90.6,86.5,96.2,83.3,4.5,9.1,86908,70899,38782,35441,44448,5574,96.2,85.5,0,7.9,0.8,0.1,1.9,3.8,2.5,2499,222,23,15,39,362,35,4,91,43.2,36.4,50.7,15.9,16.2,15.5,22,15.2,29.5,10.1,19.3,0,8.8,12.9,4.3,165
Minnesota,Cottonwood County,61,54.8,67.3,80.5,76.4,84.4,4.2,5.1,3.4,4.2,4.7,3.8,80.1,79.9,89,79.7,87.8,7.9,11.4,83084,61364,36788,27468,46999,11484,96.9,86.9,1.5,0.4,3.5,0.6,4.1,3.1,8.7,4666,460,170,90,107,1032,211,112,387,34.5,31.3,38.4,14.8,10.5,20.1,18.2,9,29.3,12.9,21.5,2.4,19.6,27.7,9.7,118.85
Minnesota,Crow Wing County,57.8,54.3,61.2,75.6,71.9,79.2,4.7,4.3,5.1,4.8,4.4,5.1,75.2,86.5,86.5,77.7,83.7,7.1,10.2,82348,66283,37609,32018,44261,65879,97.6,95.1,0.7,0.7,0.4,0,0.6,2.4,1.5,27539,2303,555,56,855,4992,1074,275,2003,35.3,29.9,41.4,19.2,13.7,25.3,20.5,14.7,27.1,10,18.3,0.7,15,23.4,5.5,160
Minnesota,Dakota County,69.7,66.1,73.4,83.6,80.5,86.7,4,3.5,4.3,3.6,3.3,3.8,83.4,82.7,87.3,79.9,90.5,3.5,5.5,124707,102342,54333,45050,64992,435863,94.6,79.5,6.8,0.2,5.1,0,2.9,5.4,7.5,166790,18653,5791,710,5456,40465,8356,1673,15232,45.7,42.8,48.8,14.4,10.6,18.5,21.3,16.9,25.9,6.7,12.4,0.5,11.9,17.2,6.3,225
Minnesota,Dodge County,70.2,69.2,71.2,86.6,87.3,85.8,2.7,1,4.3,2.5,0.7,4.2,87.9,91.8,89.4,87.4,89.8,3.7,4.9,106332,92179,47907,42915,55283,20798,97.3,92.4,0.4,0.2,0.6,0,3.6,2.7,5,7722,982,91,7,203,2354,298,54,503,38.2,30.1,46.6,15,9.1,21.1,18.1,11.1,25.5,13.3,24.6,1.6,15.3,25.1,5.2,160
Minnesota,Douglas County,62.6,59.5,65.7,82.9,80,85.6,3.2,2.5,3.8,2.7,2,3.4,81.6,84.6,88.9,72.2,88.9,4.3,8.1,92403,75285,42909,33762,53415,38742,98.2,96.5,0.3,0.2,0.5,0.3,0.5,1.8,1.9,17030,1547,573,38,454,3362,564,166,999,38.7,32.6,45.6,15.9,12.3,19.9,19.3,13.4,26,7.9,14.6,0.4,18.2,27.1,8.1,160
Minnesota,Faribault County,61.8,58.3,65.3,80.4,77.7,83.1,4.4,2.8,5.8,4,2.8,5,79.9,79.8,83.1,74.2,87.6,7.7,11.6,81452,60153,36741,29420,44637,13933,95.6,93,0.6,0.2,0.4,0,1.5,4.4,7.5,5979,494,117,3,174,1060,318,32,302,30.6,26.5,35.3,15.6,8.4,23.9,20.4,11.6,30.2,15,25.9,2.7,18.4,27.6,7.9,118.85
Minnesota,Fillmore County,65,61.6,68.4,83.3,81.8,84.6,3.4,1.9,4.7,3.5,1.8,4.9,83.3,76.5,89.8,73.4,89,5.2,9.1,89202,73243,41239,35094,47727,21179,98.1,96.2,0.5,0.1,0.5,0,0.8,1.9,1.8,8414,932,357,30,184,2070,491,37,562,35,28.8,41.9,17.2,12.4,22.6,18.5,10.7,27.3,13.8,25.2,1,15.5,22.9,7.3,118.85
Minnesota,Freeborn County,60.3,56.7,63.8,79.5,77.5,81.4,4.1,4.2,4.1,3.7,3.7,3.8,80.5,82.8,87.9,78,84.7,7.1,10.5,77449,65250,41548,34717,47400,30882,95.2,87.7,1.1,0.5,3,0,2.9,4.8,10.4,12844,841,252,61,398,2121,466,59,1006,29.3,22.6,36.6,17.5,10.8,24.9,19.1,12.4,26.6,10.9,20.5,0.4,23.2,33.7,11.5,160
Minnesota,Goodhue County,63.7,59.8,67.7,81,77.4,84.4,3.7,3.4,4,3.6,3.3,3.8,80,73.3,83.1,79.2,87.8,5.8,8.7,101166,77841,44471,38684,50733,47503,96.7,92,1.3,1,0.7,0,1.6,3.3,3.6,19580,1688,323,45,690,4009,1009,55,1637,35.1,26.9,44.1,18.2,14.2,22.6,17.8,10.9,25.5,12.1,22.2,0.9,16.8,25.8,6.9,165
Minnesota,Grant County,61.1,56.3,65.8,81.5,77.8,85,4.2,2.7,5.3,4.1,2.5,5.5,79.9,92.5,86,94.9,89.9,5.2,7.9,81382,66251,37108,32032,42376,6045,97.4,95.4,0.7,0.4,0,0,0.9,2.6,2.3,2512,295,28,8,53,540,78,10,194,31.9,26.9,37.9,19.2,11.8,28.2,19,10.8,29.1,13.6,24.2,0.7,16.3,26.3,4,160
Minnesota,Hennepin County,69.1,65.7,72.6,82.2,79.7,84.6,4.3,4,4.7,4,3.7,4.2,82.8,83.1,84.1,78.1,88.5,5.7,9.9,125463,93127,52333,46038,59041,1270283,94.3,69.9,13.3,0.7,7.2,0,3.3,5.7,7,523528,49322,14914,2152,19031,90968,24926,4334,43550,52.7,50.6,55,13.7,11.2,16.5,19.7,17.1,22.4,4,7.3,0.5,9.8,13.8,5.5,225
Minnesota,Houston County,66.6,63.7,69.4,86.9,86.2,87.5,1.6,1.2,1.9,1.2,0.7,1.6,86.8,75.8,94.7,88.3,89,3.9,7,91959,68013,43349,36843,49965,18806,97.2,94.9,1,0.2,0.8,0,0.3,2.8,1.4,8104,757,180,51,128,1825,169,63,536,35.3,25.2,46.3,14.7,9.9,19.9,18.1,10.9,25.9,14.1,25.9,1.3,17.8,28.1,6.6,160
Minnesota,Hubbard County,56.2,55.1,57.3,76.6,75.6,77.6,4.4,3.4,5.3,4.1,2.7,5.3,77.7,82.7,90.8,60.3,82.3,6.3,11,82116,68803,37590,30351,44989,21219,97.2,92.5,0.8,2.3,0.4,0,1.2,2.8,2.5,8622,637,243,24,212,1618,380,56,533,33.8,28,40.2,17.8,12.8,23.2,19.3,12.9,26.4,12.5,21.7,2.5,16.5,24.7,7.7,165
Minnesota,Isanti County,64.7,61.3,68,79.2,76.6,81.6,4.5,4.3,4.7,4.5,4.3,4.7,80,74.1,90.8,50.4,85.8,6,8.8,96421,85769,46334,36808,57700,40604,97.6,94.5,0.8,0.3,1.6,0,0.4,2.4,2.3,15298,1134,878,37,366,3294,873,121,1333,32.9,24.4,42.6,15.5,9.9,21.9,19.5,13.5,26.3,15.2,27.5,1.3,16.9,24.8,8,165
Minnesota,Itasca County,52.1,51.5,52.7,70.5,69.6,71.4,6.6,6,7.1,6.5,6,6.8,74.1,74.3,86.7,73.5,76.7,7.3,11.1,82497,63648,36568,29471,46816,44969,94.8,90.1,0.6,3.2,0.3,0.1,0.6,5.2,1.6,18210,1129,582,140,655,3292,675,356,978,33,27.2,39,19.5,15.2,24,20,13.7,26.6,12.4,22.8,1.7,15,21.1,8.6,160
Minnesota,Jackson County,63.8,60.8,66.7,83.4,84.2,82.6,3.1,2.4,3.7,2.6,2.2,3,86,85.1,89.8,77.9,85.2,5.3,9.6,82917,69906,40260,34552,45828,10016,97.1,93.4,0.2,0,1.5,0,1.9,2.9,4.2,4374,419,82,2,132,833,155,58,250,32.5,27.1,38.6,16,11.3,21.3,15.6,8.7,23.5,14.1,25.5,0.9,21.8,27.2,15.6,118.85
Minnesota,Kanabec County,59,56.8,61.3,75.4,73.9,76.9,4.5,2.7,6.1,4.6,3,6.1,76.2,82.1,76.4,70.4,82,5.7,9.7,81828,66470,38759,32732,46490,16004,96.7,95.3,0.4,0.4,0.5,0,0,3.3,1.7,6471,347,230,8,167,1075,495,26,381,29.1,21.7,37.3,20.9,12.2,30.5,16.7,8.9,25.3,16.4,30.3,1.1,16.9,27,5.8,160
Minnesota,Kandiyohi County,66.3,62.4,70.2,82.9,79.9,85.7,3.4,2.6,4.1,3.5,2.5,4.4,82,82.5,86.9,81.2,89.6,7.3,11,90242,73900,37805,30878,43396,43504,96.1,84.7,5.8,0.5,0.7,0,4.5,3.9,12.9,16926,1666,569,19,825,3902,749,102,1483,35.5,29.2,42.6,15.8,10.8,21.6,20.2,14.4,26.8,10.5,18.5,1.3,18,27,7.8,160
Minnesota,Kittson County,61.2,55.4,67.1,82.3,79,85.4,3.4,3,3.8,3.1,1.7,4.3,80.4,70.7,90.2,88.1,89.2,4.3,10.2,87541,66137,41564,31017,46344,4213,97.1,95.3,1.3,0.1,0.3,0,0.1,2.9,1.6,1668,170,56,6,42,423,63,20,53,35.1,33.7,36.9,16.8,9.3,25.8,16.9,9.1,26.3,13.7,23,2.5,17.5,25,8.5,118.85
Minnesota,Koochiching County,55.2,51.9,58.4,76.4,75.3,77.4,5.3,4.9,5.6,4.2,2.7,5.5,77.5,78.6,92.5,83.6,81.9,8.8,11.4,70645,59632,38538,30888,48710,12203,95.3,91.7,0.6,2.2,0.2,0,0.7,4.7,1.4,5663,282,47,0,134,666,59,74,313,28.8,19.4,39.6,17.7,15.1,20.5,20.7,10.9,31.8,15.4,28.2,0.8,17.4,26.4,7.3,160
Minnesota,Lac qui Parle County,57.4,53.4,61.4,79.7,77.8,81.6,2.4,1.7,2.9,1.8,1.8,1.9,79.2,89.5,84.5,85.5,83.6,5.5,9.1,83680,66183,38609,28226,48437,6753,98,95.2,0.5,0.1,0.7,0,1.5,2,2.6,2841,265,44,5,18,606,90,17,150,43.4,38.1,49.5,13.8,6.1,22.8,15,10.5,20.1,12.4,22.1,1.3,15.4,23.2,6.3,118.85
Minnesota,Lake County,54.1,49.5,58.5,76.6,72.7,80.1,3.4,5.3,1.8,3.3,5,1.9,76.6,65.1,78.4,62.6,81.7,4.6,7.7,88201,72843,45784,30229,57469,10835,97.5,96.5,0.3,0.3,0.2,0,0.2,2.5,1.5,5031,312,143,0,76,707,264,1,242,34.6,25.3,46,20.2,12.4,29.9,15.2,12.1,19,12.8,22.3,1.1,17.2,27.9,4,165
Minnesota,Lake of the Woods County,56.6,44.6,67.6,72.6,57.4,84.7,5.2,11.1,1.3,1.2,2.3,0.6,58.8,100,92.2,87.9,85.3,6.4,12.6,92944,60945,35379,21732,43076,3757,94,91.9,0.1,1.9,0.1,0,0,6,0.1,1403,200,7,0,36,246,54,0,136,22.3,16.5,31.8,15,12,20,14.3,9.9,21.7,17.6,27,1.8,30.8,34.5,24.7,165
Minnesota,Le Sueur County,67.2,64.3,70.1,84.3,81.1,87.4,3.7,3.1,4.3,3.1,2.8,3.4,83.5,80.3,92.2,80.4,90.7,5.9,7.9,104494,87663,46266,35600,57095,28567,97.8,94,0.8,0.3,0.4,0,2.4,2.2,6.5,11210,1258,297,26,315,2894,347,73,876,34.2,28.9,40.2,15.1,10,20.8,18.2,9.7,27.8,13.1,23.8,1.2,19.3,27.6,10,118.85
Minnesota,Lincoln County,61.1,56.4,65.6,83.6,80.9,86,2.1,1.6,2.6,2.1,1.4,2.6,82.1,83.7,88.1,64.8,88.3,5.1,9.6,82976,63897,40690,35779,45582,5655,98,96.6,0.7,0.1,0.1,0.3,0.2,2,2.1,2438,243,81,8,31,579,149,27,78,39.4,34.8,45,15.5,12,19.7,19.7,12.4,28.5,12.4,20,3.3,13,20.9,3.6,160
Minnesota,Lyon County,66,63.7,68.3,82.4,81.5,83.3,3.4,2.2,4.5,3.1,1.8,4.4,83,86.7,91.1,78.5,87.1,9.1,12.3,84447,68003,37535,32720,44473,25477,97,84.3,3.2,0.2,4.9,0,4.2,3,7.3,9849,1177,235,105,336,2417,413,43,1151,35.8,30.3,41.4,18.7,13.2,24.4,20,14.8,25.3,9.3,17.4,1,16.2,24.3,7.9,160
Minnesota,McLeod County,65.9,61.8,69.9,83.6,79.8,87.2,3.3,2.5,4.1,2.6,1.8,3.4,81.3,67.1,92.3,81.8,90.3,4.5,7.3,98069,73103,43296,36717,50335,36662,97.5,92.9,0.5,0.3,0.8,0,3,2.5,6.7,14614,1188,506,10,568,3769,455,252,954,29.2,23.8,35.3,14.6,9.2,20.6,19.7,12.1,28.3,11.6,21,1,24.9,33.9,14.8,160
Minnesota,Mahnomen County,52.1,50.8,53.4,65.8,65,66.7,9,8.2,9.9,8.5,7.8,9.2,70.4,72,84,65.8,73.4,16.5,21.1,61062,52343,33964,32700,35363,5429,85.1,45.9,1.2,37.4,0.4,0.1,0.2,14.9,4.7,1863,94,47,9,221,292,67,22,354,32.4,28.2,37,24.8,19.9,30.1,18,9.2,27.4,13.8,24.9,1.9,10.9,17.8,3.6,118.85
Minnesota,Marshall County,61.4,56.6,66.1,81.2,77.1,85,2.9,2.2,3.5,2.3,1,3.3,77.8,72.4,87.5,83.9,87.8,3.8,7.5,93154,70021,44656,36799,51917,9082,97.5,94.7,0.5,0.5,0.4,0,1.5,2.5,4.6,3698,377,142,5,77,772,161,17,197,36.3,33.6,39.5,12.6,8.1,18.1,19.3,11.6,28.5,12.9,22.5,1.3,18.9,24.2,12.6,160
Minnesota,Martin County,61.6,58.1,65.2,80.3,78.5,82.1,5.4,4.8,6,4.9,3.4,6.3,81.4,71.7,93.4,85,87.7,8.4,11.7,81690,62132,39490,33654,48017,20070,97.7,94.9,0.4,0.2,0.5,0,1.6,2.3,5.2,8739,742,193,0,226,1649,253,69,417,33.9,31.5,36.5,16.5,8.9,25,20.4,12.9,28.9,11.1,18.8,2.4,18.2,27.9,7.3,165
Minnesota,Meeker County,62.9,58.6,66.9,80.5,77.5,83.3,2.4,1.4,3.2,2.3,1.5,3,78.7,82.1,85.2,67.4,86.1,4.3,7.7,93313,73138,41540,31092,51049,23268,98.1,95.6,0.4,0.1,0.2,0,1.8,1.9,4.2,8964,802,386,0,236,2246,602,58,522,30.8,26.6,35.9,15,7.7,23.7,18.4,9.5,29.1,15.4,26.6,1.9,20.4,29.7,9.3,160
Minnesota,Mille Lacs County,60.8,58.6,62.9,76.3,75,77.5,5.8,4.9,6.6,5.7,4.6,6.6,78.6,66.3,90,66.9,83,7.7,11,79383,67575,38207,32715,46451,26397,95.8,88.9,0.4,4.6,0.9,0.2,0.7,4.2,2.6,10389,551,316,51,678,1768,436,86,963,28.1,20.7,36.2,20.4,12.6,29,16.7,9.1,25,14.3,26.5,0.9,20.5,31,8.8,165
Minnesota,Morrison County,62.4,60.7,64,79.7,78.4,80.9,4.5,3.4,5.4,4.5,3.4,5.5,81.2,76.7,86.6,79.2,86.4,6.5,10,83664,67442,39405,32410,48320,33876,97.7,96.1,0.3,0.1,0.3,0,0.9,2.3,1.8,13530,1096,478,45,490,3123,539,138,1009,28.6,25.2,32.3,19,12.2,26.3,19.2,11.5,27.4,12.5,21.7,2.5,20.8,29.4,11.5,118.85
Minnesota,Mower County,63.3,57.3,69.2,80,75.3,84.3,3,3.4,2.7,2.3,1.9,2.7,76.8,74.2,83.6,63.8,86.6,8.3,12.7,84125,65821,42224,33442,46023,39985,94.8,81.7,3.6,0.2,5.1,0.4,3.9,5.2,12.3,15596,1299,853,95,790,2781,991,137,1713,31.2,25.6,38.2,16.1,9.2,24.5,16.9,9.1,26.4,10.8,19,0.7,25,37.2,10.1,160
Minnesota,Murray County,61.5,57.4,65.6,81.9,79.5,84.2,2.8,1.7,3.7,2.3,1,3.3,80.4,76.2,80.5,76.9,87.1,3.1,6.3,95584,75483,39438,31356,47620,8224,98.5,94.9,0.5,0.3,1.5,0,1.3,1.5,4.5,3440,338,94,19,57,643,206,49,192,34,30.6,37.8,15.9,8.3,24.7,17,8.8,26.4,14.2,24,2.9,19,28.3,8.2,118.85
Minnesota,Nicollet County,71.3,69.5,73.1,85.2,85,85.4,1.9,1.6,2.2,1.7,1.4,2,86.3,90.1,90.7,87.8,87.2,4.7,9.4,106141,81006,38414,33432,44158,34295,94.6,89.4,2.5,0.3,1.6,0,0.7,5.4,4.8,12733,1479,220,25,363,2923,402,48,1236,37.3,32.7,42.2,18.4,15.8,21.3,21.1,16,26.5,8.1,14,1.8,15.1,21.5,8.3,160
Minnesota,Nobles County,64.2,58.2,69.7,80.5,74.2,86,2.8,2.6,3,1.8,1.7,1.9,75.5,70.8,76.5,73.2,87.7,7.4,11.8,77037,62240,35363,29764,39266,22223,92.1,70.2,5.3,1.3,5.4,0,9.8,7.9,29.2,7606,875,392,5,592,1723,537,82,957,27.5,23.1,33.2,15.4,10.7,21.6,17.9,11.1,26.9,10.3,17.6,0.7,29,37.5,17.7,160
Minnesota,Norman County,59.4,55.1,63.5,76.2,71,80.9,5.7,7.7,4,6.3,8.7,4.2,77.8,71.3,96.2,67.3,84.8,5.6,10.3,85436,64142,39680,29951,47897,6500,95.9,92.2,1.2,1.8,0.6,0,0.2,4.1,5.4,2670,219,102,11,62,573,118,47,124,35.1,30,41.3,14.5,8.5,21.7,19.2,10.2,30.2,16.1,28.8,0.6,15.2,22.5,6.3,160
Minnesota,Olmsted County,68.8,66.1,71.6,83.3,81.9,84.8,3.2,2.7,3.8,3.1,2.6,3.6,84.1,86.9,85.9,81.9,88.1,4.6,7.6,116853,92275,50816,46539,56507,160928,95.8,81.7,6.9,0.1,5.9,0.1,1.2,4.2,5.2,64611,7188,1888,462,2381,14356,2895,714,4908,53.2,48.9,57.6,15.2,13.5,17,16.8,12.8,20.9,5.9,11.2,0.6,8.8,13.7,3.8,225
Minnesota,Otter Tail County,59.8,56.4,63.2,79.5,76.9,82.1,4.4,2.9,5.6,4.2,2.9,5.4,79.2,83.5,85.1,78.5,86.9,5.1,8.8,87556,69310,40721,32502,47853,59728,96.8,93.2,1.2,0.2,0.5,0,1.7,3.2,3.7,24838,2127,713,88,868,4824,1321,223,1479,35,30.1,40.6,16.3,10.6,22.8,20,12.5,28.5,12.9,23.1,1.2,15.9,23.7,6.9,160
Minnesota,Pennington County,66.6,62.1,71.1,83,79.8,86.1,3,2.9,3,2.9,2.8,3,82,90.2,85,83.1,88.8,7.7,10.3,91899,70052,45696,37789,51676,14063,96.8,92.5,1.3,1.2,1.2,0,0.6,3.2,4.1,5987,633,122,10,254,1222,238,52,501,30,29,31,15.7,10.4,21.6,23.7,16.5,31.7,6.7,12.6,0.1,24,31.5,15.6,160
Minnesota,Pine County,53,54.8,51.5,66.5,72.2,62.1,6.2,4.2,7.9,6,4.4,7.5,75.5,78.7,88.8,69.2,67.2,6.1,10.5,79240,65226,36970,31222,45157,28997,96.3,90.7,2.3,2.1,0.8,0.1,0.4,3.7,3,10916,697,240,34,219,1936,449,142,696,28.9,20.5,38.2,23,17.3,29.2,16.8,10.5,23.8,14.8,26.2,2.1,16.5,25.4,6.7,160
Minnesota,Pipestone County,61.2,56.7,66,79.8,78.7,81,3.1,3.1,3,3.2,3.5,2.9,81.5,80,75.7,72.4,83.4,9.2,11.5,79404,63534,39947,29140,50088,9370,96.1,91.8,1.1,1.3,1,0.2,0.7,3.9,7.6,3957,409,103,30,71,744,305,166,283,35.7,30.5,41.5,13.2,7.3,19.7,17,9.3,25.3,15,26.2,2.7,19.1,26.7,10.8,118.85
Minnesota,Polk County,61.4,58.1,64.5,77.6,75.3,79.7,4.4,4.3,4.6,4.5,4.6,4.5,78.9,76.9,90.4,81.4,83.8,7,11.9,90974,67191,40494,33600,48909,31303,94.9,88.5,2.5,1.5,1.2,0,1.3,5.1,6.8,12363,1377,435,50,437,2578,414,183,1103,35.3,30.4,40.9,18.7,14.5,23.4,19.7,13.4,27,13.3,23,2.3,13,18.7,6.4,160
Minnesota,Pope County,62.9,59.7,66,84.5,82.6,86.2,1.2,0.4,2,1,0.4,1.5,82.9,79.6,93.5,79,88.4,3.9,8,94432,73074,41957,35515,49470,11216,97.6,95.3,0.5,0.3,0.7,0,0.8,2.4,1.8,4892,420,172,0,71,1050,167,22,233,37.8,32,44.4,15,8.6,22.2,18.8,12.1,26.5,12.5,22.3,1.4,15.9,25,5.5,160
Minnesota,Ramsey County,65.6,62.7,68.6,79,77,80.9,4.8,4.6,5.1,4.3,4.2,4.5,80.4,80.7,82.6,73.9,84.8,8.9,13.2,102909,77928,43649,39455,47848,549377,93.9,63.6,12.2,0.6,15,0,2.5,6.1,7.6,215740,18966,7717,1210,10668,35891,10057,2936,22426,45.5,41.6,49.5,17.3,14.1,20.5,19.2,15.5,22.9,5.4,9.9,0.6,12.7,18.8,6.5,225
Minnesota,Red Lake County,62.5,61.2,63.8,80.6,78.2,82.8,2,0.2,3.6,1,0.3,1.7,78.4,94.4,85.7,86,84.2,4.5,10.1,93876,68035,43619,37169,51397,3921,96.5,93.7,0.9,1.8,0,0,0.1,3.5,3.6,1652,166,34,4,41,409,85,13,88,31.8,26.1,38,13.9,8.7,19.4,20.8,8.5,34.1,12.8,23.7,0.9,20.8,32.9,7.6,118.85
Minnesota,Redwood County,61.2,57.7,64.6,80.1,77.4,82.7,2.1,1.5,2.6,2.3,1.5,2.9,78.6,86.2,90.2,65.9,85.2,5.9,9.8,81205,65005,38138,30131,46232,15435,96.2,87.1,0.6,4.3,2.4,0,1.7,3.8,3.8,6140,484,320,40,230,1404,380,46,399,34.2,29.8,39.1,17.6,10,26.1,17.9,10.8,25.8,15,26.4,2.1,15.3,22.9,6.8,118.85
Minnesota,Renville County,60.2,55.3,64.9,77.2,73.5,80.6,3.4,2.9,3.8,3.1,2.4,3.7,75.3,75.9,82.9,77.2,83.8,5.9,9.7,82607,66744,39763,33032,48019,14768,96.4,88.1,0.4,1,0.7,0,6.2,3.6,9.2,5861,584,148,21,147,1154,272,74,514,30.5,26.9,35,18.5,11.7,26.8,17.2,9.6,26.6,14.3,24,2.4,19.5,27.9,9.3,118.85
Minnesota,Rice County,61.3,61.3,61.3,74.6,77,72.6,5.2,4.2,6.1,4.9,3.9,5.7,80.2,80.4,79.9,73.9,77.2,6.9,10.2,97777,77809,36963,30908,44228,66795,96.2,84,6.2,0.5,2.3,0.1,3.2,3.8,8.5,23078,1730,1047,87,1027,4862,1623,182,2095,35.4,31.1,40,18.3,14.5,22.2,19.7,13.6,26.1,10.2,18.2,1.8,16.4,22.5,9.9,165
Minnesota,Rock County,66.7,61.5,72.1,84.2,79.5,89,2.2,1.8,2.6,2.2,1.3,3.1,80.6,89.9,87.4,58.3,92.1,5.9,9.2,91597,74815,41564,35560,47706,9718,97.4,95.4,0.4,0.6,0.6,0,0.3,2.6,3.3,3921,346,133,49,138,909,372,67,240,41,35.8,46.8,18.4,10.1,27.8,16.5,13.9,19.4,9.5,17.2,0.8,14.7,23.1,5.1,118.85
Minnesota,Roseau County,65.3,61.4,68.9,80.1,77.7,82.3,4.4,2.7,5.8,4.4,2.6,6,79.7,67.7,82.6,85.1,87.5,7.3,8.4,83156,71560,43042,35470,49418,15321,96.7,90.8,1,1.6,2.8,0,0.3,3.3,1.5,5689,473,125,22,240,1321,321,45,508,29.6,26.8,33.2,12.9,8.1,18.8,17.3,11.6,24.3,9,14.9,1.7,31.2,38.5,22.1,160
Minnesota,St. Louis County,58.3,56.2,60.3,74.6,73.8,75.4,4.9,4,5.7,4.6,3.8,5.4,76.9,72.3,86,74.2,80.1,6.9,13.6,90139,66722,36987,30916,45130,200311,96.4,91.4,1.6,1.8,1.1,0,0.5,3.6,1.9,85532,4798,2194,283,2756,12536,3161,750,5757,37.8,31.5,44.6,20.4,16.4,24.6,19.4,14.3,24.9,10.4,19.3,0.9,12,18.5,5,160
Minnesota,Scott County,73.6,69,78.2,85.7,80.7,90.7,3.2,3.2,3.1,3.1,3.5,2.8,83.6,82.5,89.3,75.3,93.6,3.1,4.6,134776,118844,56012,45587,68002,149568,95.3,81.7,4.8,0.5,6.2,0,2.2,4.7,5.5,52310,7214,2031,222,1527,18102,3244,228,4516,43.5,38.5,49.2,13.9,11.1,17,21.4,17.6,25.6,8.1,14.6,0.7,13.2,18.2,7.6,225
Minnesota,Sherburne County,71,68,73.8,82.8,81.1,84.4,2.7,2,3.3,2.4,1.7,3.1,83,81.7,90.7,82.1,87.1,3,5,114066,100688,49081,42024,58535,96295,96.3,89.9,2.9,0.4,1.5,0,1.7,3.7,2.8,33825,4223,1239,41,1570,9850,1992,295,2966,35.2,27.2,44.6,14.5,10.3,19.3,18.8,12.5,26.1,12.4,21.5,1.8,19.1,28.5,8.2,165
Minnesota,Sibley County,65.6,60.9,70.1,81.1,77.9,83.9,3.4,1.6,4.8,3.6,1.6,5.2,79.1,75.9,86.4,80.1,88.6,3.3,8,92278,73479,44433,35883,50475,14948,97.5,92.1,1,0.4,0.5,0,3.5,2.5,9.2,5864,676,204,2,76,1624,236,32,275,31.9,26.2,38.8,14.2,8.1,21.4,16.9,8.6,26.8,15.5,26.6,2.3,21.5,30.5,10.7,118.85
Minnesota,Stearns County,67.6,65.3,69.8,81.9,80.5,83.3,4.8,4.5,5.1,4.3,4.2,4.4,84.1,89.9,91.6,78.7,87.7,7.4,12.8,92939,74351,39025,32600,46388,157638,96.8,85.6,7.4,0.2,2,0,1.5,3.2,3.6,60098,6902,1625,73,2190,14626,2495,754,4174,36.3,30.3,42.9,16.5,11.8,21.7,20.6,14.8,27.1,9.7,17.8,0.7,16.9,25.3,7.6,225
Minnesota,Steele County,65.3,60.2,70.3,82.8,79.2,86.3,3.8,3.3,4.3,3.2,2.3,4,81.1,86,83,68.9,89.9,4.2,8.6,103785,80080,46528,38697,53297,37363,96.1,90,3.3,0.1,0.4,0.1,2.1,3.9,8.1,14911,1547,567,45,488,3446,1069,202,1190,36.6,29.5,45,13.7,9.9,18.2,19.1,14.1,25.1,9.3,16.7,0.5,21.3,29.8,11.2,165
Minnesota,Stevens County,67,61.3,72.6,82.4,78,86.3,1.9,0.5,3,1.6,0.5,2.6,78.4,63.7,78.7,71.5,88.8,6,13.6,97159,71668,35743,20282,46260,9669,97,87.4,1.9,1.2,2.2,0.4,3.9,3,7.3,3764,338,212,14,77,898,236,47,86,34.4,32.9,36.2,18.2,11.4,26.4,19.4,11.6,28.8,14.9,25.6,1.9,13.2,18.5,6.8,118.85
Minnesota,Swift County,59.6,56.4,62.8,76.9,75,78.7,3.4,0.6,5.8,3.9,0.7,6.5,75.8,82.9,86.2,62.5,84.4,9,12.2,78984,58494,41017,29831,49373,9810,97.7,93,1.3,0.4,0.4,0.8,1.8,2.3,5.5,4215,267,176,0,151,685,225,10,364,36,30.9,41.9,16,8.6,24.5,17.4,10.8,25,12,20.3,2.6,18.5,29.5,6,118.85
Minnesota,Todd County,56.1,52.3,59.6,72.9,68.6,76.8,3.8,3.3,4.2,3.7,2.9,4.3,70.6,68,78.5,55.7,80.8,8.8,13.7,76677,63243,37046,31366,44640,25121,94.8,90.7,0.6,0.5,0.5,0.2,2.3,5.2,7,9590,641,606,38,202,1649,1029,43,587,29.3,25.2,34.4,14.7,7.3,23.7,17.8,9.1,28.6,13.7,22.8,2.5,24.4,35.5,10.9,118.85
Minnesota,Traverse County,60.3,56.3,64.2,81.9,79.5,84.3,4.2,1,6.7,2.3,0.1,4.2,79.6,100,93.8,90,88.3,4.7,8.2,83697,61767,38596,30559,46179,3362,97.3,89.2,0.2,6.8,0.2,0,0.9,2.7,4.1,1424,174,8,0,15,306,14,24,66,39.2,37.8,40.8,18.4,8.2,30.3,17.1,10.4,24.9,12.4,23.1,0,12.8,20.5,4,118.85
Minnesota,Wabasha County,64.7,62.1,67.2,83.4,81.6,85.2,3.8,2.9,4.5,3.6,2.8,4.3,83.9,92.1,91.5,73.7,89.1,4,7.1,95251,76957,43888,38356,50240,21425,98.1,95.7,0.5,0.3,0.6,0,1,1.9,3.1,9047,909,218,8,108,1807,349,80,668,38.4,32.6,44.8,16.9,13.4,20.7,18.9,12.3,26.2,10.3,18.5,1.2,15.5,23.2,7.1,160
Minnesota,Wadena County,56.8,56.1,57.4,72.9,73.8,72.1,7.1,5.1,9.1,7.6,5.8,9.3,78.3,64.2,85.8,77.2,80.6,9.1,13.6,70098,54609,34227,28926,40107,14009,95.2,92.8,0.9,0.6,0.4,0,0.4,4.8,2.1,5582,423,277,9,237,1288,302,35,418,26.4,20.3,32.4,18.8,9.1,28.2,19,9.5,28.2,15.5,29.8,1.5,20.4,31.3,9.7,118.85
Minnesota,Waseca County,63.5,56.7,70.9,78.7,72.1,86,3.8,4.8,2.8,3.3,3.7,2.9,74.9,80.2,84.4,98.3,88.5,6.4,8.1,87911,72487,42091,33377,49032,18972,97.4,92.4,1.1,1.3,0.8,0,1.7,2.6,6.4,7533,683,140,22,222,1771,279,78,611,32.6,27.1,38.9,15.4,12.3,19,21.4,13.2,30.8,10.8,20.1,0.2,19.7,27.2,11.1,160
Minnesota,Washington County,67.3,64.1,70.6,82.5,79.5,85.4,3.3,3.6,3,3,3.4,2.5,82.4,83.7,84.2,81.9,87.8,2.9,4.2,133123,111461,56581,46292,67871,264818,95.8,82.9,4.8,0.3,6.6,0.1,1.2,4.2,4.5,98647,11799,2837,385,2374,26747,6457,953,7017,49.5,45.7,53.6,13.3,11,15.7,20.5,16.5,24.8,6.2,11.3,0.5,10.6,15.5,5.4,225
Minnesota,Watonwan County,59.4,57.9,60.9,75.3,72.2,78.5,5.9,3.1,8.3,5.3,2.5,7.8,74.1,85.9,85.5,66.9,85.1,9.5,13,83802,64848,36926,30226,46700,11223,91.7,82.3,0.4,0,1.4,0,7.6,8.3,26.7,4272,508,262,8,160,917,177,15,320,31.9,27.7,36.5,13.5,9.3,18.2,17.9,9.7,26.7,17.1,30.4,2.8,19.6,22.9,15.9,118.85
Minnesota,Wilkin County,61.5,56.1,66.2,78.5,73.8,82.5,4,1.8,5.5,4.2,2,5.9,75.3,75,78.4,82.8,87.6,6.4,13.5,85743,63119,41519,33783,46786,6495,97,93.9,0.2,1.1,0.1,0,1.6,3,3.6,2680,204,100,0,216,468,151,9,222,35.1,28.9,43.3,15.6,10,23.2,17.2,12.5,23.6,17.2,29.2,1,14.9,19.4,8.9,118.85
Minnesota,Winona County,67.1,65.8,68.4,81.8,82,81.7,2.7,2,3.4,2.5,1.9,3,83.6,86.9,91.7,74.2,84.5,4.3,13.4,96027,67311,32691,27205,38408,49889,97.1,92.2,1,0.6,2.5,0,0.7,2.9,3.1,20109,1604,546,51,455,3535,853,83,902,35.4,29.3,41.7,18.6,15.2,22,20.5,13.9,27.2,8.2,15.1,1.1,17.4,26.5,8.1,160
Minnesota,Wright County,71,66.2,75.6,84.9,80.6,89,2.4,2.7,2.2,2.3,2.6,2,82.7,81.2,86.4,74.6,90.9,3.3,4.9,118129,102761,52892,42906,62937,139890,96.7,92.4,1.7,0.3,1.2,0,1.3,3.3,3.2,50290,7526,2567,133,1067,15606,4433,218,3578,40.1,34.9,46.3,12.5,8.2,17.5,21.3,14.6,29.1,11.9,21.5,0.6,14.2,20.8,6.4,165
Minnesota,Yellow Medicine County,61.6,57.4,65.8,78.8,76.4,81,3.4,2.6,4.2,3.2,1.7,4.5,77.7,91.6,87.3,74.5,84.9,5.8,9.9,87325,70865,39086,30008,50102,9616,97.2,91.7,0.7,2.3,0.5,0,2,2.8,4.9,3941,342,91,7,153,834,151,52,241,32.7,30,35.9,17.2,8,28,18.1,10.6,26.9,16.6,28.9,2.2,15.4,22.5,7.1,160
Mississippi,Adams County,41.7,46.3,36.8,51.1,60.1,42.2,11.9,5.2,19.7,12.6,5.4,21,63.6,71.9,83.9,68,53.6,23.1,29.3,49832,36907,31023,30128,34707,29927,97.5,40.2,52.9,0.3,0.6,0,3.5,2.5,9.7,11353,428,216,0,1053,944,189,0,2064,34,24.4,41,23.6,18.4,27.5,19.1,11.4,24.7,9.7,22.1,0.5,13.6,23.6,6.3,95
Mississippi,Alcorn County,51.9,51.2,52.7,65.7,66.1,65.2,7.1,7.1,7,6.8,7,6.7,71.1,76.7,74.7,87.2,70,11.3,16.5,62865,48034,33423,28369,40418,34964,95.6,82.6,10.6,0.4,0.4,0.1,1.5,4.4,3.4,14027,1068,300,39,905,2124,936,315,1329,32.8,24.4,40.8,14.3,13.4,15.2,21.8,14.1,29.1,7.9,15.7,0.6,23.2,32.4,14.4,95
Mississippi,Amite County,37,31.3,43,49.6,44.1,55.4,6.9,6.5,7.2,5.7,4.6,6.6,46.3,69.5,62.2,55.6,59.4,29.7,30.8,42206,34190,35255,22149,56282,12718,98.7,57.5,40.8,0.1,0.1,0,0.2,1.3,0.1,5841,163,62,14,352,700,122,192,632,26.8,16.5,40.5,18.9,13.1,26.7,16,4.6,31.3,15.2,26.6,0,23,39.2,1.6,95
Mississippi,Attala County,50.5,49.2,52,66,65.9,66.2,7.4,6,8.8,7.6,5.7,9.5,69.9,65.9,73.7,69.8,73.2,22.4,25.9,54773,39454,28328,23483,37213,18025,97.9,53.2,43,0,0.1,0,1.6,2.1,2.2,6333,279,142,0,711,956,395,5,1437,23.9,19.4,28.1,22.7,19.9,25.3,18.1,9.8,26.1,11.3,22.6,0.6,24,28.3,19.9,95
Mississippi,Benton County,50.8,46.2,55.7,62,57.5,66.3,4,5.5,2.6,4.5,6.5,2.8,61.5,42.1,86.5,62.2,68.3,8.6,14.5,60880,42849,31383,29239,34844,7687,95.6,60.8,32.1,0,0.6,0.1,2,4.4,2.8,2962,86,141,3,127,591,140,30,147,22.4,12.4,33.4,13.6,7.8,20.1,14.1,4.2,25,16.8,31.9,0,33.1,43.6,21.4,100
Mississippi,Bolivar County,44,41.4,47,53.5,50.8,56.6,6.7,7.7,5.7,6.5,8.5,4.5,55.5,67.9,69.3,68.2,59.5,25.3,33,46053,36765,27518,23177,35094,31301,96.6,30.5,63.5,0,0.8,0,1.8,3.4,2.3,11538,299,86,69,1401,945,372,243,2225,34,31,36.8,21.4,15.7,26.9,21,12.7,28.8,9.3,17.8,1.3,14.3,22.8,6.1,95
Mississippi,Calhoun County,51.7,46.7,57.1,68.4,63,74.1,2.8,2.4,3.1,2.3,2.2,2.4,64.7,68.7,75.9,72.2,75.9,14.4,20.5,55622,44845,34615,29245,42434,13420,98.5,64.6,28.4,0,0.2,0,5.4,1.5,6.1,5672,222,68,89,339,782,242,136,693,20.2,13,28.2,18,10.8,26,16.3,8.7,24.9,12.8,22.4,2,32.7,45,18.8,95
Mississippi,Carroll County,41.5,40.1,42.7,59.9,57,62.7,6.5,7.3,5.8,7,7.9,6.2,62,81.6,67.8,45.5,66.8,10.4,16,74357,50300,44686,33114,54955,10053,99.9,64.4,35.5,0,0,0,0,0.1,0.2,3913,153,24,111,200,283,218,165,483,32.6,30.4,35,12.5,4.6,21.6,22.6,13,33.5,19.8,33.1,4.6,12.5,19,5.2,95
Mississippi,Chickasaw County,50.4,46.2,55,65.1,61.4,68.8,2.3,2.7,1.9,2.1,2.8,1.4,63.2,63.7,86.3,53,69.8,22,21.9,52053,42096,33605,29249,42982,17100,98.7,50,44.7,0.1,0.2,0,3.7,1.3,4.9,6745,329,124,28,681,990,304,40,1219,20.7,15.9,25.9,10.8,4.5,17.7,25.5,14.2,37.7,7.4,13.3,1,35.6,52.1,17.7,95
Mississippi,Choctaw County,46.1,41.5,51.1,61.2,57.2,65.2,9.7,3.9,14.2,9.9,4.3,14.3,60.4,54.4,77.8,87.6,76.4,14,18.4,55662,41266,35320,34372,36491,8264,98.6,68,29.9,0.2,0.6,0,0,1.4,0.7,3492,244,59,0,121,662,81,0,484,34,25.1,44.2,19.5,16.6,22.8,15.6,4.3,28.5,14.1,25.2,1.2,16.9,28.8,3.2,95
Mississippi,Claiborne County,34.9,34.7,35.2,45,45.8,44.1,10.6,5.2,16.1,11.8,6.1,17.1,48.8,42.9,56.3,47.8,53.2,31.4,34.8,34993,34122,22879,19215,25093,9115,98.5,10.9,87.1,0,0.5,0,0.1,1.5,0.2,2577,36,139,73,163,40,221,135,635,29.9,15.3,42.8,18.3,20,16.7,21.7,9.1,32.8,8.9,19.1,0,21.2,36.5,7.7,95
Mississippi,Clarke County,49.9,46.6,53.8,66.2,63.4,69.6,6.8,6,7.5,7.2,6.1,8.3,67.5,73.9,65,84.7,77,18.6,20.2,62107,44513,28911,23028,37404,15678,98.8,63.9,34.7,0.2,0.1,0,0,1.2,1.2,5929,500,83,0,267,697,563,12,877,29.5,21,37.9,17.2,9.8,24.5,19.1,11.8,26.4,12.5,25.1,0,21.7,32.3,11.1,95
Mississippi,Clay County,47.1,44.7,50,61.5,58.4,65,9.5,11.3,7.7,9.9,11.8,8,66.2,69.1,65.4,77.5,70.6,19,23.2,51275,38845,32134,28639,36243,18768,98.5,38.4,60,0.1,0.1,0,0,1.5,0.1,7489,526,183,17,528,899,435,33,1329,25.9,22.1,29.7,18.3,10.6,25.8,19.2,12.1,26.2,10.2,18.5,2,26.4,36.7,16.4,95
Mississippi,Coahoma County,45.5,44.5,46.7,57.4,57.6,57.3,9.5,10.9,7.9,8.7,9.5,7.8,63.7,72.1,79.4,74.5,62.2,30,37.5,44484,34130,26203,21916,35002,21839,97.3,20.5,75.6,0.4,0.5,0,0.4,2.7,1.7,8301,102,230,0,1337,710,220,6,2239,33.3,32.6,33.9,27,15.6,36.8,17.7,12.7,22,8.7,18,0.6,13.3,21,6.7,95
Mississippi,Copiah County,48.3,42.2,55.3,64.2,57.9,70.7,5.8,4.5,6.9,5.9,4.5,7,60.7,81.5,67.8,72.5,76.1,14.6,22.1,64867,50718,33310,28325,41382,28453,97.7,44.1,51.3,0,0.2,0,2.1,2.3,3.5,9711,594,329,0,805,1109,986,65,1809,27.2,19.6,36,20,15.4,25.3,21.8,17.6,26.6,8.6,14.8,1.3,22.5,32.6,10.8,100
Mississippi,Covington County,52.2,50.1,54.3,66.9,66.1,67.8,6.1,4.6,7.4,5,1.5,8.2,67.8,85.4,71.1,50.5,73.9,23,22.7,51909,43854,29446,27420,35271,18491,98.5,61.7,36.1,0.4,0.1,0.1,0.2,1.5,2.5,6831,454,301,91,442,1184,591,434,644,29.9,18.3,41.9,14.2,9.4,19.2,20,13.3,26.9,12,23.6,0,23.9,35.4,11.9,100
Mississippi,DeSoto County,64.6,59.3,70.4,77.9,72.8,83.5,4.3,5.1,3.5,3.8,4.5,3,76.3,68.8,80.4,70.3,86.6,7.3,9.6,91446,80071,43986,37216,49772,183220,96.6,63.1,29.5,0.1,1.3,0,2.5,3.4,5.2,67024,5108,2919,75,3399,14382,5759,688,7947,35.8,27.5,44.7,14.6,13,16.4,22.1,15.2,29.5,9,17,0.4,18.5,27.3,9.1,100
Mississippi,Forrest County,57.6,54.5,61.3,68.6,65,72.8,7,6,8,7,6.1,7.9,69.4,91.3,77.7,73.5,79.6,17.9,23,60403,49900,27293,23361,31976,77743,96.9,58.6,36.7,0.2,0.9,0.2,0.4,3.1,3.1,28867,2200,565,163,2758,4283,1491,406,3900,34.1,27.4,40.7,18.6,17.8,19.4,24.3,15.8,32.7,7.8,15.3,0.5,15.2,23.7,6.8,100
Mississippi,Franklin County,43.4,41,46,55.3,56.1,54.3,2.3,2.1,2.5,2.2,2.2,2.2,57.4,36,67,80,55.5,23.9,22.9,50479,44122,35826,28796,43222,7705,98.7,62.4,35.8,0.2,0,0,0.4,1.3,0,3072,110,31,32,234,394,122,85,566,33.4,21.3,46.2,16.5,11.4,21.8,16.7,7.9,26,13.3,25.9,0,20.1,33.6,6,95
Mississippi,George County,44.3,40.4,48,55.5,51.8,58.8,11.4,12.5,10.5,11.5,12.8,10.4,59.4,67.3,63.2,48.7,65.9,15.7,21.1,62071,51650,36013,22591,45945,24260,97.9,88.9,8,0.2,0.7,0,0.1,2.1,3,8577,881,652,0,575,1435,1041,218,782,31.7,24.9,40,14.9,9.8,21.2,17.7,4.6,33.8,18.6,33.4,0.5,17.1,27.4,4.5,95
Mississippi,Greene County,27.2,34.4,22.7,32.6,46.2,25.3,14.2,15.4,13.2,13.3,12.5,14.2,52.7,62.8,80.1,30.3,29.4,10,15.3,67670,54043,36357,22457,46495,13653,98.5,72.6,25,0.2,0,0,0.6,1.5,1.7,3742,226,320,0,195,668,412,66,456,33.6,25.1,42.6,10.8,4.7,17.2,16,3.7,28.9,19.2,34.2,3.5,20.4,32.3,7.9,95
Mississippi,Grenada County,51.1,49.1,53.4,65.9,63.6,68.5,5.2,4.8,5.6,5,4.7,5.2,66.7,59.1,85.3,66.7,72.3,17.6,22.8,59231,44481,34016,25608,36873,21621,98.6,53,44.5,0.1,0.2,0,0.8,1.4,0.6,8631,359,267,23,808,955,473,198,1414,40.1,28,52.2,13.8,14.9,12.7,18,9,26.9,12.5,24.5,0.4,15.7,23.6,7.7,95
Mississippi,Hancock County,52.3,50.8,54,69,67.1,71.1,8,9,6.9,6.9,7.7,6.1,73.1,77.2,80.7,50.3,78,12.7,15.7,77672,63434,36459,29331,50275,45911,95.1,85.8,7,0.8,0.4,0,1.1,4.9,3.9,18864,855,365,67,1043,2481,422,249,2111,38.9,29.4,48.1,15.1,14.4,15.7,21.2,13.1,29,11.4,21.7,1.4,13.4,21.3,5.8,100
Mississippi,Harrison County,53.5,52.3,54.9,66.2,65.3,67,9.1,9.2,9,8.6,8.5,8.7,73.2,82.2,79.4,79.7,80,14.6,17.9,69299,56233,33721,28155,39834,207382,94.8,65.7,25.2,0.3,2.6,0.1,1,5.2,5.6,79064,5563,2218,474,5207,11813,3752,1313,11979,34.3,28.9,39.7,23.7,21.7,25.7,20.4,12,28.8,9.8,18.6,1.1,11.7,18.8,4.6,100
Mississippi,Hinds County,55.8,54.6,57.2,68.9,69,68.8,8.7,8.5,8.9,8.2,7.6,8.9,74.7,84,83.8,79.7,76.1,16.3,20.9,64762,50335,32355,29269,36912,230772,98.7,24.3,73,0.1,0.7,0,0.4,1.3,1.5,89891,4577,1803,383,8654,10352,3034,833,17980,35.7,27.5,42.9,20.4,18.4,22.2,20.2,12.3,27.2,7.3,15.1,0.5,16.4,26.7,7.1,100
Mississippi,Holmes County,37.8,39.5,35.9,48.5,51.9,44.6,12.8,9.6,16.5,12.7,9.9,16,57.7,79.9,74.3,71.4,53.1,34.3,39.2,36788,27204,24230,23563,25506,17243,99.7,15.1,84.3,0,0.2,0,0,0.3,0.3,5674,142,8,16,876,458,150,79,1643,24.1,21.1,26.4,20.3,13.3,25.8,14.7,4.6,22.6,10.6,18.1,4.7,30.4,42.9,20.5,100
Mississippi,Humphreys County,43.9,40.2,48.2,55.4,52.2,59.3,13.7,13.7,13.7,13.7,13.8,13.7,60.6,92.4,77.8,90.1,68.6,27.2,35.4,34882,33056,23094,18807,27980,7916,99.4,20.1,78,0.1,0.3,0.2,0.7,0.6,0.9,2941,9,10,27,372,85,160,48,850,27.2,21,33.6,22,16.9,27.2,15.9,12.7,19.2,12.3,21.9,2.4,22.6,27.4,17.6,95
Mississippi,Issaquena County,17.6,20.9,16.1,22.4,32,18.8,8.8,14.3,5.2,9.2,14.3,5.6,37.4,59.1,50,21.1,19.9,13.4,21.1,64651,18649,24147,22915,30494,1111,98.8,32.9,63.7,0,0,0,2.2,1.2,2.9,378,0,38,0,9,22,13,0,28,22.2,10.9,40.9,23.3,20.9,27.3,15.3,5.5,31.8,25.6,40.9,0,13.6,21.8,0,95
Mississippi,Itawamba County,54.6,49.7,59.8,69.8,65.2,74.2,2.8,3,2.7,2.7,3.2,2.3,67.4,80.7,78.3,87,76.7,5.6,9.9,70198,58326,35544,29988,42301,23863,98.9,90.8,7,0.2,0.3,0,0.7,1.1,1.8,8709,775,125,61,160,1697,378,114,776,26,22.1,30.4,16.4,8.4,25.5,20.3,10.6,31.6,12.2,22.1,0.8,25.1,36.8,11.7,95
Mississippi,Jackson County,53.6,50,57.4,67.4,63.9,71,8.9,9.2,8.6,7.4,7.7,7.2,69.5,64.2,80,57.6,79,11.5,15.2,77398,60067,37400,29754,45623,142993,96.8,69.9,20.7,0.3,2.4,0.1,3.4,3.2,6.9,54183,2846,1936,258,3327,8927,3705,815,6591,35.1,29.7,41,17.7,14.4,21.4,21.3,13.9,29.3,12,21.7,1.5,13.8,20.2,6.9,100
Mississippi,Jasper County,48.8,46,51.7,65.1,61,69.4,4.3,6.5,2.1,4.5,7.1,1.8,66.6,99,62.8,71.6,70.7,15.3,19.5,60425,43591,34913,27347,44289,16406,99.2,44.3,54.2,0,0,0,0.6,0.8,0.9,6319,190,89,0,691,614,370,17,905,26.2,24.5,28.1,16.9,8.1,26.3,17.4,5.4,30.2,10.4,19.2,1,29,42.7,14.3,95
Mississippi,Jefferson County,38.5,43.7,32.8,45.7,56.9,35,8.8,6.4,12.2,8.8,6.1,12.7,60.6,80.2,83.7,10.2,40.1,26.2,30.1,50127,31833,25426,23937,27973,7286,97.2,13,83.3,0.3,0.4,0,0.2,2.8,5.4,2412,0,0,0,265,57,0,9,752,35.4,17.9,47.4,29.4,29.4,29.3,10.3,4.1,14.5,10.8,26.1,0.2,14.2,22.5,8.5,95
Mississippi,Jefferson Davis County,47.8,47.1,48.6,62.9,64,61.7,8.5,8.8,8.3,8.4,8.9,7.7,70.3,54.1,72.8,83.7,66.8,16.4,21.8,57416,37900,27132,28889,25941,11372,99.2,37.5,61.6,0,0.1,0,0,0.8,0.1,4305,137,91,61,386,443,130,52,526,24.6,11.4,36.5,14.1,11.1,16.9,20.2,8.3,31.1,13,24.7,2.4,28.1,44.4,13.1,95
Mississippi,Jones County,53.1,45.1,61.7,68,59.4,76.8,3.6,3.1,4.1,3,1.8,3.8,60.5,65.7,70,64.3,79.9,15.7,21.7,63028,47588,34518,27589,39935,67374,98.5,67.7,29.5,0.3,0.3,0.1,0.6,1.5,4.7,24087,2204,980,139,1710,3753,2282,247,4301,30.2,23.3,39.1,14,12.8,15.5,22.3,14.1,32.6,13.4,23.4,0.7,20.1,26.3,12.2,95
Mississippi,Kemper County,45.9,45.4,46.4,58.9,63.8,54.5,12.1,15.2,8.9,11.8,13.6,9.9,73.8,61.2,74.8,68.5,60.4,21.7,25.3,48177,41057,27337,21131,28895,9211,99.8,33.6,62.1,3.9,0.1,0,0.1,0.2,0.4,3196,45,172,0,209,235,0,0,649,34.1,42.1,26.3,20.1,11.5,28.6,16,6.1,25.9,5,10.1,0,24.7,30.2,19.3,95
Mississippi,Lafayette County,57,54.7,59.5,70.1,69.2,71,2.6,3.7,1.4,2.6,3.8,1.4,72,84.5,79.2,71.1,72.1,11.2,20.6,74074,59645,28724,23568,34865,55727,97.7,70.6,23.4,0.2,1.9,0,1.6,2.3,2.6,18970,1561,491,341,686,2842,1273,153,2138,42.4,37.5,47.4,18.5,18.6,18.3,23,19.3,26.8,5.5,10.4,0.5,10.6,14.1,6.9,95
Mississippi,Lamar County,58.4,55,62.2,71.4,66.6,76.7,7.1,6.6,7.7,6.8,6.4,7.3,72.1,65.3,75.6,66.8,84.8,11.9,17.6,85842,69678,40952,30322,51711,63610,97.6,75.1,20.6,0.1,1.2,0,0.7,2.4,3,24929,2003,1817,10,881,4340,2389,333,2013,41.3,36.8,45.8,13.9,12.3,15.6,23.9,14.9,33.1,7.6,14.6,0.5,13.3,21.4,5,100
Mississippi,Lauderdale County,51.2,51,51.4,65,66.9,63,4.7,4.8,4.6,4.6,4.5,4.7,70.5,67.3,78.7,70.7,69.7,19,23.8,61531,47198,32647,26509,37954,73756,98.4,53.1,43.7,0.2,0.7,0,0.7,1.6,2.4,28452,1041,854,18,2845,3995,1143,397,4664,37,28.3,45.1,19.5,17.9,21.1,20.9,13,28.3,9.2,18.9,0.2,13.3,21.9,5.4,95
Mississippi,Lawrence County,44.6,33.6,56.3,57.4,44.3,71.3,12.5,18.3,8.3,12.6,17.4,9.1,53.7,86.7,60,37.4,78.4,13.3,21,57690,42993,37977,28361,43286,12055,98.4,64.5,32.6,0.3,0.2,0,0.8,1.6,0.8,4439,321,204,40,198,534,556,18,668,28.4,22.2,38.1,15.5,10,24,18.3,8.9,32.9,15.3,24.2,1.3,22.6,34.6,3.7,95
Mississippi,Leake County,48.2,45,51.6,61.7,59.2,64.2,7.7,9.4,6,7,8.9,5.1,65,78.1,64.8,92.4,68.2,17.5,22.7,55621,43229,32852,26302,37966,21452,98.3,47.8,41.8,5.7,0.6,0,2.3,1.7,4.9,7424,485,136,74,682,879,241,70,1714,22.7,14,32.1,21,17.6,24.8,16.6,10.4,23.4,17.3,30.4,3.1,22.4,27.6,16.7,95
Mississippi,Lee County,59.4,54.1,65.4,73.6,68.7,79,5.2,5.7,4.7,4.7,5.7,3.8,72.8,76.8,79.4,68.3,83.1,9.5,13.4,81322,66172,37941,32181,46146,83388,98.2,65.2,29.8,0.2,1,0.2,1.9,1.8,2.9,31674,2516,1205,62,2029,6236,2195,120,3736,35.6,29,42.8,12.3,10.5,14.2,22.8,16,30.3,8,14.6,0.9,21.3,30,11.9,95
Mississippi,Leflore County,45.9,46,45.7,58.2,59.3,56.9,11.9,7.7,16.5,10.1,6.5,14.2,63.7,79.6,65.5,57.5,66.3,25.7,31.6,40641,32898,27421,24594,33157,28555,99,21.7,74.7,0,0.4,0,2.2,1,2.8,9534,479,125,46,1370,815,323,136,3022,27.1,24.1,29.6,21.4,15.5,26.4,22.3,14.8,28.6,6.7,14.6,0,22.5,30.9,15.4,95
Mississippi,Lincoln County,49.3,44.8,54.3,63.4,57.5,69.9,5.3,4.9,5.7,4.6,4.8,4.4,60.4,49.6,71.2,67.4,73.1,16.6,20,66647,47879,35578,30021,45201,34910,98.8,67.7,30.6,0,0.5,0,0,1.2,1.3,12949,785,498,34,771,1904,1133,156,1796,35.3,25,46.4,15.6,9.6,22.2,17.3,12,23.1,12.9,24,0.9,18.9,29.5,7.4,95
Mississippi,Lowndes County,51.7,48.8,54.9,64.1,62.5,65.8,8.1,9.7,6.4,8.7,10.2,7.1,69.8,71.5,81.3,85.6,77.5,15.9,19.7,76260,54129,36658,29700,46039,58904,97.9,51.8,44.5,0.1,0.9,0,0.5,2.1,2.1,22315,1689,584,29,1710,2829,948,201,3986,32.1,23.4,40.7,15.2,10.7,19.7,20.8,10.9,30.6,12.5,24.3,0.8,19.4,30.7,8.2,95
Mississippi,Madison County,63.9,60,68.1,77.5,73.4,82,3.8,4,3.6,3.2,3.7,2.7,76.2,69.5,83.4,71.5,84.4,7.5,10.2,103301,81410,46998,37281,58029,108248,98.4,56.7,37.8,0,2.7,0,1.2,1.6,3.1,41805,3687,1966,207,1761,8145,3005,418,5357,49.3,44.7,54.1,12.1,9.5,14.8,20.1,15.6,24.7,6.9,13.1,0.5,11.7,17.2,5.9,100
Mississippi,Marion County,44.2,41,47.7,57.1,54.3,59.9,9.1,8.2,9.9,8.7,7.5,9.7,59.1,66.9,70.3,50.3,66.3,19.7,24.4,49425,37372,31939,27331,41869,24609,99.1,64.3,32.8,0.2,0.2,0.1,1.5,0.9,1.7,9175,257,364,77,933,857,935,210,1418,25.8,21.5,30.5,12.7,5.6,20.3,21.5,8.9,35,20.9,40.2,0.3,19,23.7,14,95
Mississippi,Marshall County,50.2,47.5,52.9,61.7,61.2,62.1,5.9,3.4,8.1,6.4,3.5,9,63.4,85.6,69,45,68.2,16.3,20.6,59479,46835,32471,29049,36758,34031,97.9,48.6,46.4,0.5,0,0,2.3,2.1,4.1,12542,697,186,0,1239,906,687,127,1666,22,16.9,27.7,15.6,9.9,21.8,20.3,11.9,29.7,15.6,29.6,0,26.5,31.7,20.8,100
Mississippi,Monroe County,49.8,45.2,54.9,64.9,59,71.1,6.3,6.3,6.3,6.5,6.6,6.4,63.1,73.1,76.2,61.9,76.1,13.1,17.3,68318,51615,37613,29847,48113,34448,98.7,67.9,30.4,0,0.4,0,0,1.3,1.4,13465,672,509,38,733,2306,631,38,1468,26.7,17.2,37.2,15.5,11.7,19.7,19.7,9.7,30.6,10.5,19.5,0.5,27.6,41.9,12,95
Mississippi,Montgomery County,44.9,40.7,49.8,61.8,56.9,66.9,8.8,9.2,8.3,9.7,10.6,8.9,63.6,58.8,62.2,46.5,73.4,18.7,25.5,47545,39134,28710,23834,33230,9948,96.9,52.1,43.9,0,0,0,0.9,3.1,1,3802,171,156,10,324,345,228,64,769,30.2,20.8,39.9,21,16.5,25.6,15.4,9.7,21.3,10.4,20.4,0,23,32.6,13.2,95
Mississippi,Neshoba County,50.1,48.7,51.6,63,60.9,65.3,9.2,7.4,11,8,6.5,9.6,65.2,79.1,77.9,49,73,18.6,25.8,55047,47323,30891,24077,37862,29153,97.7,57.9,22.6,16.4,0.6,0,0.1,2.3,0.3,10024,620,244,8,1180,1586,589,150,2175,27.9,21.7,33.7,25.1,19.7,30.3,18.7,10.1,26.9,10.4,20.7,0.7,17.9,27.7,8.4,95
Mississippi,Newton County,49.4,45.8,53.3,62.5,59.3,65.8,5.4,6.5,4.3,5.5,6.3,4.8,63.3,71,79.6,69.4,71.3,17.7,24.1,61284,48538,34505,28341,41240,21385,97.7,59.7,31.1,4.3,0.4,0,2.2,2.3,2.1,7533,537,146,23,687,1387,268,242,1203,34.9,29,41.2,9.8,6,13.8,17.4,7.5,27.8,8.9,16.8,0.5,29.1,40.7,16.6,95
Mississippi,Noxubee County,45.8,41.5,50.9,58.2,53.6,63.6,10.3,16.3,3.5,11,17.1,3.9,64.7,61.9,84.1,54.1,66.1,25.1,28,47522,42509,26326,22467,35839,10410,99.2,25.7,73,0.3,0,0,0.1,0.8,0.2,3657,47,156,24,633,156,240,70,1065,18.8,10,27.7,21.5,21,21.9,15.5,5,26.1,11.4,17,5.7,32.9,47,18.6,95
Mississippi,Oktibbeha County,51.6,47.4,55.9,64,59.9,67.9,7.5,7.7,7.3,6.8,7,6.6,64.5,73.4,79,70.2,72.8,14.2,27.7,72093,44792,23242,19873,26318,51339,97.3,56.4,36.4,0.6,3.2,0.1,0.6,2.7,1.8,21011,1355,835,167,429,2480,608,372,1947,44,41.8,46.6,16.4,14.2,18.9,20.7,15.8,26.2,5.3,9,1,13.7,19.2,7.3,95
Mississippi,Panola County,45.4,44.5,46.3,57.8,57.8,57.9,7.5,4.2,10.7,7,4.4,9.6,60.4,62,70.2,81.2,64.6,14.5,22,59098,43244,31285,27936,35726,33300,98.1,48.1,48.7,0.3,0.3,0.4,0.3,1.9,2,12114,490,581,0,1267,2210,431,15,2205,28.3,21.4,34.8,17.6,13.5,21.4,20,9.7,29.8,12.2,24.3,0.8,21.8,31,13.2,95
Mississippi,Pearl River County,50.7,43.5,58.3,65.3,57,73.8,6.4,8,5.1,5.7,8.1,3.6,62,68.4,78.4,60.3,76.6,11.7,14.5,73804,58702,34465,22846,45702,55972,97.1,82.5,12.8,0.6,0.3,0,0.9,2.9,3.3,20465,1242,859,29,1186,3104,1660,166,2261,31.7,24.5,41.1,17.9,14.7,22.1,19.1,11.2,29.3,12.4,21.9,0.2,18.8,27.8,7.3,95
Mississippi,Perry County,41.8,35.2,48.5,54.1,45.3,63.1,9.6,12,7.9,8.9,12.9,5.8,52.1,74.7,52.2,72.6,72.8,17.7,21.4,56079,51631,33821,18701,44532,11611,95.5,80,13.8,0,1.3,0,0.3,4.5,5.6,4371,345,87,0,173,421,191,0,837,18.7,12.8,26.8,25.3,12.4,42.9,15.8,10.9,22.6,12.7,21.9,0,27.5,42,7.8,100
Mississippi,Pike County,47.2,46.4,48.1,59.5,57.8,61.3,6.5,6.1,7,6.2,6,6.4,61.5,75.7,72,43.1,65.5,27.5,31.8,50588,39576,28640,21526,36543,40262,98.8,43,54.1,0.4,0.5,0,0.7,1.2,1.6,14838,776,322,21,1639,2086,312,314,3386,29.5,16.6,41.2,17.8,14.4,21,17.3,11.1,22.9,9.5,18.2,1.5,25.9,39.6,13.4,95
Mississippi,Pontotoc County,58.3,52.4,64.6,73.6,67.6,79.7,2.7,2,3.2,2.6,2.2,3.1,69.1,75,71.8,79.3,82.2,11.4,14.5,70770,56844,37252,32922,41939,31136,97.2,75.9,15.5,0,0,0,5.8,2.8,7.3,11394,1314,382,78,732,1945,1168,188,1074,25.4,17.2,35,14.1,10.7,18,21.1,12.9,30.7,9.9,16.4,2.4,29.5,42.9,13.9,95
Mississippi,Prentiss County,52.9,46.8,59.4,68.4,63.2,73.5,4.1,5,3.3,3.3,3.2,3.3,65.3,80.1,70.3,82.5,76,10.9,16.5,68928,50595,36335,32969,39598,25022,97,82.1,11.4,0,2.3,0,1.2,3,1.5,9088,962,150,192,425,1272,485,225,847,26.2,15.4,38.7,14,11.5,16.8,21.3,19.3,23.6,9.1,15.5,1.6,29.5,38.2,19.3,95
Mississippi,Quitman County,41.2,40.8,41.6,50.9,50.6,51.2,15,8.6,21.3,16,9.2,22.4,55.7,82.4,72.5,78.2,66,26.7,34.8,42974,28103,25449,22745,30224,6327,98.5,25.4,72.9,0,0.1,0,0.1,1.5,0.5,2596,95,0,0,279,214,22,0,598,21.4,11.8,29.8,28.2,26,30.3,19.6,5.6,31.8,8.6,18.4,0,22.2,38.2,8.2,95
Mississippi,Rankin County,61.4,58.4,64.6,75.2,73.2,77.4,4.4,4.3,4.5,3.7,3.6,3.8,76,77.8,81.6,77,81.3,6.3,9.6,93696,78835,44728,37354,51387,156052,98.2,73.8,21.5,0.3,1.2,0,1.3,1.8,2.7,58297,4532,2197,246,2537,13245,3494,380,5179,41.6,34.7,48.5,13.9,11.2,16.6,24.2,18.7,29.9,10.3,19.8,0.6,10.1,15.6,4.4,100
Mississippi,Scott County,52.9,45.7,60.4,65.7,56,76.1,7.1,9.5,5.1,6.1,8.8,3.8,61.4,73.6,77.3,55.4,79.1,18.7,22.8,56392,46894,31659,27912,36393,28062,96.7,55,36.3,0.2,0.2,0,5,3.3,11.6,9776,717,223,276,918,1657,419,158,1721,24.8,21,29.5,14.3,9.9,19.8,20.2,8.4,35,14.4,25,1.2,26.2,35.7,14.4,95
Mississippi,Sharkey County,51.1,45.5,57.5,64.7,56.2,74.9,8.8,9.8,7.9,7.4,11.3,3.5,63.3,81,61.2,82.6,77.6,20.7,27.3,68731,42485,31660,29446,32820,4160,99.7,26.9,72.4,0,0,0.3,0.1,0.3,0.5,1364,22,17,23,190,143,60,3,425,21.3,14.8,28.7,20,22.2,17.5,26.3,11.9,42.2,14.5,27.5,0,18,23.6,11.6,95
Mississippi,Simpson County,48.1,44.2,52.5,62.4,58.5,66.7,6.8,6.8,6.9,6.8,6.9,6.7,62.9,60.6,72.2,62.8,71.8,15.4,19.2,59886,47788,32794,25510,40572,26064,99.1,61.3,36.7,0.1,0.7,0,0.3,0.9,0.4,9090,507,268,0,672,1421,872,14,1410,28.4,19.4,37.9,20.6,17.8,23.6,22.6,13.9,31.9,13.8,25.9,0.8,14.7,23,5.7,100
Mississippi,Smith County,46.9,39.2,55.3,63.1,56.8,69.3,4.5,2.9,5.6,4.7,3.1,6,58.6,73.4,60.1,61.7,73.8,11.8,15.6,70785,56453,41904,34477,52670,14483,99.2,74.4,23.9,0,0.4,0.3,0.1,0.8,0.9,5370,349,207,0,488,727,388,6,643,32.8,21.9,46.8,12.5,10.2,15.4,17.7,11,26.4,10.8,19.2,0,26.2,37.8,11.3,95
Mississippi,Stone County,48,44.9,51.1,60.8,55.7,65.8,7.4,8.4,6.6,7.7,8.1,7.4,61.4,67,58.9,67.3,71.1,16.1,18.5,70499,55380,29418,20695,42282,18356,95,78.3,16,0.1,0.6,0.1,0,5,2.2,6429,530,358,52,377,958,538,128,502,32.2,24.2,41.5,19.1,6.9,33.1,14.4,7.3,22.6,16.5,29.5,1.5,17.8,32.2,1.3,100
Mississippi,Sunflower County,40.2,48.7,33.1,47.7,62.2,37.1,11.3,12.4,10,11.6,12.6,10.4,71.2,83,77.4,78.7,41.4,24.2,31.3,50034,35543,26956,23964,30702,26295,99.4,23.5,75.6,0.2,0.1,0,0.1,0.6,0.3,8073,244,50,17,1167,819,156,18,2253,30.9,25.5,35.3,24.4,17.1,30.3,19.7,12,25.9,7.2,15.5,0.5,17.9,29.9,8.1,95
Mississippi,Tallahatchie County,43.9,40.5,46.3,54,54.1,54,13.2,14,12.6,13.1,12.8,13.3,62,94.3,67.3,82.9,62.3,23.7,29.1,39336,34318,33070,21135,39364,12917,99.1,34.6,61.5,0,0.3,0,2.6,0.9,3.2,4101,207,40,37,307,227,307,5,801,28.3,21.4,39,21.5,14.8,31.8,9.9,6.1,16,13.1,19.3,3.4,27.2,38.4,9.7,95
Mississippi,Tate County,53.3,51.2,55.5,65.3,60.1,71.1,7,6.7,7.2,7.9,8,7.7,65.3,59.8,61.5,57.6,77,12,15.3,69127,59775,35860,27467,44124,28123,97.6,66.9,30,0,0.1,0.1,0.4,2.4,2.8,10375,705,508,16,619,1371,915,62,1127,30.1,25.1,35,15.8,11.2,20.2,23.2,11,35.3,13.4,26.9,0.1,17.5,25.7,9.4,100
Mississippi,Tippah County,52.1,50.5,53.9,64.1,62.2,66.1,6.5,5.6,7.3,7,5.8,8.1,66.1,48.5,83.7,73,72,14.9,20.6,55828,45242,33336,23135,40052,21877,96.2,76.9,15.5,0,0.1,0,3.7,3.8,4.8,7854,417,245,110,217,1229,308,387,1262,23.1,20.3,25.8,12.2,6.9,17.5,18.8,8.6,28.9,11.7,21.2,2.3,34.2,43,25.4,95
Mississippi,Tishomingo County,48.3,42.2,55,65.7,58.4,73.4,4.6,5.9,3.4,3.5,4.1,3,60.9,54.8,77.7,59.4,75.6,12.3,20.8,64275,44029,33903,23686,44618,18945,95.9,92.8,2,0.3,0.4,0,0.4,4.1,3.4,8030,437,304,0,319,1290,482,138,581,27,20.1,35.4,14.2,10.7,18.5,17.2,9,27.1,11.7,20,1.6,29.8,40.2,17.4,95
Mississippi,Tunica County,55.1,50,61,68.5,62.5,75.5,13.1,13.3,12.9,13,12,13.9,71,90.7,87.1,59.1,87.7,23.3,32.4,47618,44882,28459,22193,32593,9949,99.3,18.6,79.9,0,0,0,0.8,0.7,1.8,3635,56,19,0,751,210,34,7,1201,17.7,13.1,22.6,35.5,27.2,44.4,19,14.6,23.6,5.6,10.8,0,22.3,34.4,9.4,100
Mississippi,Union County,57,54.1,60.2,70.2,68.8,71.8,5.2,5.1,5.3,5.3,5.2,5.4,72.5,92.8,79,86.8,76,8.6,12.3,70510,55092,36092,31547,40099,27775,98.2,77.8,15.6,0.3,0.3,0,4.2,1.8,4.5,9880,939,217,30,640,2331,345,191,1466,27.6,17.4,38.5,13.7,12.4,15,20.4,9.7,31.8,12.5,23.4,0.8,25.8,37.1,13.8,95
Mississippi,Walthall County,45.5,41,50.4,60,56.7,63.6,9.6,13.3,6.1,6.7,9.7,3.5,62.8,48.6,72.9,97.8,65.9,16.2,25.6,60563,37719,37120,34872,43613,13981,99,52.7,43.9,0.4,0.2,0,1.9,1,2.3,5353,660,33,0,316,910,278,172,581,31,15.7,48.4,11.5,11.8,11.2,14.4,7.6,22.1,19.8,32,6.1,23.3,33,12.3,95
Mississippi,Warren County,53.9,51.8,56.4,67.5,64.7,70.6,6.6,5.7,7.5,6.7,6.1,7.4,69.3,68.7,74.7,76.9,76.6,14,19,73208,55248,34736,31621,39969,45141,97.4,47.4,48.9,0.1,0.6,0,0.3,2.6,2.1,17091,952,412,25,1935,2130,984,224,2776,35.2,30.6,39.8,19.3,20.2,18.5,20,6.4,33.2,9.9,19.1,0.9,15.5,23.7,7.5,95
Mississippi,Washington County,49.1,45.7,53.1,61.8,59.8,64.2,9.9,10,9.8,9.2,9.7,8.7,66.2,80.4,63.3,76,70.5,23.2,30.4,53495,37495,31520,28016,36771,45616,99.1,24.9,72.1,0,0.8,0,1.3,0.9,1.7,17376,555,240,30,1806,1657,676,129,3536,30.6,21.7,39.2,18.6,14.9,22.2,22.5,13.6,31.2,8.5,16.6,0.7,19.8,33.2,6.8,95
Mississippi,Wayne County,50.9,46.3,55.9,64.8,61,69,7.1,10.4,3.8,7,9.4,4.4,67.3,63.3,70.2,70.8,72.2,11,18,59294,37895,33056,24830,45028,19824,97,57.2,38.5,0,0.1,0,1.2,3,3.6,7518,371,263,0,635,955,451,0,1194,33.8,27.3,40.9,15.6,9.4,22.4,19.1,9.8,29.5,11.7,21.1,1.1,19.9,32.3,6,95
Mississippi,Webster County,50.9,44.7,57.5,65.3,57.6,73.3,7.6,9.4,6.1,5.3,4.6,5.9,60.4,71.9,68.7,43.6,77.9,13.4,16.5,74056,58166,37746,29294,45962,9938,99.2,79,19.2,0.1,0.5,0,0.4,0.8,1.5,3941,432,130,3,74,668,285,58,524,29.7,19.5,42.1,19.5,12.2,28.4,19.9,13.6,27.6,13,23.2,0.6,17.9,31.5,1.3,95
Mississippi,Wilkinson County,41.4,45.8,37.8,52.6,63.1,45.1,6.7,7.9,5.3,6.4,7.1,5.6,68,76.1,83.5,66.7,47.8,17.9,21.4,45039,34239,30508,28364,38108,8706,99.2,28.3,69.1,0,0,0,1.7,0.8,1,3316,249,0,0,353,224,0,19,785,22.6,16.4,28.6,23.8,12.9,34.5,20.8,5.4,36,22.8,46,0,10,19.3,0.9,95
Mississippi,Winston County,46.2,42.1,50.4,59.6,57.3,61.9,8,8.9,7.2,8,8,8,62.3,98.4,78.8,90.1,67.5,18.9,25.4,54017,43300,30872,25623,35203,17846,98.8,50.1,47.6,1,0.1,0,0,1.2,1.4,6841,336,4,10,592,1102,156,30,1306,25.3,16,35.9,18.6,14.1,23.7,20.5,11.7,30.5,11.7,21.9,0.1,24,36.4,9.8,95
Mississippi,Yalobusha County,51.9,46.7,57.7,66.5,61.2,72.1,4.7,5.9,3.6,4.9,6.4,3.6,66.7,93.5,64.9,60.3,74.8,15.1,21.9,56147,48339,30167,23377,38657,12586,98.1,59.8,37.6,0.4,0.1,0,0.2,1.9,2,5099,214,48,14,460,535,237,122,819,22,15.4,29.4,18.9,12.3,26.3,19.2,9.6,29.8,12.9,24.3,0.3,26.9,38.3,14.2,95
Mississippi,Yazoo County,38.3,46.8,32.8,43.7,60,34.8,9.2,11,7.6,9,10.2,7.9,66.9,72.2,84.1,87.8,37.8,16.9,27,53694,43640,25007,24689,25986,27924,97.4,37.4,59.3,0.4,0,0,0.4,2.6,5.1,8645,325,56,150,628,1555,141,117,1822,29.6,25.1,34.6,23.2,21,25.5,15.5,6.7,25.2,11.5,19.3,3,20.2,27.9,11.7,100
Montana,Beaverhead County,54.9,55,54.8,73.3,73.1,73.5,2.5,1.8,3.1,2.1,1.7,2.6,74.4,61.8,75.2,70.8,75.4,8.3,16.5,81800,55642,28169,24443,33265,9391,96.7,93.5,0.9,1.2,0.1,0.1,0.9,3.3,5.4,3984,204,116,11,48,498,269,5,240,34.8,34.4,35.2,16,10.6,21.2,22.7,9.2,36,14.8,28.3,1.6,11.8,17.5,6.1,179.12
Montana,Big Horn County,51.5,51,52,61.4,61.3,61.5,13.5,10.4,16.6,12,11.1,12.9,68.9,64.9,75,66,70.6,21.8,28.6,62153,54108,29583,29880,28950,13198,95.1,28.3,0,66.4,0.2,0,0.2,4.9,6,3534,307,107,81,542,935,283,266,786,38.4,29.4,47,22.5,23.6,21.4,17.5,7.3,27.2,12.2,23.4,1.6,9.3,16.3,2.7,183.16
Montana,Blaine County,50.2,48.6,51.8,60.2,60.5,60,13.2,12,14.4,13.7,12.3,15.2,69,73.3,71.6,78.6,70.7,21.2,25.8,68245,55423,31941,29328,34688,7051,97.5,43.7,0.8,52.6,0.1,0,0.4,2.5,3.7,2248,280,31,19,231,548,78,84,215,48.1,39.2,57.3,10.7,10.6,10.8,21.1,16.1,26.4,14.3,25.2,2.9,5.8,9,2.5,178.29
Montana,Broadwater County,54.6,46.6,61.8,74.5,62.4,85,8.3,9.1,7.7,6.6,8.4,5.4,68.1,52.1,71.7,37.3,90.3,4.2,6.9,77078,65666,35992,30537,39272,6641,96.5,95.4,0,0.8,0,0,0.3,3.5,3.2,2757,136,164,0,13,398,282,48,144,31.9,23.8,43.8,15.1,10.7,21.6,19.4,13.7,27.8,17.4,29.3,0,16.2,22.6,6.7,186
Montana,Carbon County,59.1,54.5,63.5,75.7,70.7,80.4,4.6,6.1,3.3,4.9,6.6,3.5,75.7,72.8,86.3,90.2,83.8,6.4,9.7,89470,68864,33714,27125,43475,10488,98,95.5,0.7,0.6,0.4,0.1,0.6,2,2.7,4512,221,137,37,60,821,104,36,321,39.1,37,41.8,17.6,10.6,26.2,16.3,9.3,24.9,14.4,23.8,2.8,12.6,19.4,4.3,189.49
Montana,Carter County,58.7,48.1,68.6,75,60.5,88.9,3,5.7,1.2,3.8,7.2,1.5,65.2,88.5,67.5,44.4,90.3,10.6,14.9,60923,45177,29683,23206,34125,1349,96.8,96.4,0,0.4,0,0,0,3.2,0.3,618,41,39,0,6,39,71,0,25,58.5,65.9,47.2,8.8,3.4,17,11.3,4.9,21.1,16.2,19.4,11.3,5.2,6.4,3.4,179.3
Montana,Cascade County,57.2,56.2,58.3,71.2,70.4,72,3.4,2.8,4,3.4,2.5,4.2,73.6,68.5,85.2,69,82.9,8.2,12.9,80003,61451,37156,30656,42747,84178,94.2,86,1.5,4,0.9,0,1.8,5.8,4.9,34194,2479,1946,104,1116,5576,2018,204,2547,35.3,29.5,41.5,18.8,13.8,24.1,22.9,17.5,28.6,11.2,20.7,1.3,11.7,18.6,4.5,185.48
Montana,Chouteau County,54,48.7,59.1,68.4,62.9,73.8,5.3,7.5,3.3,4.8,6.6,3.2,67.4,66.9,83.2,60.9,77.2,12,14.6,69147,52578,30880,23318,34429,5896,96.8,77.2,0.1,19.2,0.2,0,0.2,3.2,1,2201,125,177,7,40,446,160,6,100,42.8,46.2,38.6,15.7,5.9,28,15.2,8.4,23.8,14.7,23.6,3.5,11.6,15.9,6.2,176.99
Montana,Custer County,63,62.8,63.2,77.6,81.1,74.3,3.9,2,5.8,2.9,1.7,4.1,82.4,90.6,90.6,69.4,77.5,7.8,12.3,83711,60414,37342,34069,41853,11968,95.9,92.4,0.8,0.8,0.3,0.3,1.3,4.1,3.6,4872,380,110,6,122,898,197,89,274,36,25.4,46.5,17.4,13.8,21,23.5,17.9,29.1,12.7,24.2,1.3,10.4,18.7,2.1,197.63
Montana,Daniels County,60,48.7,71.1,83.5,74.8,91,2.1,4.2,0.6,2.5,5,0.7,78.7,73.8,87.8,100,91.7,8.2,10.5,80388,59647,35481,27420,41602,1739,96.5,93,0,2.5,0.9,0,0.2,3.5,1.7,784,50,24,0,6,142,46,0,35,35.5,34.8,36.4,14,10.1,19.7,20.8,13.6,31.5,20.5,32.3,2.9,9.3,9.1,9.5,170.21
Montana,Dawson County,63,55.5,69.5,76.6,69.8,82.4,3.6,6.2,1.7,3.9,6.8,1.8,74.8,72.4,85.5,92.4,83.8,4.8,9,79922,62876,34300,26686,37436,9003,98.1,95.1,1,1.7,0.1,0,0.3,1.9,3.1,3893,363,134,0,40,867,75,7,212,40.7,33.5,50.9,17,14.4,20.7,13.2,8,20.8,16.6,27.5,0.9,12.6,16.7,6.7,186.85
Montana,Deer Lodge County,49.5,52.3,47.1,64,68,60.1,4.4,4.4,4.4,4.4,4.9,3.8,71.5,80.6,90.9,47.4,62.5,17.7,22.7,60863,48842,27469,27591,27371,9380,95.5,91.9,0.9,1.5,0.7,0.1,0.4,4.5,3.8,4161,106,60,16,133,281,81,46,253,31.8,20.7,42.9,29.6,32.3,26.9,17.4,9.8,25,10.8,19,2.6,10.4,18.3,2.5,171.72
Montana,Fallon County,69.3,55.8,83.2,80,67.4,91.5,0,0,0,0,0,0,67.4,29.3,96.6,85.7,91.5,8.7,12.8,116060,91288,45708,27250,67422,3074,97.6,93.5,0,3.5,0,0,0.5,2.4,1,1184,84,149,0,38,438,17,0,23,28.5,30.2,26.1,13.8,3.9,28.2,17.7,7.2,32.8,27.7,43.2,5.2,12.3,15.5,7.6,195.34
Montana,Fergus County,60.7,52.4,68.3,79.4,71.3,86.8,2.2,3.7,1.2,2.3,3.5,1.4,73.9,75.2,89,89.7,88,7.3,14.3,80743,57706,33537,27215,40243,11464,98.1,93.3,0.6,1.2,2.4,0,0.6,1.9,0.9,5208,286,160,35,158,566,200,84,446,33.5,28,41.4,16.2,14.5,18.7,21.1,14,31.2,19.2,29,5.1,10,14.5,3.6,178.46
Montana,Flathead County,60.6,57.1,64.2,75.7,71.1,80.4,3.4,2.6,4.1,3.2,2.5,3.9,72.9,68.2,80.4,63.3,83.8,5.6,9.2,82384,69304,35395,29435,44234,103400,95.6,92.7,0.4,1.1,0.8,0,0.5,4.4,3.1,40780,2767,2265,58,871,7898,3035,506,2075,36.1,33.8,38.6,19,14.3,24.2,22.3,14.1,31.4,11.9,21.7,1,10.7,16,4.7,190.48
Montana,Gallatin County,69.6,65.1,73.7,82.1,78.1,85.7,2.1,2.5,1.8,1.6,1.8,1.4,79.7,76.7,81.4,51.5,86.9,4,10.4,106972,83067,37194,29882,44964,116725,95.9,92.1,0.4,0.9,1.3,0,1.1,4.1,4.1,46378,3450,2617,126,831,7696,3883,519,2000,43.5,41.9,45.6,16.8,13.5,20.8,18.6,12.9,25.7,10.9,18.1,2,10.2,13.7,5.9,206.78
Montana,Garfield County,73,67.8,78.7,84.3,82.9,85.8,0,0,0,0,0,0,82.9,48.6,89.1,64.3,85.8,6.5,8.3,82693,59950,36592,31610,42822,972,99.4,99,0.4,0,0,0,0,0.6,0,404,25,27,18,0,82,19,0,21,52.7,55.5,49.6,9.9,8.6,11.3,15.9,5.1,27.4,10.2,17.8,2.2,11.3,13,9.5,178.07
Montana,Glacier County,52,47.9,56.3,63,58.7,67.3,8,9.3,6.9,7.4,9.3,5.7,64.8,75.9,74.7,41.6,71.4,20.4,28,56736,42991,34858,33862,36390,13827,97.3,30.8,0.3,63.3,0.6,0.3,2.1,2.7,3.6,4005,363,162,21,430,604,417,50,919,38.6,31.2,47.2,25.4,31,19,18.8,9.9,29,7.9,13.3,1.6,9.3,14.6,3.2,171.26
Montana,Golden Valley County,54.2,49.4,59.2,72.3,61.6,83.7,1.6,1.1,1.9,1.8,1.4,2.2,62.4,33.3,56.5,60,85.6,8.1,15.1,64233,50802,23974,16123,37014,820,88.8,86.5,1.1,0.7,0,0,0.5,11.2,8.9,349,15,12,3,2,46,30,7,2,29.1,28.1,30.3,23.6,7.4,42.1,9.4,4.4,15.2,22.8,36,7.9,15,24.1,4.5,191.51
Montana,Granite County,46.4,50.6,42.4,66.2,73.7,58.9,3.7,3.8,3.6,2.9,1.5,4.5,74.8,100,63.5,94.1,61.7,8.2,12,71175,53494,27830,27889,27664,3333,96.6,95.3,0.2,0.7,0.4,0,0,3.4,4.1,1337,152,3,11,25,131,89,85,54,37.9,29.4,45.5,27.5,24.6,30.2,13.6,8.1,18.5,12,24.6,0.9,8.9,13.3,5.1,176.9
Montana,Hill County,60.1,57.3,62.9,72.6,71.3,73.8,4.4,4.4,4.4,4.1,4.1,4,74.3,81.5,87,63.1,77,11.8,14.7,75954,61956,36457,29413,43982,16297,96.3,69,0.6,24.2,0.5,0,2,3.7,4,6243,493,163,59,389,1304,235,54,797,34.2,28.7,40.5,19.1,14.5,24.3,18.8,10.1,28.5,11.8,20.5,2.1,16,26.2,4.6,176.05
Montana,Jefferson County,55.3,52.9,57.6,70.5,67.6,73.5,3.3,2.9,3.8,3,2.4,3.5,69.3,62.7,82.9,77,76.3,2.9,5.6,97677,79025,38302,29622,50221,12057,95.6,93.4,0.4,1.2,0.1,0,0.4,4.4,2.8,4604,368,108,5,42,1108,164,59,269,47,39.8,55.2,14.3,10.7,18.4,16.9,10.9,23.7,12.5,23.2,0.5,9.2,15.5,2.2,195.38
Montana,Judith Basin County,57.5,55.5,59.1,72.3,70.1,74.1,3,2.9,3.1,2.9,2.7,3.1,72.1,52.9,80.2,51.5,76.4,11.2,18.1,73186,56343,33435,26940,41386,2004,98,91.9,0,1.9,0,0,4.2,2,5.7,879,40,48,0,40,109,98,0,122,47.1,50.1,43.3,17.1,7.9,28.9,13,7,20.8,17.5,26.5,5.9,5.3,8.5,1.2,175.18
Montana,Lake County,53.2,50.8,55.6,69,65.5,72.6,6.1,4.3,7.7,5.6,3.7,7.3,68,47.4,75.6,74.9,78.5,12.5,19.1,71380,57938,30669,24200,36158,31030,90.2,65.4,0.4,22.7,0.6,0.2,0.9,9.8,4.5,11756,599,484,70,587,1814,897,113,1086,36.3,30.8,42.1,22.5,20.2,25,20.4,12.6,28.6,10.5,19,1.6,10.3,17.4,2.8,189.55
Montana,Lewis and Clark County,63.4,60.2,66.6,80.5,78.1,82.8,3.5,3.6,3.4,2.9,3.2,2.7,80.9,80.7,84.9,67.4,86.1,5.7,8.5,100275,72470,41729,36262,46895,70340,95.6,92.6,0.5,1.1,0.6,0,0.7,4.4,3.6,30011,2618,991,102,789,4769,1125,298,2573,48.1,42.5,54,16,15.3,16.9,18.9,12.5,25.8,7.8,14.7,0.4,9.2,15,3,187.49
Montana,Liberty County,60.5,54.3,69.3,74.4,65.8,87.4,0,0,0,0,0,0,65.8,2.3,84,31.3,87.4,17.8,22.2,55432,50693,43892,36368,53527,2026,99.8,99,0,0.2,0,0,0.5,0.2,0.8,765,19,53,0,41,170,68,1,111,44,57.1,32,18.2,5.9,29.5,12.1,5.2,18.4,16.6,18.7,14.7,9.1,13.1,5.4,179.87
Montana,Lincoln County,43,40.7,45.4,60.7,55.9,65.6,7.3,4.6,9.6,7.3,4.1,10,58.3,44.2,69.6,39.6,73,9.7,16.6,57603,45695,32711,27712,39360,19674,96.1,93.2,0.1,1.4,0.3,0.3,0.7,3.9,3.4,8458,245,535,18,161,1007,251,98,646,30.2,26,34.9,20.4,15.2,26.3,19.4,9.8,30.2,16.6,28.9,2.7,13.4,20,5.9,187.61
Montana,McCone County,61.6,54.6,67.6,80.2,71.7,87.7,2.3,3.9,1.3,2.9,4.6,1.6,75.1,64.3,84.8,54.9,89.2,1.6,3.5,85584,69068,39967,36912,43903,1805,98.8,93.6,0,3.5,1.7,0,0,1.2,4.3,829,55,58,0,9,115,55,0,10,46.4,44.3,49.5,9.4,4.8,16,11.7,2.4,25.1,23.1,34.4,6.7,9.5,14.2,2.7,177.38
Montana,Madison County,52.5,48.9,55.7,72.2,65.9,78.3,2.6,0.8,4,2.8,0.9,4.3,66.5,78,61.1,35.3,81.8,3.9,7,73554,61487,33394,25297,39388,8499,97,94.9,0,0.4,1.1,0,0.6,3,4.4,3480,299,175,3,19,322,334,27,57,35.8,34.8,37.1,16.6,12.5,21.7,17.5,7.2,30.5,19.9,32.1,4.7,10.1,13.4,6.1,198.41
Montana,Meagher County,60.8,56.9,63.9,83.7,83.7,83.6,1.2,2.8,0,0.7,1.4,0,84.9,94.1,100,100,83.6,15.9,13.5,72166,56363,25442,23389,25718,1932,95.7,91.6,0.1,3.7,0.3,0,0.1,4.3,3.6,819,108,15,0,27,73,0,0,63,38.7,43.6,31.8,15.1,12,19.4,19.3,4.8,39.7,20.6,30.1,7.4,6.3,9.6,1.7,175.7
Montana,Mineral County,47,50.6,43.8,65.1,65.5,64.8,5.2,4.2,6.2,6.1,5.2,7,69,84.3,82,65.4,69.7,9.4,16.3,58814,55318,33120,28136,35253,4490,96,92.9,0.6,1.6,0.7,0,0.1,4,1.9,1981,60,40,0,51,232,58,46,146,30.2,23.7,36.5,15.1,14.8,15.4,24,8.9,38.3,14.1,28.8,0.2,16.5,23.8,9.6,181.63
Montana,Missoula County,66.9,64.7,69,81.3,79.2,83.3,4.7,4.1,5.2,4.2,3.9,4.4,82.7,83.2,87.9,77.9,87.3,5.6,12.6,90855,66951,33632,30754,36238,117379,95.4,89.8,0.5,2.2,1.9,0.1,0.8,4.6,3.5,49437,3567,773,414,1091,7991,1701,284,3379,38.9,34.5,43.7,20.4,16.6,24.4,21.8,18.6,25.1,9.1,15.3,2.5,9.8,14.9,4.3,189.73
Montana,Musselshell County,50.4,46,54.6,71.9,64.6,79.4,4.4,6,3.1,2.9,5.5,0.6,68.3,31.7,71.9,97.4,79.9,10.3,13,64637,55757,34949,28582,46416,4813,97.3,93.3,0,3.1,0,0,0.9,2.7,3.3,2179,78,120,0,21,349,155,50,33,27.5,26.1,29.3,13,8.3,18.6,25,13.9,38.3,21.1,30.3,10.1,13.4,21.4,3.7,195.49
Montana,Park County,61.7,56.1,67.2,79.9,74,85.8,2.6,3.4,2,2.3,2.7,1.9,76,73.7,76.7,39.4,87.5,6.2,12.6,86692,63776,36125,31211,44730,17072,96.2,94.4,0.4,0.7,0.4,0.1,0.3,3.8,3.2,7920,243,288,14,211,1003,394,24,302,33.9,29.1,39.7,22.7,18.8,27.5,16.7,8.5,26.6,17.2,29.7,2.1,9.5,13.9,4.2,185.15
Montana,Petroleum County,68.8,70.8,66.5,88.5,90.8,85.6,3.1,0,6.6,3.4,0,7.3,90.8,100,80,100,92.4,1.8,7.7,87200,59269,35728,29635,38605,434,100,94,0,0,6,0,0,0,0,195,33,0,0,0,15,7,0,0,45.8,47.8,44.1,5.2,3.5,6.6,15.7,6.2,23.5,29.3,41.6,19.1,4,0.9,6.6,177.19
Montana,Phillips County,56.5,47.7,65.3,66.4,60.3,73.3,5.2,9.7,1.6,6.4,10.8,2,67.6,47,65.7,54.5,74.8,3.6,8.3,73519,55360,33464,26804,42353,4233,91.5,83.4,0,6.7,0.5,0,0.9,8.5,3.2,1732,164,137,0,11,365,103,10,21,32.4,25.6,41.6,17.9,13.5,23.8,16.7,7,29.9,22.4,36.1,3.9,10.6,17.8,0.8,178.27
Montana,Pondera County,57.8,54.2,61.3,75.1,69.3,80.7,6.7,4,9,5,3.1,6.6,71.5,39.4,81.7,65.5,86.5,11.3,17.6,75307,60893,33171,26746,40788,5974,97.5,81.5,0.3,14.8,0.2,0,0.7,2.5,2.1,2188,177,183,0,52,442,129,3,68,39.7,37.5,42.1,19.8,11.7,29.1,17.7,11.4,25,12.9,22.6,1.7,9.9,16.7,2.1,180.64
Montana,Powder River County,60.4,48.3,73.5,76.3,63.9,89.6,0.9,0,1.6,0.6,0,1,63.9,33.3,88.7,100,90.5,13.4,16.6,73848,60858,35105,26689,37612,1759,95.2,92,0,2.3,0.7,0,0.2,4.8,3.6,758,56,36,0,20,164,28,0,12,41.4,39.6,43.8,13.1,7.5,21.1,10.9,1,24.9,25.9,38.9,7.8,8.6,13,2.5,190.47
Montana,Powell County,41.1,49.1,36.9,50.1,71.5,40.9,2.9,3.2,2.6,2,0.5,3.1,71.9,65.5,81.8,72.4,42.2,9.2,11.9,67694,57891,24893,24191,25700,6955,98.1,89.4,1.4,5.1,1.7,0,0.5,1.9,1.8,2300,150,29,33,73,365,73,132,95,39.1,34.8,45.3,23.6,24.6,22.2,16.7,7.1,30.3,11,18.6,0.3,9.6,14.9,2,179.32
Montana,Prairie County,58.2,55.7,60.3,79.4,68,89.3,3.1,4.3,2.2,4,6.1,2.6,72.4,36.4,100,28.3,91.7,10.4,16.5,69578,48505,29536,15521,48803,1227,100,97.1,0,0.1,2.3,0,0.5,0,1.1,484,18,27,0,26,57,132,0,10,37.7,34.5,41.9,9.6,7.9,11.8,18.5,1.3,40.7,21.4,33.5,5.7,12.8,22.8,0,187.87
Montana,Ravalli County,53.3,49.4,57.2,71.5,66.3,76.8,5.2,5.7,4.8,4.4,4.5,4.4,69.4,75.3,75.1,63.6,80.4,6.2,10.8,78130,65008,32731,23219,41879,43790,94.7,92.5,0.3,0.8,0.5,0,0.5,5.3,3.7,18749,1031,555,137,242,2345,942,401,1169,34.8,31.7,38.4,18.1,12.7,24.4,20.7,12.7,29.9,14.1,24.7,2,12.3,18.3,5.4,191.31
Montana,Richland County,62.2,55.6,68.9,79.7,72.5,86.6,4.2,6.5,2.3,1.5,1.6,1.5,73.6,78.4,75.3,58.4,87.9,4,7.3,84333,68158,39020,26908,50322,11375,94.8,90.8,0.1,0.1,0.1,1,2.7,5.2,5.5,4540,453,273,18,66,855,333,8,544,28.7,25.9,32.1,14.5,8.5,21.8,21.6,9.2,37.1,18.9,32.4,2.2,16.3,24.1,6.8,182.39
Montana,Roosevelt County,48.8,43.7,54.2,55.7,51,60.4,12.7,11.5,13.6,13.2,10.6,15.4,57.1,60.6,54.9,47.7,71.4,26.7,32.3,56800,51428,36912,32340,41417,10884,94.8,33.9,0.2,59.7,0.8,0,0.3,5.2,3.5,3122,217,343,11,354,661,333,13,667,36.4,29.6,44.4,18.7,18.4,18.9,19.2,8.3,32.1,13.1,23.5,0.8,12.6,20.1,3.7,172.62
Montana,Rosebud County,54.5,48.2,60.8,67.6,58.4,76.8,6.4,4.1,8.2,5.9,4.4,7,61.1,45.1,70.4,45.2,83.1,10.9,19.9,72751,64680,37256,29395,45044,8464,94.3,51.7,0.3,38.1,0.8,0,3.4,5.7,4.8,2944,162,214,0,319,661,154,52,305,29.5,21.6,39.5,23,16.5,31.4,13.2,5.2,23.4,21.8,37.5,1.8,12.5,19.2,3.9,181.22
Montana,Sanders County,41.2,38.2,44.1,58.2,54.5,61.9,5.3,5.7,4.9,5.7,6.3,5.2,58.1,63.5,70.1,66.5,65.4,11,16.8,61366,51064,29214,25505,34709,12298,96,91.5,0.3,3.7,0.2,0.1,0.2,4,3.3,5390,206,170,34,92,527,280,104,354,31.7,30.8,32.8,18.9,12,27.2,21.2,10.9,33.5,11.2,19.3,1.6,17,27,4.9,179.68
Montana,Sheridan County,62.3,60,64.4,79.4,77.3,81.3,2.5,1.7,3.2,1.5,0.7,2.3,77.8,72.1,74,58.1,83.7,6.2,10.3,93397,64077,36827,28829,52698,3522,94.9,92.3,0,1.7,0.6,0,0.3,5.1,4.4,1444,135,82,6,9,200,182,6,41,34.8,37.6,31.5,18.6,9.6,29.1,20.3,8.8,33.7,16.7,29.7,1.6,9.6,14.3,4.2,192.8
Montana,Silver Bow County,56.8,55,58.6,72.8,72.5,73.1,4.6,4.7,4.6,4.7,5,4.4,76.4,71.8,84.5,58,76.6,9.8,16,73149,54861,31389,26912,37802,35017,96.3,92.6,0.2,2.5,0.5,0,0.6,3.7,4.7,15028,895,502,83,442,2158,550,105,878,33.3,28.9,38.2,22,20.4,23.9,23,14,32.9,9.9,18.4,0.6,11.7,18.3,4.5,180.94
Montana,Stillwater County,58.1,49.6,66.2,76.8,66.1,87.3,3.4,4.3,2.7,3.4,3.9,3.1,69,54.5,80.4,43.6,91,3,5.9,97862,79468,42530,28654,57489,8916,96.4,94.7,0.1,1,0.2,0,0.4,3.6,4,3733,155,195,2,87,577,404,32,358,28.7,21.3,39.1,16,14.5,18.1,18.1,10.6,28.7,25.1,39,5.6,12.1,14.6,8.5,196.47
Montana,Sweet Grass County,59.8,55,63.9,77.9,73.8,81.3,2.4,4.8,0.5,1.6,2.9,0.6,76.1,43.3,95.8,90.2,82.1,3.8,5.2,85838,64569,34773,24206,42374,3690,98.2,95.1,2.2,0.8,0.1,0,0,1.8,2,1389,130,5,0,44,428,36,0,44,31.5,21.4,45.1,16.4,12.1,22.1,14,7.4,22.9,27.2,46.5,1.6,10.8,12.6,8.4,183.21
Montana,Teton County,57.8,50.8,64.7,75.8,66.8,84.8,2.1,2.3,2,1.9,2.4,1.5,68.7,57.7,82.6,48.5,87.3,6.3,13.9,77412,65870,32356,24476,37058,6173,96.1,93.2,0.6,1.7,0,0,0.6,3.9,0.7,2428,161,274,6,25,431,307,10,176,38,34,43.1,18.3,14.4,23.3,16.6,8.9,26.4,16.5,28.2,1.6,10.6,14.6,5.6,199.02
Montana,Toole County,53.6,57.2,51,62.7,70.5,57.8,3,1.9,4,3.2,1.5,4.5,71.5,72.3,86.6,55.3,60.6,3.2,8.1,80307,59009,27722,21064,30248,5013,97.5,88.3,2.9,6,0.1,0,0.1,2.5,2.2,1805,116,171,0,39,363,180,3,18,38.7,40.7,36.3,23.2,15.7,32.5,15.5,5.6,27.6,12.1,20.5,1.8,10.4,17.5,1.7,171.65
Montana,Treasure County,61.6,51.7,70.4,78.4,64.7,91.4,1.4,2.1,0.9,0.3,0.8,0,65.2,92.3,73.3,76.9,91.4,5.7,9.5,74938,60291,37741,31792,40770,693,100,97.7,0,0.1,0,0,2.2,0,2.7,335,31,5,0,2,37,17,0,12,44.9,49.5,37.9,9.8,11.1,7.9,18.5,3.7,41.4,19.1,28.2,5,7.6,7.4,7.9,208.1
Montana,Valley County,58.3,53,63.5,77.5,74.1,80.8,4.2,4.1,4.3,3.6,3.7,3.5,77,82.3,83.7,62.4,83.7,6.2,12.8,80298,58497,30496,26629,41185,7553,95.6,84.7,0.3,9.9,0.1,0,0.5,4.4,2.7,2892,259,90,6,256,556,285,27,91,29.2,30.6,27.5,17.1,10.9,24.9,24.7,12.9,39.3,17.4,29.3,2.6,11.5,16.2,5.7,173.73
Montana,Wheatland County,43.9,42.7,45.5,65.6,62.1,70.7,1.6,2.6,0.3,1.8,2.9,0.3,64,90.7,86.2,25,70.9,18.6,22.4,54621,42393,33809,33184,34494,2082,98,95.3,0.5,1.7,0.5,0,0,2,2,839,71,6,0,5,121,16,9,52,38,33.2,41.9,13.8,16.3,11.7,18.9,3.3,31.6,17.1,36.8,1.2,12.2,10.4,13.6,182.45
Montana,Wibaux County,61.3,53.9,69.1,84.3,76.8,91.6,0,0,0,0,0,0,76.8,55.6,95.7,100,91.6,10.3,12.6,95148,53410,43016,33495,54160,1018,100,96.3,0,1,0.6,0,2.2,0,6.9,422,32,9,0,2,174,6,0,14,48.8,47.7,50.2,11.6,8.5,15.5,15.6,3.5,30.5,16.9,27.7,3.8,7,12.7,0,205.28
Montana,Yellowstone County,63.5,59.9,67.3,78.6,75.6,81.6,3.9,3.6,4.2,3.8,3.3,4.3,78.2,80.5,82.9,71.7,85.4,7.9,10.9,91264,71565,39599,33092,48276,163593,95.4,88.3,0.9,4.2,0.7,0,1.3,4.6,6,67000,4964,2299,213,2478,12296,4317,454,5115,37.6,32.7,43,18.1,13.2,23.4,22.2,17.2,27.6,10.2,18.8,0.8,12,18.2,5.3,193.72
Nebraska,Adams County,64.2,58.8,69.8,80.2,73.9,86.2,2.4,2.7,2.2,2.2,2.4,2,75.8,86.9,81.7,68.2,88,8.8,13.1,86006,62983,36123,27149,43774,31284,95.1,90.3,0.7,0.2,1.3,0,2.7,4.9,11.3,12662,1147,489,92,431,2505,901,54,1045,32.6,30.5,35.2,19.7,13.9,26.4,18.6,11.6,26.8,9,15.2,1.7,20.1,28.8,10,145
Nebraska,Antelope County,65.7,61.7,69.6,84,78.4,89.3,2.8,2.6,3,2.5,3.1,1.9,80.9,62.5,91,90.8,91.2,6.5,10.8,74420,60824,33852,25163,42062,6310,98.7,96.4,1.2,0,0.2,0,0.9,1.3,3.5,2607,288,54,8,78,642,46,4,223,35.9,36.2,35.6,15.4,8.2,23.4,18.2,6.6,31,18.1,31.7,3,12.4,17.3,6.9,145
Nebraska,Arthur County,64.5,56.9,72.6,81.6,70.3,94.7,0.4,0.9,0,0.6,1.3,0,71.2,82.4,100,16.7,94.7,4.8,11.2,93558,64719,33457,34335,32311,472,94.1,93.6,0,0.2,0,0,0.2,5.9,1.7,180,19,10,0,7,67,13,0,14,47.9,52,43,10.3,3.1,18.7,17.5,7.1,29.9,18.8,32.3,2.8,5.6,5.5,5.6,145
Nebraska,Banner County,62.2,60.2,64.1,79.8,77.2,83.2,1.6,2.6,0.6,0.5,0,1,77.2,100,100,88.9,84,1.6,3,82772,63130,41919,42238,41919,605,97.7,92.9,0,0,0.7,0,4.1,2.3,5,235,45,10,0,5,37,4,0,4,66.3,59,74.3,7.4,2.5,12.8,8.1,6.8,9.5,14.9,26.1,2.7,3.2,5.6,0.7,145
Nebraska,Blaine County,68.7,60.4,75.8,91.6,87.8,94.3,1.4,1.2,1.6,1.8,1.5,2,89.2,100,70,66.7,96.2,1.9,8.7,57225,53916,33417,34404,29818,346,100,100,0,0,0,0,0,0,0,181,13,0,0,4,8,10,0,4,52.4,44.3,64.3,5.8,2.5,10.7,7.3,4.1,11.9,24.8,36.9,7.1,9.7,12.3,6,145
Nebraska,Boone County,65.8,64.8,66.8,85.9,87.3,84.5,0.9,1,0.9,0.8,1,0.6,88.2,99.4,81.7,74.7,85.2,3.3,6.3,90818,69398,37097,32825,45814,5413,98.6,97.8,0.1,0,0.4,0.1,0.2,1.4,2.6,2215,291,17,3,34,457,112,97,72,33.7,27.6,40.1,15.4,8.4,22.7,17.9,6.8,29.8,16.2,31.2,0.2,16.8,26,7.1,145
Nebraska,Box Butte County,63.8,60.1,67.5,79.8,78.7,80.9,3.7,2.7,4.7,3.6,3,4.2,81.2,76.8,77.1,90.5,84.4,9,12.4,85541,69069,40099,29820,56533,10821,95.1,86.9,3.2,2.3,0.7,0,1.9,4.9,13,4576,301,41,0,204,1007,351,0,481,34.2,28.6,40.4,17.2,5.6,29.9,14.4,11.1,18,11.7,21,1.5,22.5,33.7,10.2,145
Nebraska,Boyd County,60.1,57.7,62.5,78.9,80.1,77.8,1.5,0,2.9,2,0,3.9,80.1,70,89,84.6,80.9,6.2,10.6,84323,59366,32772,21232,46325,1812,98,93,0.3,3.3,0.2,0,1.2,2,2.5,807,4,4,0,41,106,29,64,27,30.1,31,29.1,17.9,4.1,32.9,20,11.1,29.6,16.1,28.9,2.1,16,24.8,6.3,145
Nebraska,Brown County,56.4,50.3,62.7,80.6,74.8,86.4,0.6,0.3,0.9,0.7,0.4,1,75.1,93.2,82.2,40,87.2,7.3,7.2,67943,47897,31723,25281,36934,2752,96.3,94.9,0,0.1,0,0,1.2,3.7,3.1,1160,137,37,4,26,274,20,12,21,33.7,34.1,33.3,22.2,10.5,36.4,13.2,9.1,18.2,13.7,21.9,3.8,17.1,24.5,8.3,145
Nebraska,Buffalo County,69.6,66.8,72.5,84.3,81.3,87.2,2.7,2.1,3.2,2.1,1.9,2.3,82.9,84.5,89.5,85.3,90,6.6,12.1,95736,71733,36407,29771,44879,49840,96.6,89.8,0.8,0.3,1.4,0,4.2,3.4,9.5,19236,1820,721,20,850,4604,805,112,1723,34,31.9,36.1,16.7,11.8,22,24.7,19.1,30.8,9,16.2,1.2,15.6,21,9.8,145
Nebraska,Burt County,54.8,50.9,58.9,74.1,70.3,77.8,4.2,6,2.4,4.4,6.9,2.1,75.5,85.7,75.5,82.6,79.5,8.2,13.5,81777,60788,35492,31661,44447,6705,96.5,93,0.2,1.7,0.6,0.4,0.6,3.5,3.5,2790,195,35,4,88,540,182,5,217,29.2,22.5,36.7,14.3,8.5,20.7,23.7,13.1,35.3,18.4,33.7,1.4,14.4,22.2,5.9,145
Nebraska,Butler County,66.1,60.7,71.3,83.1,79.4,86.6,1.1,0.4,1.7,1.3,0.5,1.9,79.8,83.5,68.2,71.8,88.2,6.7,8.2,99783,70672,44268,34279,53192,8354,97.2,95,0.1,0.9,0.1,0,1.1,2.8,4.5,3417,353,93,3,127,694,383,25,90,34.2,30,39.4,12.6,7,19.3,18.8,9.3,30,13.1,23.7,0.5,21.3,30,11,145
Nebraska,Cass County,64.9,58.1,71.8,81,74.1,87.6,2.8,3.2,2.5,2.8,3.3,2.3,76.7,83.2,87.2,70.4,90.7,3.1,5.8,101393,85294,46776,36615,55427,26546,96.7,94.4,0.2,0.4,0.4,0.2,1.1,3.3,3.7,10073,985,450,52,188,2424,872,140,382,38.1,33.1,44.1,14.9,11.1,19.6,20.4,12.2,30.7,12.4,21.4,1.2,14.2,22.2,4.4,145
Nebraska,Cedar County,68.6,63.7,73.6,88.8,86.1,91.3,2.2,2.2,2.2,2.1,2,2.3,87.8,89.8,93.9,89.9,93.5,3.5,5.8,92868,75744,39038,29991,52704,8401,98.8,96.6,0.1,0.6,0.1,0,1.3,1.2,2.2,3301,469,102,0,47,1173,64,10,140,37.2,36.5,38,17.3,7.9,27.9,17.4,9,26.8,13,23.7,1,15.1,22.9,6.4,145
Nebraska,Chase County,59.9,51.8,68.4,80.6,69.4,91,3.1,2.8,3.3,3.5,3.4,3.6,71.9,47.4,77.2,64.2,94.4,5.1,8.1,73529,60702,34445,18941,45069,3694,93.2,90,0.3,0.4,2.1,0,0.2,6.8,15.9,1514,73,116,1,25,348,126,17,85,34.7,35.4,33.8,16.6,4.7,31.6,21.7,14.8,30.4,15.8,26.3,2.5,11.3,18.8,1.8,145
Nebraska,Cherry County,68.6,62.6,74.2,87.3,84.5,89.9,0.2,0.2,0.2,0.2,0.2,0.2,84.7,69.9,87.1,82.2,90.1,4.4,7.8,71593,62914,29963,26139,35366,5505,92.6,87,0.2,2.7,1.9,0,0.7,7.4,3,2149,151,131,40,72,498,158,8,128,31.2,30.6,32,21,14.7,28.9,21.6,12.3,33.3,14.8,23.9,3.5,11.4,18.6,2.3,145
Nebraska,Cheyenne County,62.3,59.6,65,78.4,77.2,79.5,2.8,2.9,2.8,2,1.7,2.2,78.5,100,82.6,73.4,81.4,7.3,11.6,77506,58505,37352,33113,42185,9575,96.4,93.1,0.8,0.9,0.6,0.4,0.5,3.6,7.9,4283,379,97,0,96,745,306,38,165,36.9,36.2,37.6,18.3,13.3,23.7,20,7.9,33.1,10.8,19.1,1.7,14.1,23.6,3.9,145
Nebraska,Clay County,64.3,59.7,68.7,81.9,75.5,88,3,3.1,3,3.1,3.4,2.9,78.2,86,86.9,70.1,90.9,5.8,8.9,87176,77052,39938,31043,46238,6104,96.5,92.9,0.4,0.8,0,0,2.3,3.5,9,2429,249,96,20,65,503,232,3,209,36.3,35.2,37.6,15,8.7,22.5,15.9,7.1,26.6,14.5,23.7,3.5,18.3,25.3,9.7,145
Nebraska,Colfax County,69.1,62.8,73.8,81.9,74.4,87.5,1,1.2,0.9,0.9,0.7,1,75,93.4,81.5,66.4,88.4,5,9.6,78311,76715,38779,33041,44737,10608,89.8,69.5,2.7,4.2,0.6,0,12.7,10.2,45.8,3582,508,122,0,116,830,380,147,168,23.3,15,36.4,12.8,10.2,17,11.3,4.1,22.6,17.7,26.8,3.2,35,43.9,20.9,145
Nebraska,Cuming County,66.5,60.1,72.7,84.5,80.4,88.2,3,3.5,2.7,2.9,3,2.9,82.9,70.7,82.3,80.8,91.3,2.1,5.8,85089,68806,43284,32025,51461,9035,95.9,90.4,0.5,0.4,0.2,0.1,4.4,4.1,10.4,3704,588,122,6,73,855,244,19,128,33.6,33.6,33.7,17.2,7.6,29.2,19.8,9.7,32.3,14.6,25,1.6,14.8,24.1,3.2,145
Nebraska,Custer County,64.6,59.2,69.9,82,77.6,86.3,1.9,1.4,2.4,1.9,1.6,2.2,78.8,80.2,93.5,57.6,88.2,7.4,12,71315,62909,37431,29329,45080,10625,97.6,95.4,0.5,0.5,0,0,1.2,2.4,3.5,4508,344,227,14,133,940,208,18,354,35.5,31.8,39.9,16.6,11.8,22.2,16.3,7.3,27.1,19.1,32.8,2.7,12.6,16.3,8.2,145
Nebraska,Dakota County,69.7,63.1,76.3,82,76,87.8,2.1,1.8,2.4,2.1,1.7,2.4,77.3,61,85.8,45.3,90.1,8.2,11.8,82758,68728,38712,30549,45188,21284,88.5,55.8,7.6,2.5,3,0,19.6,11.5,39.5,7221,497,689,16,644,1968,808,38,777,22.3,22.8,21.7,16.6,10.7,23.6,20.9,9.5,34.5,9.4,17.1,0.2,30.8,39.9,19.9,175.55
Nebraska,Dawes County,61.7,62.4,61.1,81.3,83,79.4,2.3,0.8,3.8,1.7,0.8,2.7,83.7,96.6,98.1,60.5,81.6,10.5,13.9,75902,56598,26611,20272,29258,8383,95.6,86.9,4.6,3.5,0.5,0,0,4.4,5.8,3384,274,158,0,136,388,243,21,57,38.7,35.2,41.8,18.5,12.9,23.6,22.5,14.3,29.9,11.9,21.6,3.1,8.4,15.9,1.6,145
Nebraska,Dawson County,67.2,60.7,73.4,81.4,76.7,85.6,3.4,2.9,3.8,3,1.8,4,78.1,76.5,80.6,85.7,89.3,8.7,12.2,74513,63658,38239,29027,43615,24031,94.8,76,6.6,0.4,0.9,0.1,10.8,5.2,34,8799,953,339,10,501,2026,549,123,970,24.6,21.2,29,13.1,7,21,17.6,9.1,28.6,13.8,22.1,3.2,30.8,40.6,18.2,145
Nebraska,Deuel County,55.6,51.4,60,71.7,66.8,76.6,4.4,6.4,2.6,4.9,7.1,2.9,72,80.4,80.5,88.1,78.8,5.1,8.1,71634,55507,29083,18676,42805,1878,94.4,91.2,0.1,0.7,0.8,0,1.6,5.6,13.8,773,72,46,14,19,104,32,13,53,38.1,31.8,44.9,21.2,8.9,34.6,13.5,12.5,14.6,11.9,20.5,2.4,15.4,26.3,3.4,145
Nebraska,Dixon County,67.7,65.5,69.8,86.5,86.5,86.4,2.5,1.5,3.4,1.3,0.5,2,87,95.1,90.3,69.1,88.6,7,10.8,78004,64145,35989,29272,40521,5632,93.8,88.1,0.1,0.4,0.6,0,4.7,6.2,14.8,2233,205,73,0,150,517,108,7,106,27.1,27.7,26.5,19.5,10.8,28.9,17,7.7,27.1,14.8,26.7,1.9,21.6,27.1,15.6,145
Nebraska,Dodge County,62.6,57.5,67.9,79.5,74.9,83.9,4.8,6.5,3.2,3.9,5.2,2.8,79,79,82.8,79.9,86.5,7.5,11,85207,66449,39647,31223,47756,37249,95.6,91.5,0.7,1.1,0.6,0.1,1.7,4.4,14.3,14639,1341,358,48,634,2878,782,106,1273,31.9,27.8,36.6,14.5,9.6,20.2,24.1,15.4,34,11.3,20.3,1.1,18.2,26.9,8.2,145
Nebraska,Douglas County,67.9,64,71.9,80.2,77.2,83.2,4.1,4.1,4.1,3.5,3.4,3.5,80.1,78.1,84.8,78,86.7,6.8,10.7,101018,77044,44760,38119,50892,578771,94,75.4,10.7,0.6,4.1,0,3.1,6,13.1,227978,24241,9090,1244,10741,46291,12887,2581,22606,44,40.4,47.9,15.2,11.9,18.7,21.7,16.8,27,7.6,14.2,0.5,11.5,16.7,5.9,175.55
Nebraska,Dundy County,67.3,57,77.4,80.6,70.7,91.2,1,2.3,0,1.2,2.5,0,72.6,67.1,76.5,81.5,91.2,10.6,13.7,88563,58529,39847,28726,47167,1900,99,98,0.2,0.1,0,0,0.8,1,6.9,826,96,37,0,24,157,59,3,70,41.8,43.1,40,11.4,2.7,23.7,21.7,13,33.9,18,29.4,2.1,7,11.8,0.2,145
Nebraska,Fillmore County,64.7,61.1,68.4,83.2,82.3,84.1,1.1,2.1,0.1,1.2,2.4,0.1,84.5,85.5,81.1,89.9,84.2,5.3,7.1,98993,72387,36843,29305,45658,5561,96.6,94.8,0.2,0.8,0.4,0,0.4,3.4,4.2,2358,291,36,2,8,482,50,9,74,34.9,32.1,38,14.2,5.1,24.2,20.7,11,31.3,13.4,24.1,1.8,16.7,27.7,4.7,145
Nebraska,Franklin County,56.4,51.5,61.5,77.6,72.2,82.7,1,0.5,1.5,1.2,0.6,1.7,72.6,70.6,66.7,47.5,84.2,14,18.1,66536,57116,30170,23859,38150,2914,97.4,95.8,0.3,0.2,0.2,0.1,0.8,2.6,2.7,1210,100,49,0,45,125,65,1,62,32.8,30.8,35.1,18,12.5,24.3,19.7,8,33.3,16.1,28.8,1.4,13.4,19.9,5.9,145
Nebraska,Frontier County,57.4,54.4,60.2,78.2,75.1,81.2,5.1,2.5,7.1,5.5,3,7.5,77.4,100,85.2,85.4,87.8,7.3,8.9,76140,64935,34446,28425,41446,2512,96.8,95.1,1,0.2,0,0,0.5,3.2,2.6,1010,130,10,0,28,224,27,5,28,41,35.8,47.1,12.5,9.2,16.5,15.8,9.5,23.3,18.7,28.9,6.5,12,16.5,6.7,145
Nebraska,Furnas County,62,54.9,69.3,82.7,74.3,90.7,1.3,1,1.4,0.4,0.3,0.5,74.5,91.1,76.3,75,91.1,4.6,9.1,75942,62440,37939,29464,46567,4655,98.2,96.7,0.4,0.5,0.2,0,0.4,1.8,4.8,1990,232,50,0,48,413,92,8,77,38.2,32.8,44.8,14.1,8.5,21,15.6,8.5,24.4,16.5,27.9,2.4,15.7,22.3,7.5,145
Nebraska,Gage County,63.6,60.4,66.8,81.1,78.6,83.5,2.1,1.8,2.4,2.3,2,2.5,80.2,92.2,91,79.3,85.6,8.3,13.8,85544,59950,37536,29086,45037,21706,98.3,96.2,0.6,0.6,0.6,0,0.4,1.7,2.9,9064,846,126,47,330,1721,267,211,785,31.8,27.3,36.9,19.9,14.4,25.9,16.8,10.7,23.6,10,17.5,1.6,21.5,30.2,11.9,145
Nebraska,Garden County,54.4,50.5,58.5,79.8,79,80.6,3,3.4,2.7,1.1,0,2.2,79,100,87.4,16.7,82.4,3.9,6.9,58758,47391,34682,27473,44338,1726,99,97.7,0,0.1,0.2,0,0.9,1,1.7,866,23,20,0,4,137,75,0,62,44.9,41.5,48.5,12.8,3.5,22.9,15,11.5,18.8,15.3,24.8,4.9,12.1,18.8,4.9,145
Nebraska,Garfield County,64.3,57.9,70.6,83.1,81.2,84.9,0,0,0,0,0,0,81.2,100,71.9,92,84.9,8.5,10.8,71469,63098,33343,27104,42452,1889,99.3,96.6,0.3,0,0.1,0,2.4,0.7,1.8,797,123,9,0,0,133,68,0,39,35.7,32.8,39.2,15.6,9.3,23.2,19.9,11.2,30.5,21.1,36.2,2.7,7.7,10.4,4.3,145
Nebraska,Gosper County,56.8,53.3,60.2,79.7,73.7,85.8,1.8,0.8,2.7,1.2,0.9,1.5,74.3,61.9,100,75,87,2.3,5,83113,76176,42838,35809,50997,1811,98.3,97.7,0.2,0,0,0.3,0.1,1.7,4.9,759,10,15,0,23,246,4,7,0,43.3,40.4,46.8,11.5,9.9,13.3,19.1,10.6,29.4,14.8,24.3,3.3,11.3,14.8,7.2,145
Nebraska,Grant County,62.9,56.2,68.4,78.2,72.3,82.8,0.3,0,0.5,0,0,0,72.3,88.5,100,68,83.3,9.1,15.8,72460,61919,29608,21171,37469,718,99.4,98.1,0.4,0.6,0.1,0,0.3,0.6,0,305,43,20,0,3,80,23,0,4,41.1,41.9,40,11.7,1.4,27.1,16.9,11.4,25,24.3,36.7,5.7,6,8.6,2.1,145
Nebraska,Greeley County,58.1,50,66,75.9,70.5,81.1,1.9,1.8,2,1.6,2.1,1.1,72,63.6,79.5,70.2,82,9.5,13.5,72485,52834,28844,24877,34275,2219,99.3,96.6,0.6,0.2,0.1,0,1.8,0.7,2.5,914,98,36,1,13,216,34,0,46,33.2,33.7,32.6,14.1,5.3,26,18,8.7,30.6,23,36.6,4.6,11.7,15.8,6.2,145
Nebraska,Hall County,66.8,62.4,71,80.9,76.7,85,3.2,3.5,3,2.8,2.6,2.9,78.9,86.2,79.1,76.2,87.7,8.9,11.9,79752,66185,39786,34210,45710,62616,94.7,75.8,3.2,0.7,1.2,0.3,13.5,5.3,29.4,23724,2186,697,53,1908,4529,1860,434,3453,28.8,21.3,37.4,15.3,10.9,20.3,19.2,12.8,26.7,12,21.9,0.5,24.8,33.1,15.1,145
Nebraska,Hamilton County,65,59.7,70.5,83.2,79.2,87.1,4.5,0.6,7.6,3.6,0.5,6.2,79.6,84.4,93.2,72.6,93.3,0.9,2.6,97344,77620,40927,29708,54670,9376,96.9,95.3,0.2,0.7,0.3,0,0.4,3.1,3.8,3567,610,129,8,73,931,199,0,152,41.2,35.8,47.4,16,9.5,23.6,19.6,16,23.7,11.5,20.4,1.2,11.7,18.3,4.1,145
Nebraska,Harlan County,61.3,55.4,67.2,81.4,76.6,86,2.2,1.6,2.7,0.4,0.8,0,77.3,97.2,93.4,86.5,86,4.9,7.3,90886,64781,44423,36581,53041,3216,97.5,95.1,0.1,0.1,1,0,1.2,2.5,2.6,1220,215,25,0,0,358,32,6,56,32.5,28.8,36.9,17.4,7.8,29,22.1,15.9,29.5,15.2,27.6,0.1,12.9,19.8,4.5,145
Nebraska,Hayes County,63.9,56.8,70.5,81.6,78.3,84.4,0.5,0,0.8,0.5,0,0.9,78.3,100,81,59.3,85.2,4.4,13,79366,56014,29369,18428,38831,891,98.4,96.6,0,0.2,0,0,1.6,1.6,6.7,354,55,17,0,5,94,35,0,2,40,50.2,26.5,20.9,14.7,29.1,16.8,2.8,35.4,13.9,22.7,2.1,8.4,9.6,6.9,145
Nebraska,Hitchcock County,59.3,52.2,66.2,77.2,73.3,80.8,1.9,1.5,2.2,1.6,1.8,1.5,74.6,96.9,64.4,82.6,82,9.1,10.5,70133,51257,29961,24525,35044,2630,97.2,95.8,0.1,0.1,0,0,1.2,2.8,3.8,1094,129,40,0,44,192,123,0,106,40.3,44,35.3,17.7,9.6,28.4,17.2,11.7,24.6,9.7,14.9,2.8,15.1,19.9,8.9,145
Nebraska,Holt County,67.5,62,73,83.3,80.7,85.8,1.2,1.3,1.1,1.2,1.1,1.3,81.6,90.5,78.6,58.7,87,6.4,8.6,79798,66045,35760,29322,40024,10175,98.6,96.2,0.4,0.4,0.5,0,1.1,1.4,5.2,4040,484,136,0,38,1019,382,55,166,40,36.3,44.3,14.5,7.7,22.5,17.3,8.4,27.6,13.9,24.7,1.3,14.3,22.9,4.3,145
Nebraska,Hooker County,55.3,44.2,65.9,77.1,68,83.7,1.8,0,3,2.1,0,3.3,68,11.1,97.1,0,86.5,1.8,8.6,86110,55953,38769,26160,43260,714,94.4,92.2,0.6,0.4,0,0,1.3,5.6,4.1,304,2,43,0,0,46,32,0,18,28.4,22.1,38.4,20.9,17.9,25.6,20.6,13.3,32,24.7,37.9,4,5.3,8.7,0,145
Nebraska,Howard County,64.3,62.2,66.3,82,82.6,81.4,5.5,3.7,7.1,5,3.9,6,86,86.5,85.2,82,86.6,3,6.4,86186,69942,38874,32728,45219,6461,95.4,93.4,0.4,0,0.3,0,1.3,4.6,2.7,2538,357,149,0,31,642,81,5,135,32.5,28,37.4,11.4,5,18.4,24.4,12.8,36.9,13.8,24.4,2.3,17.8,29.8,5,145
Nebraska,Jefferson County,60.7,57.9,63.6,77.5,74.7,80.4,1.7,0.9,2.5,2,1,2.9,75.5,58.3,96.7,71.7,82.8,7.8,10.7,71620,56230,38840,33083,46812,7213,97.3,96.1,0.6,0,0.3,0,0.3,2.7,4.8,3131,171,162,0,96,634,88,34,235,31.1,29,33.3,16.4,6.3,26.8,17.1,5.5,29,17.4,31.8,2.5,18,27.4,8.4,145
Nebraska,Johnson County,46.8,55.9,41.2,55.2,76.6,44.5,2,2,2,1.2,0.7,1.7,77.5,82.7,79.6,66.7,45.2,5.6,6.7,71352,58529,39249,29862,47185,5298,94.2,81.4,5.8,0.6,1.1,0,5.4,5.8,10.5,1746,139,43,17,86,342,93,29,58,34.1,26.9,42.6,17.4,13.2,22.4,15.1,8.7,22.7,16.5,28.5,2.3,16.9,22.7,10,145
Nebraska,Kearney County,68.5,61.5,75.7,86,81,91,1.7,3,0.5,1,1.5,0.5,82.2,89.3,74.2,86,91.4,8.2,9.2,87427,74781,39555,31922,47624,6639,97.3,95.5,0,0.5,0.8,0,0.5,2.7,7.6,2721,339,67,2,101,486,160,2,339,39.4,33.9,45.9,16.6,9,25.8,15.5,9.6,22.5,15.6,28.4,0.2,13,19.1,5.6,145
Nebraska,Keith County,59.4,51.7,67,81.6,75.7,87,2.7,3.1,2.3,2.3,2.4,2.1,77.5,69.9,90.4,51,88.9,6.7,13,81495,59190,35030,27859,45198,8312,95.6,93.2,1.4,0.4,0.5,0,0.2,4.4,7.7,3749,123,227,11,65,698,147,29,246,30,26.7,34.3,17.5,16.3,19,26.6,17,39.1,12.6,20.5,2.3,13.2,19.4,5.2,145
Nebraska,Keya Paha County,63.9,53.9,72.9,82.7,72.2,92.3,0,0,0,0,0,0,72.2,100,67.4,100,92.3,4.5,6.1,66081,59495,34404,34517,34383,946,97.4,97.3,0.1,0,0,0,0,2.6,2.5,330,34,0,0,12,96,52,0,30,47.5,43,54.4,6,0.3,14.5,22.9,24.7,20.2,20.2,27.5,9.3,3.3,4.5,1.6,145
Nebraska,Kimball County,60.7,63.2,58.3,80,83.1,77.4,4.4,2.6,6.2,4.1,1.9,6.2,84.7,100,91.9,86.6,82.4,8.1,11.9,71173,60417,32007,20221,42147,3583,95.9,92.8,0.3,2.5,0.2,0,0.2,4.1,9.6,1479,52,9,6,106,350,26,2,92,22.4,24.1,20.8,18,13.1,22.9,25.3,10.2,40.1,12.9,23,3,21.3,29.5,13.3,145
Nebraska,Knox County,62.4,55.5,69.3,82.5,76.5,88.2,4.1,4.7,3.6,3.8,3.4,4.1,79.2,65.6,92.3,82,92,5.5,10.2,80485,63267,34676,28327,43481,8434,97.4,86.3,0.5,9.8,0.4,0,0.3,2.6,3.3,3323,343,106,4,96,860,108,29,259,33.2,30.4,36.8,18.7,13.8,24.7,18.7,10.8,28.3,15.3,26.4,1.6,14.1,18.6,8.6,145
Nebraska,Lancaster County,68.2,64.8,71.7,81.3,78.6,83.7,3.2,3.3,3.2,2.9,3,2.7,81.2,79.6,85.7,71.3,86.5,7,12,94826,70944,37826,32243,44523,320301,94.5,84.1,3.8,0.6,4.2,0.1,1.7,5.5,7.5,127779,12265,4402,270,4660,25526,7198,787,9817,42.6,39.3,46.1,16.6,12.5,21.2,21.4,16.7,26.6,7.7,14.1,0.7,11.7,17.4,5.3,175.55
Nebraska,Lincoln County,63.2,57.9,68.8,79.7,74.2,85.1,3.5,3.3,3.7,3.2,2.9,3.6,76.4,67.1,88.5,67.7,88.2,7.1,11,84672,66827,38496,29490,51609,34906,96.5,91.6,1.1,1,0.9,0.1,1.9,3.5,9.4,14439,843,722,46,829,2878,756,100,1111,30.9,21.9,41.2,17.1,12.3,22.7,20.3,12.5,29.4,14.2,25.4,1.3,17.4,27.8,5.4,145
Nebraska,Logan County,65.2,53.1,77.1,77.3,60.8,93,0.9,0,1.6,1.2,0,2,60.8,66.7,61.8,37.5,94.9,6.7,8.6,80140,65673,33608,21640,50564,865,93.6,91.9,0,1.7,0,0,0,6.4,3.5,320,34,32,0,0,89,99,0,0,42.4,43.1,41.3,9.4,5.9,14.5,16.2,7.9,28.5,13.9,22.1,1.7,18.1,20.9,14,145
Nebraska,Loup County,63.7,58.2,68.5,81.3,78.2,83.9,0,0,0,0,0,0,78.2,42.9,93.9,82.8,83.9,4.5,6.2,67878,50867,24525,19818,43827,665,87.7,87.7,0,0,0,0,0,12.3,10.8,264,22,22,0,0,55,20,4,24,38.6,39.4,37.6,14.7,11.1,19.5,14.7,4,28.9,19.3,24.7,12.1,12.7,20.7,2,145
Nebraska,McPherson County,64.1,52.8,77.4,76,67.5,88.9,0,0,0,0,0,0,67.5,0,72.7,100,88.9,5.1,8,62675,58588,24381,17031,29391,475,100,98.9,0,0,0,0,1.1,0,1.1,201,7,9,0,0,43,7,0,0,43.2,44.4,41.7,22.8,15.3,32.2,12.7,8.3,18.3,8.9,9.7,7.8,12.4,22.2,0,145
Nebraska,Madison County,67.1,63.8,70.3,82,79.1,84.8,3.1,2.5,3.6,2.4,1.9,2.8,80.6,84.8,85.6,79.4,87.3,6.9,12,84877,60359,38130,31795,45525,35553,93.8,86.1,1.3,1.4,1.4,0,3.6,6.2,15.9,13979,1712,352,69,715,3287,606,112,1174,29.5,24.5,35.2,17.9,13,23.2,19.3,11.1,28.4,11,20,1.1,22.3,31.4,12.1,145
Nebraska,Merrick County,65.3,61.3,69.2,82.7,80.2,85,1.2,1.1,1.4,1.4,1.2,1.6,81.1,81.1,94.1,75.8,86.4,6.6,11.1,84403,62978,37251,29742,43857,7687,96.5,93.9,0.1,0.4,0.9,0,1.3,3.5,5.1,3136,324,104,0,153,708,66,6,235,36.2,28.8,44.8,14.4,7.9,22.2,18.7,12.4,26.2,13.2,23.4,1.1,17.5,27.6,5.7,145
Nebraska,Morrill County,58.6,55,61.7,76.4,74.9,77.8,5.7,3.1,7.7,4.7,2.5,6.5,76.8,88.5,88.4,83,83.3,4.7,7.5,70516,55436,33059,29067,39967,4595,91,89.2,0.1,0.3,1,0,0.4,9,15.6,1855,213,53,0,90,438,94,36,83,31.1,25.8,37.8,15.7,10.8,21.8,22.1,12,34.9,17.6,30.1,1.8,13.5,21.3,3.7,145
Nebraska,Nance County,61.9,54.5,69.6,78.1,70,85.8,4.2,8.4,0.6,3.8,7.5,0.8,75.7,93.2,97.8,82.8,86.4,7.2,12.9,75412,60466,35201,28901,39781,3389,97.8,95.7,0.6,1.3,0,0,0.4,2.2,2.1,1300,121,24,0,20,365,34,27,133,36,30,43.4,15.5,11.5,20.4,17.6,8.1,29.3,19.5,32.7,3.2,11.5,17.7,3.8,145
Nebraska,Nemaha County,56.4,54.6,58.2,72.6,72.2,72.9,5.6,2.3,8.5,5,2.3,7.3,73.9,72,81.9,37.9,78.7,8.2,13.7,82820,57858,31792,24328,42369,7025,95.3,92.2,1.7,0.1,0.7,0,0.5,4.7,3,2794,140,123,6,52,561,182,1,179,36.2,33.1,39.6,20.3,10.5,30.7,15.7,7.5,24.5,10.5,20.2,0.1,17.3,28.8,5.2,145
Nebraska,Nuckolls County,63.8,57.8,69.9,83.1,77.8,88.1,2,2,1.9,1.6,1.6,1.6,79.1,79.8,93.7,83.3,89.6,3.1,6.2,82350,67217,34254,28950,40447,4125,97.8,96.5,0.2,0.1,0.8,0.1,0.3,2.2,3.2,1720,171,38,2,44,407,17,13,84,39.4,36.6,42.9,18.2,11.3,26.5,15.9,8.1,25.2,10.7,19.1,0.7,15.8,25,4.8,145
Nebraska,Otoe County,65.4,60.2,70.6,81.9,76.4,87.2,3.3,3.7,2.9,3.1,3.6,2.6,79.5,91.1,94.9,65.8,89.6,8.8,12.2,92688,76378,39565,34095,47997,15916,95.5,89.2,0.7,0.4,0.3,0,5,4.5,8.2,6312,563,168,11,233,1544,246,1,610,38.7,33.7,44.4,17.4,15.6,19.5,18.9,12.3,26.6,10.5,19.2,0.5,14.4,19.1,9,145
Nebraska,Pawnee County,55.9,48.6,63.7,75.2,69.5,80.4,3.1,0.8,4.8,3.5,0,6.1,69.5,77.8,59.3,97.3,85.6,12.1,16.8,67948,55976,33450,24914,35480,2564,97,96.8,0.2,0,0,0,0,3,3.7,1069,80,10,47,41,139,64,36,69,31.2,34.4,27.3,16.3,4.6,30.8,14.6,8.4,22.2,15.2,25.6,2.4,22.7,26.9,17.5,145
Nebraska,Perkins County,63.8,56,71.3,83.3,73,93,1,1,1.1,0.6,1.2,0.2,73.9,68.6,76.4,67.1,93.1,4.9,7.9,82023,62403,38820,26631,44233,2865,97.3,96.2,0.1,0,0.3,0,0.7,2.7,4.5,1137,126,85,0,13,305,116,2,30,35.4,34,37.3,17.5,12.1,24.5,18.8,7.8,33.3,18.3,32.2,0,10,13.9,4.9,145
Nebraska,Phelps County,65.3,59.7,71,83.6,80.1,86.9,0.7,0.5,1,0.8,0.5,1,80.5,98,91.9,60.2,87.8,11,12.2,87099,67151,42064,31851,49638,8972,96,94,0.2,0.8,0,0.1,0.8,4,6.1,3785,318,94,3,69,976,162,4,143,36.1,26.4,47.5,15.4,10,21.7,16,10.4,22.5,15.7,28,1.3,16.9,25.2,7,145
Nebraska,Pierce County,66.6,61.8,71.2,85,81.5,88.4,2.9,4.5,1.4,2.8,4.1,1.7,84.9,95.2,91.7,81.9,89.9,6.5,9.4,81225,67906,35890,30624,46224,7266,97.2,96.4,0.4,0,0.3,0,0.2,2.8,2.1,2861,331,83,0,96,811,105,16,210,37.4,33.3,42.3,14,8.4,20.6,16.6,8.3,26.4,14.4,25.4,1.2,17.7,24.7,9.5,145
Nebraska,Platte County,68.2,63.2,73.1,85.2,80.7,89.3,2,2.9,1.2,2,2.9,1.2,83.2,77.6,82.2,79.8,90.5,4.7,7.2,86845,69874,39635,33145,46301,34123,93.2,87.6,0.8,0.2,0.7,0,3.8,6.8,20.7,13306,1494,519,0,449,3363,1099,84,868,33.1,30.9,35.7,13.5,10.2,17.3,18.5,10.9,27.6,10.3,17.9,1.1,24.6,30,18.2,145
Nebraska,Polk County,64.2,56.8,71.6,82.9,72.6,93,2.7,4.6,1.2,2.8,4.8,1.2,76.2,76.3,80.6,62.8,94.1,4.6,6.8,87719,72470,40029,29153,47726,5223,96.6,94.7,0,0.1,0,0,1.7,3.4,5.9,1958,179,56,0,54,557,140,29,135,35,28.8,42.8,12.3,7.2,18.7,19.6,12,29.3,13.9,23,2.4,19.1,29,6.7,145
Nebraska,Red Willow County,62.2,56.9,67.5,82.2,79.5,85,4.7,4.5,4.8,2.9,4.5,1.3,83.3,75.7,92.5,82.6,86.1,7.9,11.4,82527,58192,33742,23866,41992,10724,95.7,93.4,0.4,0.4,0,0,1.6,4.3,5.6,4328,372,306,0,101,1070,114,115,270,33.7,30.5,37.4,16.8,6,29.4,20.3,17.7,23.5,10.9,20.2,0,18.3,25.6,9.7,145
Nebraska,Richardson County,59.8,54.1,65.3,79.7,74.9,84.2,3.9,2.3,5.1,2.7,2.4,3,76.7,33,83.8,90.1,86.7,7,11.1,68277,50233,34971,25278,43003,7893,96,92.3,1.3,2.4,0,0,0.1,4,2,3634,255,93,0,134,635,98,5,262,35.2,25.8,46.8,15,8.6,22.9,15.5,9.2,23.3,20,35,1.4,14.4,21.3,5.7,145
Nebraska,Rock County,62.3,55.4,68.7,84.9,79.4,89.9,1.3,0,2.3,0.5,0,1,79.4,62.9,100,53.8,90.8,8.6,9.9,73848,60091,31181,27501,35189,1321,99.4,98.3,0.7,0.5,0,0,0,0.6,0.6,559,39,32,0,35,123,23,0,18,49.6,46.1,54.1,10,3.9,17.9,19.1,16.1,23.1,15.2,25.8,1.4,6.1,8.2,3.4,145
Nebraska,Saline County,66.3,62.4,69.9,82.6,80.7,84.4,2.7,1.5,3.6,1.6,0.8,2.3,81.4,73.5,83.1,69.6,86.4,10.7,12.8,76105,63232,35351,29617,41088,14395,94,84.3,1,0.8,1.5,0,6.4,6,26.2,5114,503,278,14,120,1359,343,140,381,28.4,20.6,37.9,17.3,12.2,23.5,14.7,9.1,21.4,13.2,23.8,0.4,26.4,34.3,16.8,145
Nebraska,Sarpy County,68.8,65.5,72.1,80.1,77.1,83.1,2.8,2.8,2.8,2.4,2.3,2.4,79.6,75.9,82.9,74.4,90.8,3.9,5.6,115044,96365,48806,39623,59548,188464,94.6,84.4,4.1,0.4,2.6,0.1,3,5.4,10.1,69388,9211,3306,292,2187,19936,5722,603,5714,44.7,41.2,48.5,15.3,12.8,18,21.3,15.9,27.2,8.4,15.2,0.9,10.3,14.9,5.3,175.55
Nebraska,Saunders County,66.5,63.4,69.5,83.7,81,86.3,2.4,1.6,3.1,1.7,1.4,2,83,86,92.4,79.6,89.2,4.1,6.6,102015,83369,46565,33310,55546,22008,97.8,96.4,0.9,0.2,0.1,0,0.2,2.2,2.4,8664,1046,276,66,241,2393,377,30,566,37.8,33.4,42.8,16.2,12,20.9,21.1,14.1,29,11.1,20.4,0.5,13.8,20,6.8,145
Nebraska,Scotts Bluff County,61.1,57,65.5,78.4,75.3,81.7,3.5,2.9,4,2.9,2.6,3.3,77.3,89,83.4,80.4,84.7,8.2,12,79571,61681,37821,33546,43498,36229,92.3,84.9,0.6,2.1,0.6,0.2,3.9,7.7,24.6,14832,1489,319,107,386,3095,680,91,1190,31.2,26.6,36,16.1,11.3,21.1,25.1,17.3,33.4,11.8,22,1.1,15.8,22.8,8.5,145
Nebraska,Seward County,66.8,64.7,68.8,84,83.6,84.4,2.6,2.6,2.7,2.2,2,2.5,85.3,85.2,91.5,74.6,86.9,4.6,7.1,99899,80542,36626,29141,49593,17605,97.3,96,0.6,0.1,0.3,0.1,0.3,2.7,2.7,6555,590,282,0,175,1759,456,3,556,37.2,34.5,40.2,15.3,8.1,23.4,18.8,8.7,30.1,12.7,23.2,0.9,16,25.6,5.4,145
Nebraska,Sheridan County,60,54.1,66.5,76.7,72.4,81,1.6,2.1,1.2,2,2.6,1.5,74.4,93.6,87.1,70,82.3,6.8,12.9,67125,52212,30720,20420,39879,5150,94.2,81.8,1.2,9.6,1.2,0,0.3,5.8,5.9,2086,135,64,12,119,348,123,6,155,34.4,30.2,39.1,17.5,8.4,27.7,19.7,13.4,26.8,14.9,26.7,1.7,13.4,21.3,4.6,145
Nebraska,Sherman County,63.9,57.8,70,84,77.7,90.1,3.4,1.5,4.8,1.5,1.9,1.2,79.2,82.9,85.2,61.8,91.1,4.4,9.2,77935,62761,40204,32134,45342,2986,97.8,96.5,0.2,0.1,0.1,0,0.8,2.2,2.3,1322,112,39,0,31,176,91,7,81,35.8,30.8,41.9,18.3,14.4,23,15.7,6.6,26.7,15,25.9,1.8,15.2,22.4,6.5,145
Nebraska,Sioux County,63.7,59.4,68,82.9,79.3,86.6,3.1,4.9,1.4,3.3,5.2,1.5,83.6,10.5,84.6,91.2,87.9,6.1,10.2,56596,50978,34596,17985,45417,1081,97.9,89,3.6,0.3,0.6,0,4.3,2.1,4.6,459,35,67,0,0,99,7,0,12,38.3,44.2,31.6,9.4,9.2,9.6,16.9,4.6,30.8,16.7,25.1,7.2,18.8,17,20.8,145
Nebraska,Stanton County,71,66.1,75.5,88.4,82.1,94,1,1.2,0.9,0.1,0.1,0.1,82.6,95.8,84.8,93.8,94,6.5,6.5,92435,76935,39866,31644,48581,5877,97.8,94.4,1,0,0.5,0,1.9,2.2,6.1,2214,369,10,32,37,562,172,58,107,33,26.8,40.6,12.7,8.9,17.4,21.8,10.4,35.8,14.7,26.5,0.3,17.7,27.5,5.8,145
Nebraska,Thayer County,61.5,57,66,82.9,81,84.7,2.7,1.1,4.1,3,0.9,4.8,81.7,92.3,88.1,87,89,7.3,9.2,77889,61161,35506,24435,44477,5053,95.6,95,0.2,0.1,0,0,0.3,4.4,2.9,2056,219,27,0,62,482,58,32,174,34.8,32.6,37.4,16.2,6.2,28,15.2,8.5,23,17.5,30.3,2.6,16.2,22.3,9,145
Nebraska,Thomas County,66.5,62,72.4,85.2,80.7,91.7,0,0,0,0,0,0,80.7,36.4,100,100,91.7,4,7.3,70495,56349,41556,31849,46477,562,93.6,93.1,0,0.5,0,0,0,6.4,4.1,283,21,5,0,0,46,4,0,13,41.7,44.2,39.4,15.4,9.5,20.6,17.6,7.5,26.7,17.6,28.6,7.9,7.7,10.2,5.5,145
Nebraska,Thurston County,58.7,57.6,59.9,71.6,72.5,70.6,11.3,8.5,13.9,11,8.1,13.9,78.9,93.9,85.6,68.1,82,15.9,20.5,69444,61283,33497,30430,35270,6806,95.7,36.2,0.2,57.5,0.9,0,0.9,4.3,7.2,2026,181,26,23,389,526,48,35,531,38.5,32.1,44.9,19.7,18.5,21,19.6,11.4,27.8,7.6,14,1.3,14.5,24,5,145
Nebraska,Valley County,61.9,61.5,62.3,81.6,81.7,81.5,0.5,0.6,0.5,0.5,0.4,0.6,82,81.3,91.9,55.1,82,8.3,9.1,84552,63236,34506,30083,40407,4031,99.1,98.2,0.2,0.4,0,0,0.3,0.9,2,1725,101,91,16,42,308,133,51,74,41,40.1,41.9,13.7,3.9,23.1,19.4,11.2,27.3,13.4,25,2.3,12.5,19.9,5.4,145
Nebraska,Washington County,66.1,62.3,70.2,82.1,77.7,86.5,2.3,3.1,1.6,2.1,2.7,1.6,79.9,89.2,78,83.5,88.2,5.7,7.4,115248,91005,51673,39543,64335,20699,98,95.9,0.9,0,0.3,0.2,0.6,2,2.9,8290,901,170,3,240,1994,849,47,472,42.1,37.4,47.3,12.4,8.2,17,21.2,12.4,30.7,12.5,22.1,2.1,11.7,19.9,2.9,145
Nebraska,Wayne County,69.3,63.7,75,86.6,82,90.9,2.6,4.8,0.7,1.6,2.9,0.6,84.4,88.1,89.6,98.1,91.5,4.1,12.8,87437,66458,27803,18226,35639,9590,96.2,93.9,1.1,0.2,0.6,0,0.5,3.8,6.7,3714,432,9,4,25,975,51,143,25,35,31.4,39.1,20.4,14.6,27,21,16.3,26.4,8,13.6,1.6,15.7,24.1,5.9,145
Nebraska,Webster County,63.7,56.5,71,82.8,78,87,2.6,4.2,1.2,1.9,3.1,0.8,80.5,87.9,86.6,90.3,87.8,5.4,8.6,68963,61897,35233,28396,44444,3442,96.3,94,0.2,0.3,0,1.4,0.2,3.7,5.3,1434,148,11,0,26,299,117,6,68,35.8,32.5,39.8,14.3,7,23.3,17.7,10.1,27.1,15.4,25.5,2.9,16.8,24.9,6.9,145
Nebraska,Wheeler County,59.4,51.2,66.8,78.9,77.5,80.1,0,0,0,0,0,0,77.5,100,100,78.6,80.1,10.9,12.5,80016,56544,44055,34703,48183,735,100,99,0,0,0.1,0,0.8,0,2.7,337,46,3,0,23,28,7,0,5,46.3,43.8,50,11.1,4.6,20.7,7.9,0.9,18,20.9,31.5,5.3,13.8,19.2,6,145
Nebraska,York County,61.3,54.4,68.7,77.7,70.3,85.5,3.8,1.9,5.3,3.4,1.7,4.7,71.6,83.7,80.8,73.2,90,4.8,8.2,86914,72307,41071,27770,51707,14164,96.9,93.4,1.5,0.5,0.2,0,1.3,3.1,5.2,5597,602,280,5,104,1382,397,21,175,33.9,33.1,34.9,13.7,8.6,19.8,24.3,10.8,40.4,12.6,21.9,1.5,15.5,25.6,3.3,145
New Hampshire,Belknap County,60.7,59.3,62.2,77.2,76.6,77.8,3.6,1.6,5.6,3.8,1.5,6,77.8,76,88.5,75.6,83.2,5.8,8,101229,81788,42878,36053,51533,63395,98,95.3,0.6,0.3,1.2,0,0.5,2,1.9,25571,1321,441,10,764,4111,669,344,2270,36.7,32.1,41.4,17.5,13.9,21.3,24.3,18.8,29.8,10.1,20,0.1,11.4,15.2,7.4,202.2
New Hampshire,Carroll County,58.1,54.7,61.4,77.5,74.3,80.7,5.7,3.1,7.9,5.3,3.1,7.3,76.6,80.4,83.1,81.5,87,4,7.8,93510,77252,37616,33247,44013,49961,97.8,96,0.5,0.2,0.8,0,0.3,2.2,1.6,21521,909,359,62,474,2465,508,163,1386,38,30.3,46.6,17.2,14.3,20.5,19.8,12.5,28.1,14.1,26.1,0.6,10.8,16.8,4.1,195.56
New Hampshire,Cheshire County,61.4,58.4,64.5,78.4,75.9,80.9,3.6,3.1,4,3.5,3.3,3.7,78.5,79.5,85.8,70,84.1,6,9.8,98647,75602,38973,33916,45968,76473,96.6,94.4,0.8,0.2,0.8,0,0.5,3.4,2.1,29991,1848,734,70,880,5182,1246,223,1658,38.5,31.6,45.8,17.4,15.4,19.4,20.4,13.8,27.4,9.5,17.7,0.7,14.3,21.5,6.6,200.7
New Hampshire,Coos County,53.9,54.7,53.3,68.9,74.5,64.6,4.5,3.9,5,3.5,2.4,4.5,76.3,78.4,87.1,71.7,67.7,6.7,10.9,76493,56739,36022,31051,40112,31360,98.2,95.5,2.2,0.2,0.1,0.1,0.2,1.8,2,13592,530,108,41,490,1718,147,94,967,31.5,23.5,40.5,19.5,16.8,22.6,20.9,12.7,30.4,14.6,26.3,1.1,13.5,20.7,5.3,183.87
New Hampshire,Grafton County,59.7,57.3,62.1,76.3,73.7,79,3,3.2,2.7,2.7,3.3,2.1,76.2,80.9,89.2,63.5,80.8,6.4,9.4,101355,80393,40647,34633,46554,91025,96.5,90.7,1.3,0.2,3.6,0.1,0.6,3.5,2.6,34357,1712,651,84,939,5369,930,282,2015,44.2,39.1,49.5,18.9,17.4,20.5,18.5,14.6,22.6,8,14.6,1.2,10.3,14.2,6.2,202.02
New Hampshire,Hillsborough County,67.6,63.6,71.6,81.1,77.4,84.7,3.9,3.6,4.2,3.6,3.1,4.1,80,78.8,83.1,66.8,88.6,4.8,7.2,119128,94754,49700,41197,60011,420504,94.9,86.4,2.8,0.1,4.2,0,1.3,5.1,7.4,165309,12148,5554,356,4928,29085,8906,1765,12849,43.8,41,46.9,14.2,10.9,17.9,21.4,15.6,27.9,7.9,14.6,0.5,12.6,17.9,6.8,216.05
New Hampshire,Merrimack County,63.3,59.6,67.2,77.5,75.2,79.7,3.6,3.9,3.3,3.5,3.6,3.5,78,85.6,85.7,69,83,3.8,7,110408,89878,46442,39303,54858,152983,97,92.7,1.6,0.3,1.9,0,0.4,3,2.4,59175,4608,1398,107,1469,10897,2331,563,3652,40.7,36.2,45.8,17,13.7,20.6,20.6,15,26.7,9.3,17,0.8,12.4,18.1,6.2,204.87
New Hampshire,Rockingham County,67.1,62.4,71.9,81.4,77.2,85.6,3.6,3.2,4,3.4,2.9,3.8,79.6,80.4,79.5,66.5,89.7,3.2,4.9,131816,110834,56242,44747,68653,312771,96.9,93,0.9,0.1,2.1,0,0.8,3.1,3.3,124080,9867,3669,163,1690,22070,7367,1047,7836,46.2,42.8,50.1,13.6,11.2,16.4,21.1,16.1,26.8,8.8,15.8,0.9,10.3,14.2,5.8,222.24
New Hampshire,Strafford County,65.2,61.6,69,78.3,74.6,81.9,3.9,4,3.8,3.6,3.6,3.5,77.6,73.9,80.3,63.5,86,5.4,9.2,109229,83450,41658,34154,49582,130598,95.7,90.7,1.1,0,3.2,0.1,0.6,4.3,2.8,50630,3452,1604,73,1035,7364,2437,383,3475,41.9,38.4,45.7,16.8,13,20.8,20.8,15.3,26.7,7.7,14.3,0.7,12.8,19,6.2,207.34
New Hampshire,Sullivan County,55.9,54,57.8,71,69.9,72.1,2.9,2,3.7,2.5,1.3,3.7,70.8,72.8,76.7,46.6,75.3,8.8,12.5,92348,70400,45674,40714,48606,43105,97.6,95.7,0.6,0.2,0.7,0,0.4,2.4,1.8,16272,976,349,49,640,2228,1001,46,1083,35.4,28.9,42.4,17.4,13.4,21.7,20.1,14.1,26.5,9.4,17.4,0.8,17.7,26.3,8.5,199.48
New Jersey,Atlantic County,58,54.3,61.9,72.8,69.3,76.4,8.6,8.6,8.6,8.1,8.4,7.8,75.7,78.3,83.8,75.8,83.3,11,14,91717,72456,37564,32716,43641,273865,92.7,61.7,13.7,0.5,7.8,0,8.9,7.3,19.4,105277,7682,2041,221,4988,17728,4154,1101,10827,34.9,30.2,39.9,26,24,28.1,21.4,15.7,27.4,8.1,15.3,0.5,9.6,14.8,4.1,136.25
New Jersey,Bergen County,63.3,57.7,69.2,77.9,72.9,83.1,5.3,5.3,5.2,5,5.1,4.9,76.8,71.5,77,71.2,87.5,5,6.6,145190,119352,61204,49338,72853,952979,93.1,66,5.8,0.2,16.6,0,4.5,6.9,21,348674,31289,15139,909,7898,76176,30260,3792,22839,51.3,49.4,53.4,12.4,10.8,14.2,21.8,16.5,27.7,5.6,10.3,0.3,9,13.1,4.4,155.99
New Jersey,Burlington County,61.4,59,63.8,75.1,74.3,75.8,5.3,4.7,5.8,4.8,4.2,5.3,78.4,75.4,82.8,72.6,83.4,4.3,6.2,124612,104569,55388,46660,64155,460102,94.2,69.3,16.8,0.2,5.3,0.1,2.6,5.8,8.6,172400,13676,5748,574,5721,32445,10609,1917,14099,46.8,42.7,51.2,13.8,12.5,15.1,22.6,17,28.6,6.5,12.3,0.5,10.2,15.5,4.7,148.26
New Jersey,Camden County,61.5,57.9,65.3,74.5,71.7,77.4,7.1,7,7.3,6.9,7,6.9,77.1,84.3,83.4,70.6,83.4,9.2,12.3,104175,82279,46090,40557,53683,521194,94.1,60.4,19.1,0.2,5.8,0,8.5,5.9,17.7,196939,15190,5351,628,11483,33005,9693,2559,24232,41.1,36.5,45.8,16.1,14.4,17.9,22.6,16.8,28.6,7,13.2,0.5,13.3,19.1,7.2,137.1
New Jersey,Cape May County,52.1,48.7,55.6,69.7,67.2,72.2,7,7,7,6.7,6.4,6.9,72.3,73.8,80.6,67.3,80.3,6.9,9.3,100671,83098,43582,36362,51544,95488,96.1,88.9,3.9,0,0.8,0,2.6,3.9,8.2,41971,2658,837,50,1039,5477,1637,447,2365,38.4,33.1,44.1,22.2,20.9,23.7,21.6,15,28.7,10.2,19.1,0.5,7.6,11.8,3,138.08
New Jersey,Cumberland County,51.5,52.2,50.7,63,66.8,59.6,8.1,7.5,8.7,7.7,7.5,8,72.3,69,79.3,76.9,64.9,11.5,15.7,76432,63653,34956,32739,36821,154921,91,61.1,19.9,0.7,1.5,0,7.8,9,31.9,51873,3565,1799,93,3764,8116,3728,628,8810,28.6,19.9,37.6,21.9,20.9,22.8,17.7,11.2,24.4,12.2,22.3,1.9,19.6,25.7,13.3,134.11
New Jersey,Essex County,60.3,56.1,64.9,72.3,68.9,75.8,8.6,9,8.2,8.3,8.8,7.8,75.5,75.8,79.9,73.6,82.4,12.3,15.3,95971,73930,44908,38512,51282,852720,92.9,38,38.6,0.3,5.6,0.1,10.4,7.1,23.7,307613,25402,10015,705,21789,52119,18666,3201,45422,40.9,37.5,44.4,18.6,14.8,22.5,20.1,14.7,25.8,7.6,14.5,0.3,12.8,18.5,6.9,139.73
New Jersey,Gloucester County,63.2,59.4,67.2,77.7,74.4,81.1,5.6,4.9,6.3,5,4.2,5.7,77.7,79.1,85.7,74.9,86.2,4.2,7.2,123377,101597,53058,42238,64347,300821,96.1,79.8,10.3,0.1,3.2,0,2.6,3.9,6.8,109290,9693,3143,335,3932,24011,5306,1125,10382,44.1,40.1,48.2,13.3,11.4,15.4,23,16.2,30.2,8.5,16,0.6,11.1,16.3,5.6,143.37
New Jersey,Hudson County,65.7,59.6,71.9,77.3,71.6,82.7,5.7,5.8,5.5,5.4,5.7,5.2,76,69.4,74.3,64.8,87.4,10.8,14.4,94487,86977,53135,44693,60444,713264,88,46.1,12,0.5,15.9,0,13.6,12,42.5,282832,22300,13944,977,13403,30224,16631,2463,29549,45.9,44,48.1,15.8,12.5,19.8,19.2,14.7,24.6,6.2,10.9,0.4,12.9,17.8,7.1,149.85
New Jersey,Hunterdon County,62.1,59,65.2,78.2,75.2,81.1,4.4,4.3,4.4,3.9,3.7,4.1,78.2,76.7,78.5,71.7,84.6,2,3.7,164070,134477,67633,52819,82503,128807,96.1,87.4,2.9,0.1,4.4,0,1.3,3.9,7.1,48975,4368,1497,42,297,10159,3612,461,1844,55,51.9,58.3,11.8,10.6,13.1,20.3,15.9,25.1,7.4,13.9,0.3,5.5,7.7,3.1,152.96
New Jersey,Mercer County,59.7,55.1,64.6,72.9,69.4,76.5,6.3,6.4,6.2,6.1,6,6.2,73.8,74.7,77.2,75,81.7,7.3,11.4,122436,93399,46809,40498,53522,384951,94.5,57.4,20.1,0.2,11.8,0,5.1,5.5,18.5,137114,11641,4385,589,6734,26815,8350,1563,14565,46.5,43.3,50.1,16.3,15.1,17.5,19.4,13.7,25.9,6,11,0.5,11.8,16.9,6,144.42
New Jersey,Middlesex County,61.6,55.5,67.9,75.6,69.7,81.4,6.1,6.5,5.8,5.6,6.1,5.1,74.3,71,78.8,60.9,85.9,6.1,8.4,125257,105602,54960,44007,65318,858770,93.6,51.4,10.2,0.5,24.6,0,6.9,6.4,21.8,299455,24768,15168,907,11826,62890,25928,2896,24907,48.1,46.4,50.2,12.1,10.5,14.1,20.3,14.6,27.1,5.9,10.6,0.4,13.5,17.9,8.3,153.74
New Jersey,Monmouth County,62.8,57.3,68.6,77.5,72.3,82.8,5.6,5.6,5.6,5.3,5.5,5.1,76.6,77.6,77.3,71,87.5,4.4,6.5,152658,120288,59060,45703,73579,642160,95.1,80,6.6,0.2,5.4,0.1,2.9,4.9,11,245569,20970,8608,686,5770,51504,18746,2654,14584,49.4,46,53.1,14.2,13.1,15.5,21.8,16.9,27.3,7.1,12.9,0.5,7.5,11.1,3.6,152.45
New Jersey,Morris County,64.3,58.4,70.4,79.4,74,84.7,5.3,5.4,5.2,5,5.2,4.9,78.1,77.8,79.5,70.9,89.2,3.3,5,165228,134862,67002,53274,81515,508347,94.3,76.9,3.3,0.1,10.6,0,3.3,5.7,13.7,187430,18550,6899,602,2923,43748,15560,2478,10222,54.7,52.2,57.5,12,10.8,13.5,20.6,16.7,25,5.5,10,0.3,7.2,10.3,3.7,160.07
New Jersey,Ocean County,55.5,52.3,59,74.3,72,76.5,5.7,5.7,5.8,5.2,5.2,5.3,76,82.8,77.7,69.6,81.1,6.5,10.5,105699,83542,46179,35839,58352,630057,96.4,88.5,3.1,0.2,1.9,0,2.7,3.6,9.5,237729,24766,9952,8654,4723,49040,22396,6743,13306,40.4,36,45,17.2,16.1,18.4,24.7,17.3,32.4,8.7,16.8,0.4,8.8,13.8,3.7,149.03
New Jersey,Passaic County,61.3,56.1,66.9,74.6,69.6,79.7,7.4,7.3,7.4,7.2,7.2,7.3,75,68.6,77.9,67.8,86,12.2,14.6,96438,85441,43336,36220,49144,521067,89.1,55.7,10.9,0.3,5.4,0,16.8,10.9,42.5,176203,14291,7959,522,14681,33735,12412,1525,26757,34.7,30.2,39.8,16.8,13.8,20.3,21.5,15.6,28.1,8.2,15.2,0.4,18.8,25.3,11.4,143.77
New Jersey,Salem County,56.1,54.7,57.5,70.9,69.9,72,7.6,6.3,8.9,7.5,6.5,8.5,74.7,80.5,78.7,70,78.7,9,13,96484,74009,43705,34578,55469,64752,96.1,77.8,14.4,0.3,0.8,0,2.7,3.9,9.9,24753,1329,728,26,1645,3695,1401,105,3032,36.5,29.6,43.5,14.5,11.5,17.4,22.5,16.1,28.8,9.3,17.5,1.1,17.2,25.2,9.2,132.87
New Jersey,Somerset County,65.6,60.1,71.4,80.2,75,85.5,5.1,5.4,4.9,4.8,5,4.6,78.9,76.5,79.7,63.7,89.7,3.2,5.1,161094,132648,66857,54682,80929,343950,94.7,60.9,9.7,0.2,18.7,0,5.2,5.3,15.1,125363,11334,5385,234,2060,29201,11072,1274,7585,55.2,54.5,55.9,12.5,10.5,14.7,18.8,13.8,24.4,5.3,9.6,0.5,8.3,11.6,4.4,160.12
New Jersey,Sussex County,64.5,60.7,68.3,79.3,75.5,83.1,5.4,5.4,5.5,5.1,5,5.2,79.5,80.3,79,70.7,87.6,3.4,5.1,130816,110793,57670,45502,67638,144492,95.2,89.2,2.3,0,2,0,1.7,4.8,9.2,55401,4401,1764,188,1148,10383,3891,554,3722,43.4,36.9,50.7,14.7,14.1,15.4,21.7,15.9,28.3,10.2,18.6,0.8,10,14.5,4.9,147.09
New Jersey,Union County,64.3,59.3,69.6,77.9,73.3,82.6,6.3,6.6,6.1,5.8,5.9,5.7,77.9,76.5,81.5,69.4,87.6,6.1,8.6,115704,95232,48393,42197,56175,571963,92.3,48.3,21.1,0.3,5.5,0,17,7.7,32.5,198506,18376,9017,658,10223,40906,15224,1876,22522,39.7,35.2,44.7,15.9,13.4,18.7,21.3,15.9,27.2,7.8,14.3,0.6,15.3,21.2,8.8,146.08
New Jersey,Warren County,61.8,56.8,67,76.6,72.1,81.2,5.8,6,5.6,5.4,5.5,5.2,76.3,85,78.5,64.7,85.8,5.2,7.8,114269,92828,49997,38193,60817,109354,94.5,84.5,4.6,0.1,2.7,0,2.6,5.5,10.3,43789,2937,1150,39,947,7824,2931,427,2555,39.7,35.1,45.1,18.3,16.9,19.8,20.9,14.2,28.5,8.5,15.2,0.8,12.6,18.7,5.8,138.47
New York,Albany County,61.7,58.9,64.7,76.9,75,78.9,4.9,5,4.8,4.2,4.4,4,78.4,86.9,84.1,75.8,82.3,6.8,11.7,111122,80453,45636,40278,51678,314679,94.6,73.7,12.1,0.1,6.9,0.1,1.7,5.4,6.3,130754,8991,2488,308,4705,16914,3659,1170,12260,48.5,45.7,51.5,16.3,15.1,17.5,22.3,17,27.7,4.8,9.2,0.3,8.1,13,3.1,220
New York,Allegany County,50,49.1,50.9,66.7,65.9,67.5,6.7,5.8,7.6,5.9,4.1,7.5,68.8,76.1,79.1,63.9,73,10.2,16.3,74911,59269,30177,24262,36564,46654,98.1,95,1.9,0.2,0.6,0,0.4,1.9,1.7,16671,996,633,44,584,2744,1000,224,1373,34.9,27.9,42.4,19.1,12.5,26.1,18.9,12.9,25.2,10.4,19.3,0.9,16.7,27.3,5.4,186
New York,Bronx County,52.3,49.2,55.9,64.5,61.9,67.3,11.2,11,11.5,10.7,10.5,10.9,69.1,68.9,75.1,66.1,75.7,22.8,26.5,56876,47661,34237,31072,37084,1468262,91.4,19.9,34.5,0.8,3.8,0.1,32.2,8.6,56.1,521340,26641,16536,2220,57197,53787,24248,5860,120168,26.9,21.7,32,33.8,29.7,37.9,20.8,16.3,25.1,6.2,12.1,0.5,12.3,20.1,4.6,217.67
New York,Broome County,52.4,49.7,55.2,67.7,66.5,68.8,7.5,6.2,8.6,7.1,5.9,8.2,70.6,68.3,75.3,65.6,75.1,11.6,18.7,79756,58840,34860,30676,40185,198591,95.7,84.2,5.3,0.1,4.6,0,1.4,4.3,4.5,81031,4407,2560,371,2796,9451,4641,708,7294,40.2,35,45.8,20,17,23.2,21,16.5,25.9,6.3,11.9,0.4,12.4,19.6,4.7,186
New York,Cattaraugus County,53.3,51,55.6,68.6,66.7,70.5,6,5.3,6.6,5.9,5.2,6.5,70.4,76.9,80.6,65.8,75.7,11.6,17.3,72858,58355,35473,30932,40869,77211,96.6,91,1.4,2.8,0.7,0,0.7,3.4,2.2,31333,1910,1290,113,1250,4388,1787,524,2707,31.8,23.8,40.4,19.9,16.9,23.1,19.8,10.9,29.4,11.1,20.9,0.5,17.4,27.5,6.6,186
New York,Cayuga County,54.9,54.1,55.7,68.3,69.2,67.4,4.5,4.7,4.3,4.4,4.8,4,72.7,67.4,81.3,76.5,70.3,8.9,13.5,84169,64966,40591,33771,48185,76644,96,90.1,4,0.2,0.7,0,1,4,3.1,30604,1362,845,37,1232,3957,1573,332,2577,35.5,29.2,42.5,19.3,17.5,21.3,19.4,11,28.5,10.4,18.9,1.1,15.3,23.3,6.6,186
New York,Chautauqua County,52.4,49.8,55.2,67.6,65.6,69.5,5.4,5.4,5.4,5.3,5.3,5.3,69.3,74.4,79.6,74.4,73.4,11.3,17.3,71950,54945,34754,28727,41604,128042,96.5,89.8,2.8,0.3,0.6,0.1,3,3.5,7.8,53050,2841,1237,164,2372,6534,2330,596,4704,33,26,40.6,19.9,16.7,23.5,19.4,11.8,27.5,9.7,17.2,1.6,18,28.3,6.8,186
New York,Chemung County,54,52.3,55.6,68.7,68.1,69.3,6.1,6.1,6.2,5.9,5.7,6,72.2,77,78.1,61.5,74,10.3,14.5,79695,63411,38285,33071,44299,84456,95.4,86.9,6,0.3,1.5,0,0.8,4.6,3.4,34223,1876,1032,91,1173,4676,1730,429,3739,34.7,27.8,41.9,18.8,17.7,20,22.9,15.5,30.8,7.6,14.2,0.5,16,24.8,6.8,186
New York,Chenango County,55.3,51.9,58.7,71.1,68.6,73.5,7,6.5,7.5,6.3,4.8,7.6,72.1,84.6,82.1,72.4,79.7,7.7,12.2,75353,60702,38033,30751,44782,47407,97.7,95.5,0.7,0.1,0.5,0,0.8,2.3,2.3,19753,993,367,183,874,2947,707,376,1208,32.3,25.8,39.5,16.5,10.3,23.6,18.9,11.8,26.9,11.2,20.1,1.1,21.1,32,8.9,186
New York,Clinton County,53.6,52.8,54.3,66.7,69,64.7,4.3,3.7,4.8,3.6,2.7,4.5,70.9,74.5,79.9,78.9,68.2,7.9,12.7,85935,68092,40235,35689,46864,80095,97.6,90.4,4,0.3,1.4,0,1.5,2.4,3,32379,1825,619,208,959,4482,1261,427,2085,34.3,25,44.6,21,22.5,19.3,20.8,14.7,27.5,8.4,15,1,15.6,22.8,7.6,186
New York,Columbia County,55.8,54.2,57.5,72.5,71.2,73.8,5.9,5.4,6.4,5.9,5.4,6.3,75.3,67.5,80.2,76.5,78.8,7.1,9.7,100111,79641,41750,36292,46323,61587,95.3,87,4.1,0.1,1.9,0,2.2,4.7,5.1,25167,949,584,48,805,2938,834,222,1907,42,36.3,48.1,17.5,15,20.2,19.3,13.2,25.9,9.2,16.7,1.2,11.9,18.8,4.5,210
New York,Cortland County,59.7,56.4,63.1,74.8,73,76.7,5.9,5.1,6.5,5.4,4.4,6.4,76.4,79.9,86.4,80.2,82.2,6.7,12.8,82896,67758,35492,30256,41743,46984,97.4,93,2,0.1,1.1,0,1.3,2.6,2.9,18260,1190,344,74,727,2747,413,158,1283,37.3,30.4,44.6,22.2,18.4,26.1,17.7,13.2,22.4,10,18.4,1.1,12.9,19.6,5.9,186
New York,Delaware County,51,47.7,54.1,68.2,65.7,70.6,4.7,4.2,5.2,5.1,4.4,5.7,68.7,66.5,80.2,78.7,74.9,11.6,15.4,76056,57505,34684,29596,40250,44644,97,93.4,1.8,0.1,0.9,0,0.8,3,4.1,18487,638,222,20,417,2338,591,225,1147,32.4,26.7,39,19.6,17.7,21.9,19.4,9.3,31.3,11.6,20.9,0.9,16.9,25.5,6.9,186
New York,Dutchess County,59.6,57.2,62.1,74,73.1,74.9,5.2,5.3,5,4.9,4.9,4.9,76.9,75.1,78.1,73.4,79.1,5.8,8.8,119592,94952,47645,39433,56767,296012,93.7,75.3,10.6,0.3,3.5,0,4,6.3,12.9,111735,7826,3551,408,3104,18749,6870,1092,8199,43,38.6,47.7,18.5,17.6,19.5,21,14.6,28,8.8,16.1,0.9,8.7,13.1,3.9,220
New York,Erie County,59.7,56.6,63.1,74.8,72.6,76.9,5.1,4.7,5.5,4.8,4.4,5.2,76,79.8,80.8,69.9,81.3,9.5,13.8,92322,68210,42804,37145,48517,949715,96,76.5,12.8,0.4,3.9,0,2.3,4,5.8,403064,27040,9239,1630,15443,55847,16544,4642,36101,41.8,37.1,46.8,17.4,15.9,18.9,23,17.6,28.6,6.3,11.8,0.6,11.5,17.6,5.1,210
New York,Essex County,53.1,53.5,52.6,69.3,73.6,65.7,5.4,6.4,4.5,5.3,6.1,4.6,78.3,69.4,90.2,72.6,68.9,6.3,9.5,77862,67104,36979,32253,40072,37501,97.6,92.3,3.2,0.2,0.2,0.1,1.7,2.4,3.2,15714,603,450,2,352,1752,363,119,1219,38.1,33.2,43.5,20.4,15.9,25.3,18.9,13.1,25.3,11.6,21.2,1.3,10.9,16.6,4.7,186
New York,Franklin County,47,48.5,45.8,57.9,63.5,53.7,6.6,6.2,6.9,6.5,6,6.9,67.5,72.4,80.4,56.8,57.7,14.7,18.4,74023,60254,37800,35169,40366,47996,96.9,81.9,5.1,6.7,0.6,0,2.5,3.1,3.6,18561,1036,343,29,768,2463,695,172,1601,33.1,24.9,42.6,23.8,25.7,21.5,21.7,14.9,29.7,9.6,17.5,0.4,11.9,17,5.8,186
New York,Fulton County,55.7,53.5,58,70.1,69.6,70.6,5.1,4.2,5.8,4.2,3,5.2,71.8,77.7,80.3,72,74.6,11.1,14.8,75442,60212,38159,33850,44555,53588,95.5,92.2,1.5,0.1,0.7,0.1,0.9,4.5,3.5,21712,1090,390,155,926,2869,713,204,2415,30.1,23.7,37,19.5,14.3,25.1,21,12.7,30,10.6,19.3,1.3,18.7,30,6.5,186
New York,Genesee County,61,58.2,63.8,76.5,73,79.7,4.9,4.9,4.9,4.7,4.9,4.5,76.8,77.4,88.5,65.7,83.5,6.1,10.4,87289,69470,41520,31548,52233,58387,95.8,91.2,2.2,0.5,0.7,0,1.2,4.2,3.5,24461,1684,700,5,671,4069,1015,182,1605,32.7,25.2,40.9,17.1,14.8,19.6,21.3,12.1,31.6,13.3,24.3,1.1,15.5,23.5,6.7,186
New York,Greene County,53.2,55.2,51.4,67,73.2,61.8,3.7,3.2,4.1,3.7,3.1,4.4,75.5,75.9,76.4,84.2,64.9,6.9,10.2,90636,68463,40662,35518,47470,48026,95.9,87.4,5.6,0.3,1,0,1.6,4.1,6.4,17451,1060,391,132,377,2354,892,261,913,38.8,31,47,18,18.6,17.4,21.1,13.4,29.2,8.7,16.3,0.8,13.4,20.7,5.7,186
New York,Hamilton County,48.1,40.8,55.1,64.1,59,68.8,2.7,1.1,3.8,3.1,1.2,4.5,59.8,69.7,78.9,88.2,72.3,1.2,9.7,84119,68497,34944,29499,35766,5068,95.3,93.2,1,0.2,0.4,0,0.5,4.7,1.9,1457,84,12,0,44,217,51,75,76,36.4,34.1,39.6,22.1,18.7,27,18.7,10.5,30.2,16.9,28.7,0.3,6,8.1,2.9,186
New York,Herkimer County,56.8,53.9,59.9,73.8,70.7,76.9,5.4,5.4,5.4,4.9,5.1,4.8,74.5,79.5,78.5,73.9,81,8.1,13,86111,66011,39305,33780,43771,60596,97,94.4,1.2,0.2,0.5,0.1,0.6,3,2.4,24441,1674,752,75,691,3381,1482,322,2005,33.9,27.1,41.3,17.8,15,20.9,22,13.7,31,10.5,19.1,1,15.9,25.1,5.8,186
New York,Jefferson County,47.7,49.7,46,57.1,62.2,52.9,6,5.8,6.1,5.7,5.7,5.7,68.8,59.3,76.3,53.8,80.9,8.8,13.1,77312,63515,36687,31303,42040,117634,94.7,84.8,5.9,0.3,1.6,0.2,1.8,5.3,7.7,45517,3356,3690,306,1863,6979,3241,693,3601,34.6,26.6,43,20,17.9,22.2,22.3,15.4,29.4,11,20.9,0.6,12.1,19.1,4.8,186
New York,Kings County,59.1,56.2,62.4,72.1,69.8,74.7,7.1,6.3,7.9,6.9,6.2,7.6,74.5,73.1,75.3,64.5,80.9,14.9,18.8,84153,73851,47672,44603,51668,2712360,94.2,42.1,30.5,0.4,11.8,0.1,9.3,5.8,18.8,985108,87500,48145,9937,57031,139564,75651,13475,121363,45.5,41.9,48.9,21.5,17.6,25.3,18.9,15.8,22,5.6,10.9,0.4,8.5,13.7,3.3,217.67
New York,Lewis County,56.4,52.5,60.3,73.3,69.3,77.2,5,5,5,4.9,5.2,4.7,73.1,72.8,82.4,66,82.4,9.2,11.9,74709,65453,38816,32094,46651,26681,98,95.2,1.6,0.2,0.4,0,0.7,2,1.7,10453,924,503,24,400,1936,684,157,578,33.6,24.9,43.7,19.4,16.1,23.3,17.9,9.6,27.5,15.9,29.1,0.5,13.2,20.3,5,186
New York,Livingston County,54.8,53.1,56.4,69.7,69.7,69.7,4.8,5.4,4.3,4.1,4.2,3.9,72.8,87.3,88,60.2,72.7,6.1,11.5,89327,70269,37910,30593,46667,62253,96.6,91.2,2.8,0.1,1.1,0,1.4,3.4,3.9,24012,1362,721,21,639,3676,1250,293,1540,37.7,30.7,45.4,17.6,15.3,20.1,18.9,11.6,26.8,12.6,22.8,1.5,13.3,19.7,6.3,186
New York,Madison County,55.1,51.4,58.9,69.6,65.2,73.9,4.2,4.7,3.8,4.4,4.9,3.8,68.6,72,84.3,71.9,77.6,6.9,9,87153,69010,37702,31231,44989,68466,96.7,92.9,1.5,0.4,1.1,0,0.8,3.3,2.4,24779,1775,740,101,978,4529,1142,377,1633,38.1,34.3,42.4,19.5,17.9,21.4,19.3,11.2,28.2,9.9,17.6,1.5,13.1,19,6.5,186
New York,Monroe County,60.4,57.7,63.4,75.7,73.6,77.9,5.3,4.7,6,4.9,4.3,5.4,76.9,81.4,80.8,72.8,82.4,9.3,13.7,95212,72286,42793,36988,48802,757332,95.2,73.9,14.8,0.2,3.7,0.1,2.4,4.8,9.2,311955,20577,6948,831,14057,43609,13046,2037,36586,46.3,42.5,50.2,16.6,14.7,18.6,20.8,16.1,25.6,5.5,10.3,0.6,10.7,16.4,5,210
New York,Montgomery County,55.3,52.9,57.7,70.8,68.9,72.7,6.4,5.4,7.4,6.1,4.7,7.4,72.3,73,83,58.5,78.9,13.3,16.7,74088,58351,37456,33608,43040,49539,95.1,85,2.9,0.2,0.8,0,6.2,4.9,14.9,18907,1465,744,66,859,2652,919,325,2390,32.3,26.2,38.7,18,14.9,21.3,21,12.8,29.7,9.2,16.7,1.2,19.6,29.4,9.1,186
New York,Nassau County,62.4,57.1,68,77.7,72.8,82.8,4.5,4.3,4.7,4.3,4.1,4.5,75.9,77,79.3,71.6,86.8,3.6,5.5,159961,137968,60070,49634,72450,1391678,94.5,64.6,11.5,0.3,10.5,0,7.6,5.5,17.2,453576,49024,18660,1276,13611,113209,39794,5545,32576,48.7,44.7,53.1,15.7,15.1,16.3,21.7,17,27,6.3,11.7,0.3,7.6,11.4,3.3,263.33
New York,New York County,62.4,59.2,66,74.9,73,76.9,6.6,6.1,7.1,6.3,5.6,7,77.3,76.3,73.2,70,82.7,11.9,15.6,132307,102412,71779,63309,83831,1669127,92.4,53.6,14,0.4,12,0,12.4,7.6,25.6,767213,41158,15127,2297,23288,52948,23163,4913,51572,62.8,62.6,63.1,13.5,12.3,14.8,17.4,14.9,19.9,2,3.8,0.3,4.2,6.5,1.9,217.67
New York,Niagara County,57.3,54.7,60.1,73.1,71,75.2,5.8,5.2,6.4,5.4,4.9,5.9,74.7,78,81.9,72.7,80.2,9.1,12.4,86098,66309,41003,34277,47965,212808,95.7,86.2,6.8,0.8,1,0,0.9,4.3,3.4,90030,5664,2017,397,3365,12813,3064,628,8372,35.7,29.2,42.5,16.9,14.5,19.4,23.5,16.5,30.8,8.5,16.1,0.6,15.3,23.6,6.6,186
New York,Oneida County,54.9,52.7,57.1,70.1,69.2,71,4.7,4.4,5,4.3,4.2,4.4,72.2,71.7,79.8,73.1,74.9,10.1,14.5,85326,67289,40500,35313,45516,232034,96,83.8,6.1,0.2,4.1,0,1.8,4,6.2,90866,5208,3152,362,4558,13447,5187,1541,9007,39.3,33.4,45.5,20.6,19.7,21.7,21.5,15.1,28.3,7.4,13.9,0.4,11.3,17.9,4.1,186
New York,Onondaga County,58.3,55.3,61.7,73.5,71.3,75.8,5.9,5.8,6.1,5.6,5.4,5.9,75.4,78.1,80.7,74.8,80.9,9.8,13.8,94429,71953,43688,38543,48875,474621,94.7,78,10.9,0.4,3.9,0,1.4,5.3,5.2,190353,13595,4542,533,8974,28354,7434,2743,19910,43.7,39,48.6,16.7,15.5,18,22.6,17.2,28.2,6.3,11.7,0.8,10.6,16.7,4.4,210
New York,Ontario County,60.4,57.1,63.9,77.2,73.9,80.5,4,4,4.1,3.7,3.5,3.9,76.7,78.6,82.7,72,83.8,5.2,8.5,98890,77056,43373,35814,49995,112060,96.6,91.3,2.3,0.1,1.4,0,1.5,3.4,5,46547,2966,1296,189,1420,7508,2322,399,3723,44.4,38.7,50.5,16.3,14.6,18.2,20,15.8,24.4,8.7,15.6,1.3,10.6,15.3,5.5,210
New York,Orange County,59.3,56.1,62.4,72.4,69.4,75.2,5.4,5.2,5.6,4.9,4.8,5.1,73.3,72.7,77.8,61.3,81.7,8.3,11.7,112197,93348,47011,39000,56511,398277,93.1,70.7,11,0.5,2.7,0.1,8.1,6.9,21.4,132880,12715,9689,1526,4986,29117,18401,2713,12581,37.8,31.7,44.7,18.6,18.1,19,22.5,16.1,29.7,9.4,17.2,0.7,11.7,16.9,5.9,220
New York,Orleans County,51.3,48.5,54.2,64.3,61.9,66.6,6.4,4,8.4,5.4,3.2,7.3,63.9,60.9,77.7,71.7,72,11.1,14,73743,59821,36499,30354,42452,40588,96.9,87.8,5.7,0.3,0.8,0,2.3,3.1,5.1,16203,889,648,39,519,1918,745,221,1531,28.8,20.7,37.8,17.2,14.2,20.6,20.9,13,29.8,15.4,27.1,2.5,17.6,25.1,9.3,186
New York,Oswego County,57.2,54.2,60.1,72,69.6,74.4,7.1,6.5,7.7,6.3,5.9,6.7,74,71.8,83,74.6,80.2,12,16.4,82745,67561,35813,31490,41889,118019,96.8,94,1.1,0.1,0.7,0,0.9,3.2,2.7,46749,2077,1332,149,2451,6540,1621,541,4424,32.8,25.6,40.7,17.8,15.4,20.4,22.1,14.6,30.4,11.4,20.9,1,15.9,23.5,7.5,186
New York,Otsego County,53.6,51.6,55.7,71,69.7,72.4,5.7,3.5,7.7,5.4,3.6,7,72.3,71.8,81.4,65,78.4,8.2,12.4,83963,65970,33115,27246,36809,58952,96.6,92.2,2,0.2,1.4,0.1,0.8,3.4,3.9,22448,1277,596,28,579,2579,973,165,1451,36.5,29.8,43.4,19.8,19,20.7,22.4,14.5,30.3,10.6,20.1,0.9,10.7,16.6,4.7,186
New York,Putnam County,62.1,57.6,66.6,76.4,73.5,79.2,4.8,4.4,5,4.6,4.1,5.1,76.6,85.4,81.6,76.2,83.4,3.7,6,139343,121663,52554,44344,62336,97960,96.1,83.2,3.5,0.2,2.1,0,7,3.9,16.2,34651,3208,824,170,719,7779,2138,814,2343,45.2,40,51.3,17.4,17.2,17.6,20.6,14.9,27.1,9.2,16.8,0.4,7.6,11.1,3.6,263.33
New York,Queens County,59.4,54.2,64.9,73.3,68.5,78.2,7,6.8,7.1,6.7,6.6,6.8,73.3,67.9,75.7,63.7,84.1,8.8,11.4,92982,82716,45431,41962,48028,2393104,92.4,33.6,17.8,0.6,25.8,0,14.6,7.6,27.9,807468,65164,40212,4505,38063,125032,61346,9423,77584,36.7,32.2,41.8,23.5,19.7,27.7,20.1,15.2,25.7,8.3,15.2,0.7,11.3,17.7,4.2,217.67
New York,Rensselaer County,60.8,57.7,64,76.1,73.4,78.7,5.4,5.9,4.9,5,5.4,4.6,77.7,84.7,86.5,79.8,83,7.5,11.2,104955,83637,47730,41863,52995,161125,94.9,84,6.5,0.1,2.9,0,1.4,5.1,5.2,66341,4305,1291,131,2437,9775,1967,568,6264,44.7,40.2,49.6,15.8,14.9,16.8,21,13.7,28.8,7.9,14.8,0.5,10.6,16.4,4.4,210
New York,Richmond County,56.4,51.7,61.5,70.4,65.7,75.2,5.5,4.6,6.2,5.1,4.1,6,68.6,68.9,70.6,61.8,80.1,8,10.3,117832,97475,55500,47711,62318,493194,94.2,69.4,10.1,0.3,10.4,0,4.1,5.8,18.4,169528,13881,8638,864,6080,31008,16758,3287,17574,42.8,35.7,50.6,20.3,20.3,20.4,19.9,14.6,25.9,8.3,15.2,0.6,8.7,14.3,2.5,217.67
New York,Rockland County,60.1,56.4,63.8,74.5,71.3,77.7,6,5.4,6.4,5.8,5.3,6.3,75.3,73.6,78.9,60.7,83.2,10.1,14.9,126989,108681,48484,39650,58614,336485,94.7,69.4,11.5,0.2,6,0,7.6,5.3,18.1,102161,15018,10114,1876,3782,29689,18240,2259,8494,46.6,42.4,51.2,18.1,16.4,19.9,20.8,16.9,25.1,6.2,11.5,0.5,8.2,12.8,3.3,263.33
New York,St. Lawrence County,49.6,48,51.1,64.2,63.3,65,6.3,6.3,6.3,6.1,6.3,6,67.5,74.1,82.7,55.2,69.3,11.4,17.1,75568,59243,34575,30125,38996,108836,97.5,92.3,2.7,0.4,1,0.1,1,2.5,2.4,41224,2035,1699,178,1579,5940,2877,457,3102,37.6,32.2,43.6,22.1,22.3,21.9,18.3,10,27.7,9.7,17.7,0.8,12.3,17.8,6.1,186
New York,Saratoga County,63.8,60.3,67.4,79.5,76.5,82.5,3.6,3.1,4.1,3.5,2.9,4,79,83.5,84.6,70.4,87.3,3.9,6.4,122691,98972,54299,42847,64956,235010,96.7,91.3,1.7,0.1,2.8,0,0.7,3.3,3.4,97829,7385,2667,306,1894,17546,4690,622,6114,48.2,43.8,52.9,14.4,13.1,15.8,20.9,15.2,27,7.3,13.5,0.5,9.3,14.4,3.8,220
New York,Schenectady County,58.1,55.7,60.8,73,71.2,74.9,6.9,6.4,7.4,6.4,6.3,6.6,76,75.3,83.7,76,80.6,8.2,12,100317,76181,44586,39047,50948,157515,92.5,74,9.8,0.4,4.8,0,3.5,7.5,7.4,61038,4477,1396,497,2665,10700,2589,625,6025,42.7,37.8,47.8,17.3,14.4,20.4,21.2,15.9,26.6,8.1,14.5,1.4,10.7,17.5,3.7,210
New York,Schoharie County,54.1,50.8,57.4,71.2,68,74.4,5.8,4.7,6.8,5.6,5,6.3,71.5,62.1,83.7,71,79.5,6.6,12.1,83870,70000,38738,31282,47678,29936,96.8,92.5,1.7,0.1,1,0.1,1.5,3.2,3.5,12110,577,368,14,272,1695,374,100,883,36.8,32.3,41.8,16.3,11.3,21.8,19.3,10.5,29.2,13.8,25.5,0.7,13.8,20.4,6.5,186
New York,Schuyler County,54.7,51.2,58.2,70.7,66.1,75.2,5.7,4.7,6.6,5.8,5,6.5,69.6,77,84.8,65.4,81.3,10.6,15.8,82623,61516,38756,34223,46634,17920,97.4,95.3,0.9,0.1,0.7,0,0.4,2.6,1.8,7542,443,173,2,177,1124,278,24,469,34.5,27.8,42.2,20.5,20.1,21,20.1,11.3,30.2,9.8,17.5,1,15.1,23.3,5.6,186
New York,Seneca County,54.9,57.5,52.7,67.7,73.3,63.1,3.7,3.2,4.2,3.8,3.3,4.2,75.8,66.9,80.8,62.9,65.8,5.8,11.9,82275,64404,37511,31220,43423,33900,96.8,89.7,5.2,0.3,0.6,0,1,3.2,3.7,13603,783,587,42,195,1816,1092,126,766,34.4,26,43,17.3,17.7,16.8,20.3,10.9,30,14.5,26.1,2.6,13.5,19.2,7.5,186
New York,Steuben County,55.7,52.9,58.4,71.8,70.1,73.6,6.3,5.7,6.8,6,5.6,6.4,74.2,76.5,89.3,60.9,78.6,8.1,12.8,82524,63931,39638,33041,46574,94153,97.7,93.8,1.6,0.1,1.5,0,0.7,2.3,1.7,38650,2059,1453,255,1103,6539,1619,624,2962,38.8,33.1,45,16.1,13,19.6,18.3,10.1,27.3,11.4,20.6,1.2,15.5,23.3,6.9,186
New York,Suffolk County,62.4,57.8,67.2,76.9,72.9,80.9,4.8,4.6,5,4.5,4.3,4.6,76.3,75.2,78.7,66.3,84.9,4.4,6.6,142327,121709,55469,45622,64777,1522998,93.9,76.3,7.5,0.3,4.1,0,5.8,6.1,19.9,505564,43687,21848,1306,17211,111374,40454,7024,42995,42.4,37.1,48.4,16.5,16,17.1,22.8,16.9,29.3,8.8,16.2,0.5,9.5,13.8,4.7,263.33
New York,Sullivan County,51.6,52,51.2,64.1,66.3,62.1,8,6.7,9.3,7.4,6.5,8.3,70.9,67.8,84.2,63.2,67.8,10.1,14.1,82874,69098,40773,35508,48489,78230,94.1,76.8,8.4,0.5,1.8,0,6.5,5.9,16.6,28816,2063,1210,511,1186,4062,1305,759,2427,36.5,30.3,43,23.1,21.1,25.1,18.4,12.4,24.8,9.4,17.8,0.6,12.6,18.4,6.6,186
New York,Tioga County,57.4,52.9,62,73.6,69.7,77.5,5.9,5.1,6.7,5.8,5.2,6.3,73.5,75.3,80,79.3,82.7,5.8,9.3,86869,70836,40749,33996,47283,48567,98.2,95.4,0.9,0.2,0.9,0,0.8,1.8,2.1,20316,1214,292,37,582,3395,1019,136,1429,37,31.7,43.2,15.7,13.5,18.2,20.6,12.6,29.8,11.7,21.3,0.7,15,21,8.1,186
New York,Tompkins County,56.4,55.5,57.3,70.1,69.6,70.6,4.7,3.9,5.5,4.6,3.4,5.8,72,71.6,88.3,69.9,75,5.3,16.8,104653,70043,34111,29794,37462,105638,94.7,79.2,4,0.1,9.4,0,2.1,5.3,5.3,42889,2110,942,139,988,4256,1136,323,2769,55.1,53,57.3,15.7,15.3,16,17.6,12.8,22.4,4.8,8.8,0.8,6.8,10.1,3.5,210
New York,Ulster County,57,55.7,58.3,70.7,70.9,70.5,5.1,4.6,5.6,4.8,4.2,5.3,74,81.1,79.3,79.4,74.5,7.1,13.2,102909,77434,42852,35872,50152,181862,91.6,80.1,6,0.2,1.8,0,3.6,8.4,10.7,71194,4489,1246,139,2033,9219,2631,682,6009,40.4,33.6,47.3,20.2,19.2,21.3,19.5,13.4,25.9,9.8,18.4,0.9,10.1,15.4,4.6,220
New York,Warren County,58.5,55,62.1,76.4,74,78.8,4.2,4.1,4.3,3.8,3.7,4,76.9,83.3,89,65.9,82.8,4.8,7.9,101433,74954,45312,40065,50813,65692,97,94.4,1.4,0.1,0.8,0,0.4,3,2.8,29261,1330,717,180,696,4065,997,278,1687,39.9,36.8,43.2,18.9,18.1,19.8,22.2,14,31.2,7.6,13.4,1.3,11.4,17.7,4.5,210
New York,Washington County,55.2,54,56.2,68.2,68.5,67.8,5.7,5.8,5.5,5.6,5.7,5.6,72.6,79.9,72.8,86.6,72.2,8.4,11.9,80831,69617,39380,35944,43766,61504,97,92.2,3,0.2,0.6,0,0.9,3,2.9,24073,1249,416,87,1143,3050,1217,240,1835,32.2,24.7,40.8,17.2,14.4,20.4,22.3,16.1,29.4,11.9,21.1,1.5,16.4,23.8,7.9,186
New York,Wayne County,59.9,56.4,63.4,76.2,73.4,79,4.1,3.7,4.4,3.6,3.3,3.8,76.1,83.6,84.9,67.8,82.2,7.3,11.2,88047,69926,40411,35052,47865,91332,95.5,90.7,2.2,0.1,0.8,0,1.6,4.5,4.6,37771,2307,1119,139,1504,6890,1802,540,3047,35.2,27,44.2,16.3,14.4,18.5,20.9,14.8,27.7,10.9,19,1.9,16.7,24.7,7.7,186
New York,Westchester County,61.5,56.7,66.8,76.4,71.9,81,6.1,5.8,6.3,5.7,5.7,5.8,76.3,79,78.5,71.2,86,5.5,8.2,147122,114872,58449,49010,68509,999723,93.1,59.9,14.6,0.4,6.1,0,12.1,6.9,25.2,364413,34888,12449,1015,11394,75027,28675,4376,29387,50.7,46.8,54.9,16.7,15.9,17.7,18.9,14.2,24,6.8,12.6,0.5,6.8,10.4,2.9,263.33
New York,Wyoming County,54.6,56.6,53.1,68,73.1,64.1,4.1,2.2,5.6,4.2,2.3,5.8,74.8,79.6,85.4,71.3,68.1,6,9.2,83067,65414,39658,32499,48000,40679,97.2,90.2,4.2,0.2,0.7,0,1.9,2.8,3.4,15870,1154,455,37,331,2599,883,234,1374,31.8,24.4,40.3,19.3,17.9,20.9,20.3,10.7,31.2,14.6,26.1,1.4,14.1,20.9,6.3,186
New York,Yates County,55,49.5,61,71.8,67.3,76.4,3.2,4.5,2.1,3,4,2,70.5,56.6,74.9,48.6,78,9.6,13.2,77837,62822,33361,28086,38774,24808,98.7,96.2,0.8,0.1,0.8,0,0.7,1.3,2.2,8594,573,813,13,179,1414,959,117,924,31.8,26.4,38.1,21,16.5,26.3,17.5,10.7,25.3,13.2,22.6,2.5,16.4,23.9,7.9,186
North Dakota,Adams County,60.6,52.5,68.5,81.4,76.5,85.4,0.8,1.9,0,1,2.4,0,78.3,100,73.5,72.2,85.4,7.3,14.2,87745,57657,40970,36248,47461,2237,98.6,93.9,1.7,0.7,2.3,0,0,1.4,2.2,999,138,37,0,6,149,87,3,52,35.6,34.4,37.2,14.7,10.4,20.4,22.2,13.3,34.2,20.5,33.4,3,7.1,8.5,5.2,142.54
North Dakota,Barnes County,63.2,60.5,65.8,81.7,80.3,82.9,3.4,3.9,2.9,3.2,3.9,2.6,83.7,92.7,90.3,87,85.2,5.5,10.6,96667,69777,39844,34172,48505,10869,96.3,91.1,1.8,1.7,1.1,0.1,0.5,3.7,2.4,4833,340,68,0,184,946,167,9,134,32,29.1,35.1,21.5,14.1,29.7,19.5,13.9,25.7,13.5,24.9,0.9,13.5,17.9,8.6,152.23
North Dakota,Benson County,49,48.9,49.1,59.1,57.8,60.4,3.3,2.4,4.2,3.4,2.8,4,59.4,59.3,78.9,44.5,62.9,25.5,30.2,67035,59269,38150,35984,44314,6090,95.4,38.2,0.2,56.2,0.4,0.1,0.3,4.6,3.8,1899,155,41,9,410,247,56,55,495,43,40.9,45.2,19.7,16.7,23,15.7,7,25.1,10.3,18,2.1,11.3,17.4,4.7,141.47
North Dakota,Billings County,61.9,52,70.2,80.1,76.1,83.3,2.4,1.9,2.7,2.9,2.1,3.5,77.7,28.6,63.6,88.2,86.3,5.2,9.6,111044,77799,37923,27931,46931,839,100,100,0,0,0,0,0,0,0,305,40,20,0,9,79,35,0,3,44.6,39,53.8,18.5,14.6,25,11.2,8.7,15.4,17.6,28.3,0,8,9.4,5.8,152.27
North Dakota,Bottineau County,59.1,53.8,64,77.6,70.9,83.5,4,3.3,4.5,3.8,2.5,4.7,72.7,59.9,80.6,63.1,88.6,4.9,8.7,98924,74224,41164,31338,53562,6442,97.7,91.3,0.3,4.6,0.5,0,0.8,2.3,2.5,2586,232,141,2,56,567,167,0,146,37.8,37.6,38.2,16.7,9.8,25.5,15,6.8,25.5,18.1,29.6,3.6,12.3,16.2,7.3,157.88
North Dakota,Bowman County,65,60.6,69.4,84.6,80.9,88.1,4,5,3.2,4.2,5.8,2.8,85.8,100,86.5,80.9,90.6,10.1,9.3,101132,83327,44852,32360,56234,3024,97.5,94.4,0,1.8,0,0.4,0.9,2.5,5.6,1190,130,17,6,42,311,55,31,86,34.6,36.4,32.5,15.7,3,30.6,19.9,11.3,29.9,20.1,36.7,0.7,9.7,12.6,6.3,157.33
North Dakota,Burke County,65,59.5,70.3,81.3,75.4,86.7,2.5,3.2,1.8,2.8,3.7,2.1,78.5,57.6,87.5,72.3,88.6,2.2,5.5,120535,106604,57523,44622,68567,2177,97.3,93,0.7,1.1,1.7,0,0.8,2.7,1.1,903,71,31,7,22,251,32,15,45,37.9,33.2,43.7,18.5,13.6,24.5,16.8,9.7,25.6,11.8,20.7,0.8,15,22.9,5.4,156.47
North Dakota,Burleigh County,66,62.6,69.4,81.6,79.6,83.6,2.8,2.6,3,2.7,2.8,2.7,81.8,83,89.8,76.2,86.5,4.4,7.8,109331,82887,48219,41855,56471,97895,96.1,87.7,2.3,4.5,0.7,0.2,0.7,3.9,2.8,39323,4268,882,146,1422,9195,1123,164,2891,42.9,37.1,49.3,17,13.2,21.3,20.2,15.9,25,9.7,17.6,1,10.2,16.3,3.4,164.82
North Dakota,Cass County,73.8,70.2,77.2,85.7,83.3,87.9,3,2.8,3.2,2.7,2.5,2.8,85.7,85.6,85,86.3,91.3,5.4,10.4,106454,74903,42169,37274,46532,182992,96.2,85.1,6.1,1.1,3.3,0,0.6,3.8,2.9,77977,8770,1694,151,3185,15804,3410,425,4499,43.3,37,50.3,16.7,13,21,20.2,16.9,23.9,8.3,15.3,0.4,11.5,17.8,4.3,160.21
North Dakota,Cavalier County,60.9,55.3,66.2,85.1,80.6,89.1,1.8,0.9,2.6,1.6,1,2,81.5,95.6,86.1,60,90.9,6.4,13.8,96014,65710,45715,35001,59583,3725,95.8,93.6,0.1,0.8,0.1,0,1.1,4.2,0.4,1553,201,53,0,5,280,76,19,38,39,39.1,38.9,13.3,7.1,21.2,21.6,12.9,32.4,17.1,29.3,2,9,11.6,5.6,147.22
North Dakota,Dickey County,61.9,61.1,62.8,81.3,80.1,82.5,3.3,1.2,5.2,3.3,1.5,4.9,81.3,84.7,84.1,86.2,88.7,3.5,5.7,92744,63511,41374,28728,54757,5013,98.3,95.3,0.5,1.4,0.5,0,0.6,1.7,3.3,1945,195,81,0,41,584,139,0,33,35.3,33.5,37.1,17,7,27.3,17.5,8.9,26.2,14.1,25.1,3,16,25.5,6.4,147.76
North Dakota,Divide County,57.1,56.1,58,76.8,78.7,75,3.7,0,6.8,4.3,0,8,78.7,82.5,79.5,100,81.5,6.4,5.6,102755,90947,40910,22879,59068,2196,95.7,90.7,3.3,1.7,0,0,0,4.3,4.9,911,131,0,0,45,153,24,0,38,43,53.3,31.7,16.3,4.2,29.4,14.9,5,25.6,17.7,24.2,10.5,8.2,13.3,2.7,173.54
North Dakota,Dunn County,57.5,51.5,62.5,71.7,68.8,74,2.4,2.9,2.1,1.8,1.3,2.2,69.7,49.1,62.1,72.7,75.7,4.2,7.3,124533,92060,46572,39286,61161,4054,96.9,81.1,0.7,12.2,1.4,0,1.4,3.1,5.5,1476,125,75,4,67,252,164,17,119,32.3,28.4,38,12.8,12.3,13.5,16.9,8,30.2,15.7,25.2,1.6,22.3,26,16.6,169.61
North Dakota,Eddy County,58.4,54.2,62.2,81.5,78,84.7,1.7,1.4,1.9,1.8,1.6,2.1,79.3,86,100,97.8,87.3,8.3,13.7,74548,49004,36280,31913,37745,2378,94.8,90.5,0,3.9,0,0,0.4,5.2,2.9,1053,133,20,3,28,226,4,3,32,41.9,36.7,48.6,15.6,10,22.7,21.2,18.3,24.9,10,16.8,1.4,11.3,18.3,2.4,140.02
North Dakota,Emmons County,57.1,49.9,64,77.9,73.4,81.8,1.3,2.2,0.7,1.6,2.6,0.8,75.3,89.9,88.4,82.6,82.5,4.3,8.1,91742,61817,39866,28712,54829,3316,98.8,97.5,0.2,0.2,0.3,0,0.6,1.2,1.3,1507,172,35,0,15,319,47,7,15,41.1,39.2,43.6,13.7,6.7,23.1,15.6,12.1,20.4,14.7,24.1,2.1,14.9,17.8,10.9,141.85
North Dakota,Foster County,67,61.7,72,87.2,86.9,87.4,0.1,0.3,0,0,0,0,86.9,96.9,95.2,97.6,87.9,4.6,7.2,110153,77663,47315,35941,58753,3396,96.8,95.4,0.3,0.6,0.1,0.5,0,3.2,0.5,1456,198,9,5,22,441,32,19,23,37.1,30.5,45.2,8.2,4,13.5,29.9,24.7,36.5,13,23.4,0,11.8,17.5,4.8,149.15
North Dakota,Golden Valley County,62.3,55.7,69.1,79,72.4,85.8,3.3,4.5,2.3,3.9,5.2,2.8,76.3,100,74.6,70.3,88.3,3,5.9,102036,90792,48405,34815,76149,1812,93.7,91.4,0.1,2.1,0,0,0,6.3,5,719,122,24,0,15,82,33,14,15,36.1,35,37.4,18.5,15.7,22,20.6,10.4,32.9,7.9,12.3,2.6,16.8,26.6,5,155.83
North Dakota,Grand Forks County,66.7,64.4,68.8,78.2,77.4,79,3.8,3.4,4.2,3.1,2.8,3.4,81.4,83.6,85.2,82.8,86.6,8.5,15.4,94284,62362,36328,30559,43612,73101,96.2,84.4,4.1,2.7,2.9,0.5,1.6,3.8,4.7,30862,3265,782,67,986,5386,707,104,2352,38.1,35,41.6,19.1,15.2,23.6,21,15,27.9,9.7,17.3,0.9,12.1,17.4,6,158.83
North Dakota,Grant County,57.8,55.5,59.9,78.1,76,79.9,2.2,3.1,1.3,2.5,3.9,1.3,79.1,95.3,88.2,53.2,80.9,7.5,11.8,77663,62348,35189,29037,42481,2351,97.8,94.8,0,1,1.7,0,0.3,2.2,1.2,1056,95,31,13,4,206,69,8,47,49.6,46.4,53.5,11.7,6.7,17.6,17.1,11.1,24.2,13,22.9,1.2,8.5,12.8,3.4,142.26
North Dakota,Griggs County,60.8,54.6,67.2,86.1,82.5,89.8,2,0.8,3,0.8,0,1.4,82.5,100,100,100,91.1,3.4,4.8,91677,69974,41637,34335,52732,2242,97.5,96.6,0,0.9,0,0,0,2.5,1.3,927,107,0,0,3,236,0,0,46,46.4,47.6,44.9,15.3,9,22.9,18.4,10.1,28.2,11,19.1,1.2,8.9,14.1,2.7,143.09
North Dakota,Hettinger County,54.6,46.3,64,72.4,59.8,87.5,3.7,1.8,5.3,3,2,3.9,61,100,78.7,36.2,91,5,10.1,80388,68523,43716,27165,61994,2502,97.3,92.6,0.6,2.4,0,0.1,1.6,2.7,1.8,1037,46,69,0,49,117,119,8,48,37.5,38.2,36.6,16.3,3.8,31.8,18.1,13.2,24.1,15.1,25.8,2,13,19.1,5.4,152.62
North Dakota,Kidder County,57,52.4,60.9,77,70.7,82.2,0.8,0.7,1,1,0.8,1.1,71.2,91.4,70.5,73.9,83.1,10.4,10.3,72780,57137,43798,34596,53527,2397,98,93.7,0.5,2.9,0,0,1,2,4.5,1042,89,7,3,34,180,121,0,19,43,35.2,54,14.7,10,21.4,11.8,7.1,18.5,16.4,26,2.9,14,21.7,3.2,141.14
North Dakota,LaMoure County,62,56.6,67.1,79.1,72.4,85.5,1.5,1.1,1.9,1.9,1.4,2.4,73.4,62.5,85.5,66.1,87.6,9.3,14.5,92885,69317,40645,29041,55199,4173,97.5,95.7,0.5,0.4,0.1,0,0.9,2.5,1.9,1728,178,112,0,18,352,102,17,94,40.3,36.8,44.6,15,10,21.3,19.6,11.5,29.7,14.4,24.1,2.1,10.8,17.5,2.3,142.99
North Dakota,Logan County,59,52.2,65.5,83.9,78.8,88.3,1,1,1,1.2,1.2,1.1,79.8,100,91.6,50,89.3,7.1,7.4,74204,58783,35928,22880,47858,1814,98.3,96.7,0.1,0.1,0.1,0,1.3,1.7,2.5,772,99,24,0,5,177,31,3,32,47.3,44.6,50.6,14.8,8.1,23.5,12.5,6.3,20.4,16.9,26.8,4.1,8.5,14.1,1.3,151.61
North Dakota,McHenry County,62,56.6,67,79.7,75.4,83.5,4.2,4,4.5,4.1,3.8,4.3,78.4,83.6,91,73.2,89.1,7.4,9.1,96766,78057,45271,36885,56534,5420,98.5,96.4,0.6,0.9,0.4,0,0.1,1.5,2.2,2329,216,88,15,46,534,110,51,127,39.2,37.5,41.3,14.2,9.4,20.3,18.4,6.8,33.2,16.1,28.8,0,12.1,17.6,5.2,150.14
North Dakota,McIntosh County,62.5,59.1,66.1,88.9,91.5,86.3,0.6,0.8,0.4,0.3,0,0.5,91.5,100,90,82.6,87.3,6.9,10.2,81750,63281,39891,34306,45321,2568,98.7,95.4,0.6,0.5,0.7,0,1.5,1.3,2.4,1224,83,5,3,49,251,10,3,17,39.3,37.4,41.2,18.4,7.1,30.4,14,8,20.3,14.9,28.7,0.5,13.4,18.8,7.6,142.08
North Dakota,McKenzie County,68.7,59.5,76.6,78.4,70.1,85.1,2.2,2.3,2.1,2.3,2.5,2.2,71.9,60.6,73.8,55,87.4,8,13,103255,85502,53314,39840,66465,13762,95.2,80.2,1.9,10.9,0.4,0,1.7,4.8,9.9,4928,462,503,50,339,861,655,33,674,36.2,28.2,48.1,15.7,10.7,23.4,15.5,12,20.8,19,28,5.6,13.5,21.1,2.2,179.27
North Dakota,McLean County,59,53.6,64.1,77.8,70.3,85,1.6,1.8,1.4,1.7,1.9,1.6,72.3,80.8,83.1,73.5,86.4,5.1,7.7,93971,78833,44414,34166,57948,9788,97.4,88,0.6,7.6,0.2,0.3,0.7,2.6,2.7,4101,370,144,21,44,809,157,54,179,36,33.8,38.8,13.8,7.1,22.3,17.2,7.6,29.3,19.7,32.7,3.3,13.3,18.8,6.5,153.13
North Dakota,Mercer County,57.8,52.1,63,73.5,69.1,77.3,3,0.4,4.9,2.1,0.3,3.5,69.4,76.8,82.5,55.7,80.1,6,9.6,107728,85616,45163,28379,61271,8405,99.6,92.1,0.2,4,0.8,0,2.4,0.4,2.7,3513,337,138,0,29,662,234,75,118,24.5,19.6,30.9,19.7,13.1,28.4,20.5,11,32.9,21.9,37.3,1.8,13.3,19,6,161.25
North Dakota,Morton County,68.7,65.5,71.8,83.8,79.7,87.9,2.5,2.3,2.7,2.5,2.1,2.9,81.6,92,90.4,82.7,90.7,4.4,7.7,106249,81943,43430,38348,52460,32916,97.2,89.6,1.2,3.7,0.8,0.1,1.8,2.8,3.9,13237,1696,215,6,180,3252,447,11,1031,37.9,30,46.6,19.5,17.3,22,19,13,25.7,10.5,19.3,0.7,13,20.3,5,164.91
North Dakota,Mountrail County,61,51.2,69,71.8,61.5,79.8,3.8,6.2,2.3,2.8,4.3,1.9,64.6,62.1,61.2,59.2,81.4,9.1,12.9,97833,83407,47593,35827,59565,9717,96.4,60,1.8,31.2,0.6,0.1,2.7,3.6,8.6,3472,318,154,79,297,575,224,108,372,34.6,31.7,39.5,17.4,14.8,21.7,19.9,10.5,35.4,14.7,23.4,0.5,13.3,19.6,2.8,156.99
North Dakota,Nelson County,58,49.9,66.1,78.2,73.9,82.2,1.1,2.1,0.4,1.3,2.3,0.5,75.6,90.5,73.7,62.1,82.7,5.7,10.4,93089,61829,42314,33854,47982,3035,96,93.4,0.4,0.2,1.1,0,1,4,3.9,1318,167,33,1,6,227,42,3,43,42.3,38.9,46.9,15.3,10.1,22.4,19.4,15.6,24.5,14.1,21.9,3.6,8.8,13.5,2.6,141.85
North Dakota,Oliver County,55.7,53,58.1,78.5,76.8,80.1,3.7,3.6,3.8,3.8,3.2,4.3,79.3,56.1,76.3,82.1,84.1,5.8,11.8,88866,69921,49050,36788,64038,1850,93,91.8,0,0.6,0.3,0.3,0,7,3,687,85,47,0,26,174,26,0,74,36.4,32.6,41.1,17.8,15.2,21,20,5.3,38,15.1,27.5,0,10.7,19.4,0,143.08
North Dakota,Pembina County,58.9,55.7,61.8,77.6,74.9,80.1,3.9,4,3.9,4.5,4.4,4.5,78.8,79.3,78.6,71.4,84.9,5.1,7.3,88504,67357,41871,33225,51580,6912,95.6,93.2,0.7,1.2,0.4,0,0.1,4.4,3.8,2941,219,136,8,21,461,282,45,95,32.5,30.4,35.1,15.8,9.8,23.1,21.4,12.2,32.6,11.6,20.6,0.5,18.7,27,8.7,145.71
North Dakota,Pierce County,59.3,53.7,64.7,79.6,76.4,82.2,0.8,0.6,0.9,0.9,0.7,1.1,77.5,57.1,92.4,52.8,83.1,6,11.2,95375,65185,41202,30692,47304,4038,99.2,92.4,0.3,4.4,1.3,0,0.8,0.8,1.3,1671,108,71,0,18,431,115,0,80,47.2,43,52.5,12.7,6.1,20.8,16.7,9.9,25.1,14.1,25.3,0.1,9.3,15.6,1.4,150.77
North Dakota,Ramsey County,65.9,62.7,69.1,82.3,81.7,83,0.8,1.2,0.4,0.8,1.3,0.2,83.8,91.1,92.7,70.1,86.9,9.2,14.7,86811,60532,38432,35481,41562,11638,95.9,82,0.6,11,1.5,0.1,0.6,4.1,3.1,4915,496,157,0,194,888,293,92,342,35,26.9,43.8,24.9,20.1,30,16,13.2,19.1,12.8,24.1,0.5,11.3,15.7,6.6,144.5
North Dakota,Ransom County,60,56.9,63.1,75,72.6,77.4,2.7,1.3,4,3.2,1.4,4.8,73.7,92.3,79.8,62,81.3,6.5,11.2,94508,73553,40112,30883,51639,5679,96.1,93.7,0.9,0.4,0.8,0,0.4,3.9,0.5,2305,181,56,11,103,481,180,0,152,32.4,26,39.9,16,7.7,25.7,13,7.8,18.9,12.7,22.5,1.3,25.9,36,14.2,156.9
North Dakota,Renville County,62.6,60.4,64.7,79.2,77.7,80.5,2,1.5,2.4,1.9,0.9,2.7,80.3,69.8,88.2,88.2,86.4,2.8,5.1,96417,77628,43199,27497,53289,2328,98.9,98.3,0,0.1,0.2,0,0.4,1.1,2.9,854,118,24,6,21,245,62,7,28,29.9,29.8,30,15.9,7.3,25.8,21.1,10.3,33.4,18.2,34,0.2,14.9,18.5,10.7,157.22
North Dakota,Richland County,63.4,60.6,66,81.4,78.2,84.3,3,2.3,3.6,2.8,2.3,3.1,80.1,81.8,75.9,81.7,87.3,6.6,10.7,93740,68104,36632,29435,44111,16546,96,90.8,0.7,2.4,0.2,0,1.8,4,3.6,6668,620,148,9,242,1409,356,44,563,31.6,27,37,19.2,10.2,29.9,17.2,11.5,23.9,12.4,22.3,0.8,19.5,29,8.4,148.58
North Dakota,Rolette County,50.3,52.9,47.5,59.2,62.2,56.2,7.8,5.7,10.2,7.7,6.1,9.5,66.2,63,68.6,70.5,62.1,19,26.9,59183,53883,38887,38405,41589,12508,97.3,16.6,0.7,79.2,0.2,0,0.6,2.7,2.2,3693,119,104,10,631,611,299,148,1179,36.8,26.3,45.8,25.2,24.5,25.7,16.1,8,22.9,11,23,0.8,10.9,18.1,4.8,140.65
North Dakota,Sargent County,65.9,61.2,69.6,84.7,81.2,87.3,1.3,2,0.8,1.1,2,0.5,82.8,80.3,85,84.9,88.3,3.7,5.7,95103,73539,50006,44311,58105,3839,96.9,92.9,2.2,0.6,0.2,0,1,3.1,3.2,1775,140,40,0,65,284,75,7,113,36.1,31.1,43.3,11.3,4.8,20.5,11.5,5.3,20.5,10.4,16.7,1.3,30.8,42.2,14.5,156.72
North Dakota,Sheridan County,55.3,49.6,60.4,78.2,70.9,83.5,0.6,0,1.1,0.8,0,1.2,70.9,100,62,51.6,84.5,4.6,4.3,90675,66626,43926,35698,48312,1328,98.1,96.2,0,1.9,0,0,0,1.9,0,624,45,18,0,0,46,46,4,29,41.2,41,41.3,10.4,7.2,14.8,23.8,13.5,37.6,17.8,30.3,1.1,6.8,8,5.2,142.58
North Dakota,Sioux County,40.9,41.8,40.1,46.4,47.7,45,18.4,14.1,22.4,18.9,14.9,22.7,56.1,55.9,74.8,70.9,58.3,31.6,38.5,46966,43333,32700,33853,31201,3993,97.3,11.2,0.2,85.7,0,0,0.2,2.7,1.1,1061,20,13,0,191,119,29,11,497,37,34.4,39.5,30.2,26.1,34.2,15.4,11,19.6,11.1,19.7,2.8,6.3,8.8,3.9,140.02
North Dakota,Slope County,57.8,44.5,68.6,75.7,66.9,81.3,4.9,7.9,3.2,5.8,9.3,3.8,73.8,100,75.9,50,84.5,5.7,4.5,90763,73699,43701,27931,47378,775,97.4,96.3,0,1.2,0,0,0,2.6,0.1,319,19,4,0,0,81,36,4,10,59.9,53.5,72.1,6.5,2.5,14,7.3,5.8,10.1,19.1,27.6,3.1,7.3,10.7,0.8,149.72
North Dakota,Stark County,66.3,59.5,72.6,78.8,72.2,84.7,2.7,1.3,3.7,2.8,1.3,3.9,73.1,67.3,76.9,64.1,88.1,5.9,10.9,106521,76697,48558,33475,62889,32710,96.3,88.7,2.2,1.7,1.2,0.5,2,3.7,5.8,13123,1435,1112,0,443,2629,1233,0,812,34,31.5,37.3,14.6,8,23.1,19.2,11.4,29.4,16.3,27.4,1.8,15.9,21.7,8.3,164.11
North Dakota,Steele County,61.7,56.2,66.4,80.5,77.3,83.1,2.1,2.3,1.9,1.7,1.2,2.2,78.2,100,76.8,65.4,85,10.2,12.1,113995,88676,45820,27931,58351,1870,95.6,94.7,0.4,0,0,0,0.5,4.4,4,776,62,21,8,11,191,64,0,0,49.6,51.9,46.3,8.3,0.9,18.7,14.7,8.7,23.3,14.5,23.9,1.3,12.9,14.6,10.4,145.93
North Dakota,Stutsman County,61.8,60.7,62.8,76.7,80.4,73.5,4.7,0.6,8.1,4.4,0.4,8,80.7,73.2,82.4,91.2,80.3,8.1,12.5,89653,59571,37521,34070,42375,21678,97.5,93.1,1.6,1.5,0.7,0,0.6,2.5,2.7,9069,796,405,16,110,1418,296,49,576,36.9,37.6,36.2,20.7,15.4,26.5,22.3,14,31.3,8.6,15.5,1,11.5,17.5,5,150.44
North Dakota,Towner County,58.5,48,69.2,78.1,68.5,86.6,3.3,6.2,1.2,3,5.3,1.3,72.3,52.6,81.5,68.4,87.7,11.2,14.8,79025,56584,46325,35392,50567,2190,97.2,88.3,0.5,8.1,0.3,0,0,2.8,3.4,980,37,25,0,65,160,63,34,14,37.6,36.2,39.5,16.8,9,27.8,24.1,22.4,26.6,11,18.4,0.7,10.4,14,5.4,142.73
North Dakota,Traill County,62.9,59.7,66,80.5,77.3,83.5,2.1,2.4,1.9,1.5,2.4,0.8,79.1,78.7,76.7,76.7,85.6,2.6,6,103533,79693,45647,36065,54520,8008,96.6,93,0.7,1,0.3,0,1.5,3.4,3.5,3276,328,129,0,121,792,165,61,152,43.3,40.2,46.8,15.5,8.9,22.9,17.4,9.1,26.7,12.8,23.6,0.5,11.1,18.2,3.1,150.63
North Dakota,Walsh County,62.5,56.9,68,79.7,74.4,84.7,2.4,1.7,2.9,2.3,2,2.6,75.9,66.5,85.2,83.5,88.2,5.7,9.7,79533,64711,42072,35667,48342,10631,95.5,91.2,0.7,1.8,0.6,0,1.2,4.5,12,4526,405,142,0,177,796,235,12,320,35,30.7,40.2,15.7,8.7,24.1,16.2,8.9,25.1,16,26.9,2.7,17.1,24.8,7.8,146.36
North Dakota,Ward County,63,61.9,64,72.9,73.9,72,4.3,3.4,5.1,3.9,3.1,4.6,79.6,68.5,83.7,62.6,90.9,5.8,9.7,99929,78727,43899,34388,49186,69686,93.7,84.2,4.2,1.8,1.5,0.2,1.8,6.3,6.6,27994,2376,1705,70,1296,5195,2141,339,1862,35.5,29.3,42.7,17.9,12.7,23.8,20.7,14,28.5,13.2,24.2,0.4,12.7,19.7,4.6,166.64
North Dakota,Wells County,61.6,59.3,64.2,82.9,82,83.9,1.4,0.1,2.7,1.6,0.1,3,82.1,80.5,98.3,80.5,88.3,6.6,8.8,93664,64236,40194,29333,55131,4031,98.8,97.9,0,0.1,0.3,0,0.5,1.2,2,1818,144,68,17,66,422,32,5,100,40.9,43.8,38,19.2,11.1,27,16.2,7.9,24.3,13.5,24.5,3,10.2,12.8,7.7,142.22
North Dakota,Williams County,72.9,66.1,78.6,82.5,75.7,87.8,3.1,3,3.1,3.1,3.3,3,78.5,57.7,86.8,73,90.6,4.8,7.1,107684,87355,52343,33546,69920,38460,94.4,79.9,4.8,2.5,1.2,0.2,5.8,5.6,9,15286,1941,1204,41,283,3572,1096,42,786,29.1,23,37.8,17,11.3,25.1,18.3,9.7,30.5,20,32.5,2.1,15.6,23.5,4.5,170.41
Ohio,Adams County,48.2,47.7,48.6,62.7,62.5,62.8,6.5,6.3,6.7,6.5,6,7,66.5,75.5,75.9,63.9,67.5,14.6,19.2,63527,48469,35575,32108,40004,27564,97.8,96.7,0.4,0,0.3,0.1,0.3,2.2,1.1,10163,530,391,54,860,1449,803,216,837,36.3,32,40.5,15.5,10.9,20.1,18.6,9.1,28.2,8.2,15.5,0.9,21.3,32.4,10.2,90.63
Ohio,Allen County,57.2,54.6,59.8,72.2,71.7,72.6,6.1,5.7,6.5,5.8,5.4,6.2,75.8,82.5,83,73.2,77.6,9.9,13,76110,60074,36238,29503,46155,102462,94.9,81.5,11.1,0.2,0.8,0,1.2,5.1,3.5,40671,2688,1221,80,2158,6042,1919,474,4979,29.4,23.3,36.1,17.6,11.8,24,19.6,13.6,26.2,8.8,16.3,0.6,24.6,35,13,100
Ohio,Ashland County,60.1,54.7,65.7,77.1,71.5,82.7,3.6,3.6,3.6,3.2,3.4,3,74.1,72.5,77.5,60.6,85.3,6.7,12.4,77837,63403,34703,27433,43850,52658,97.8,95.8,0.9,0.2,0.6,0,0.3,2.2,1.5,20531,1243,1142,0,559,3943,1640,79,1608,30.5,27.2,34.3,14.8,8.6,21.8,21.7,13.9,30.6,9.6,16.7,1.4,23.5,33.6,11.8,100
Ohio,Ashtabula County,52.4,49.3,55.4,66,63.8,68.1,7.6,6.4,8.7,7.9,6.8,8.8,68.4,65.3,72.1,61.1,74.7,14.4,18.9,68400,54151,33032,27482,41551,97869,96.3,91.3,3.7,0.1,0.4,0,0.8,3.7,4.5,38332,1443,1877,253,1863,4415,3417,547,4489,26.6,19.2,35.3,18.6,13.5,24.4,17.9,10.9,25.9,11.6,20,1.8,25.3,36.4,12.6,119.5
Ohio,Athens County,52.1,50.9,53.3,64.1,63.9,64.3,5.8,5.3,6.3,4.6,3.2,5.9,66.3,77,69.6,88.6,68.7,11,25.5,79125,51296,19320,17516,21322,62933,96.7,90.9,2.5,0.1,2.7,0.1,0.4,3.3,2,22381,1343,349,52,349,2791,678,231,1234,39.1,35.9,42.4,23.9,19.5,28.5,17.8,12.5,23.2,7.4,14.1,0.5,11.8,18,5.4,137.5
Ohio,Auglaize County,65,59.2,71,82,76.6,87.3,3.3,3.1,3.5,3.2,3.1,3.3,79.1,84.3,88.3,71.6,90.3,5.5,7.3,93244,75553,44312,35180,55253,46282,97.9,96.1,0.8,0.1,0.3,0,0.6,2.1,1.8,18872,1878,657,0,648,4315,1013,61,1173,32,26.4,38.5,15.6,12.2,19.4,18.1,10.6,26.9,8.1,14.3,0.9,26.2,36.5,14.3,124.5
Ohio,Belmont County,51.4,49.2,53.5,65.5,64.9,66,5.4,3.5,7,5.2,3.1,6.9,67,63.7,75.7,52.9,71,7.4,11.3,75364,59068,31285,27742,36102,67077,97.1,92.7,3.1,0.1,0.6,0.1,0.5,2.9,1.1,25388,1514,1033,33,712,3355,1693,236,2118,27.3,19.1,36.8,20.4,17.8,23.3,22.4,12.5,33.8,12.6,22.8,0.8,17.3,27.8,5.2,142.5
Ohio,Brown County,54.4,51.4,57.4,69.3,64.9,73.7,4.5,4.9,4.1,4.3,4.4,4.1,67.8,61.5,81.8,62,76.9,11.2,16,76837,65145,39127,30575,48066,43694,98.2,97,0.7,0.1,0.3,0,0.2,1.8,1.2,16968,1064,892,62,490,2966,1052,432,1226,29.7,23.2,36.9,20.1,10.3,31.1,15.6,10,22,11.1,20.8,0.3,23.4,35.7,9.7,90.63
Ohio,Butler County,60.7,57.3,64.4,74.6,71.3,78,5.2,4.7,5.6,4.6,4,5.2,74.3,77.2,81.3,68,82.5,7.1,11.4,97364,78786,41414,33833,51358,387830,95,81.7,7.8,0.1,3.8,0,1.5,5,5,142881,11979,5293,239,6218,29650,9488,1222,14024,38.7,33.6,44.1,17,13.7,20.5,22,16.9,27.5,6.7,12.6,0.3,15.7,23.3,7.5,142.5
Ohio,Carroll County,55.1,49.8,60.2,72.2,66.1,77.8,3.6,3.3,3.8,2.7,2,3.3,67.5,56.7,73.4,51.9,80.5,10.6,13.2,74654,60990,37810,29543,50704,26866,97.2,96.1,0.8,0,0,0,0.2,2.8,1.4,11300,606,637,0,318,1448,888,49,699,31,27.1,35.7,15.6,10.4,22.1,18.2,8.6,30.2,13.6,23.9,0.8,21.6,30,11.2,100
Ohio,Champaign County,58.9,55.5,62.3,74.4,72.1,76.7,5.8,4.9,6.6,5.3,4.4,6.2,75.4,79.9,81.3,74.3,81.7,8.3,10.2,82061,68523,38574,32117,46727,38678,96.5,93.4,1.9,0.3,0.4,0,0.4,3.5,1.7,15506,1041,391,17,599,2753,818,121,1582,30.7,24.7,37.3,15,10.9,19.5,17.1,9.2,25.7,8.8,16,0.9,28.5,39.4,16.6,90.63
Ohio,Clark County,55.6,50.7,61,71.3,66.4,76.3,7.1,7.6,6.6,6.7,7.1,6.4,71.6,78.6,79.9,72.2,81.8,11.3,15.2,73130,59807,36261,30079,43508,136032,95.5,85.6,8.1,0.1,0.6,0,1.1,4.5,3.7,55124,2608,1390,267,3425,7399,2094,575,6618,30.2,24.5,36.6,19.2,14.8,24,19.5,12.8,27,9,16.2,1,22.1,31.8,11.3,119.5
Ohio,Clermont County,62.7,57.5,68.1,76.2,70.7,81.8,4.2,4,4.4,3.9,3.8,4,73.6,73.2,79,62.9,85.2,6.5,8.9,99332,79584,45053,37419,52078,207650,97.2,93.9,1.3,0.1,1.3,0,0.5,2.8,2.1,81785,5796,3453,588,2638,15240,5470,1395,6200,38.5,33.9,43.9,14.7,12.3,17.5,23.2,16.9,30.4,9.1,16.7,0.5,14.5,20.2,7.8,142.5
Ohio,Clinton County,59,56.9,61.2,73.6,70.6,76.5,6,4.7,7.2,5.1,4.3,5.9,73.8,80.3,82.2,60.8,81.4,11.3,14,79813,62576,36403,28643,46508,42046,96.9,93.6,1.7,0,0.7,0,0.8,3.1,1.8,16548,852,653,30,1198,2942,887,238,1366,31.2,28.3,34.2,17.4,11.6,23.4,19.3,9.9,28.9,9.9,18.4,1.2,22.2,31.8,12.3,110.13
Ohio,Columbiana County,55.1,52.3,57.8,69.5,68.1,70.8,4.9,4.4,5.4,4.7,4.5,5,71.3,66,81.1,73.3,74.6,9.4,12.9,75500,56314,34435,27255,42537,102331,97.3,94,2.1,0.1,0.4,0,0.6,2.7,2,41313,2557,1301,90,1329,6181,1922,253,2910,27.4,21.4,34.2,20.1,12.8,28.4,18.4,10,28,11.2,20.6,0.5,22.9,35.3,8.9,100
Ohio,Coshocton County,53.8,50.1,57.7,69.3,64.9,73.8,6.9,6.6,7.1,6.4,6.3,6.4,69.2,53.7,78.6,60.4,78.9,14.1,19.1,67015,53734,34799,27489,43087,36621,97.9,96.1,1.2,0.2,0.4,0,0.2,2.1,1.2,14517,693,842,82,703,1769,1262,299,1703,29.8,18.8,42.1,17.4,11.9,23.5,16.8,10.5,23.8,14.3,26.1,1.1,21.7,32.6,9.5,90.63
Ohio,Crawford County,56.7,51.1,62.5,74,68.3,79.6,5.7,6.6,4.9,5.1,5.9,4.4,72.6,59.2,87,69.2,83.2,9.2,14.1,67033,52809,35841,28093,41466,41939,97.9,95.7,1.2,0.1,0.7,0,0.2,2.1,1.8,18028,890,700,40,799,2443,681,178,1573,29.2,25.1,34.1,17.2,11.6,23.7,17.8,10.8,26,9.2,16.2,1,26.6,36.3,15.3,90.63
Ohio,Cuyahoga County,58.7,56,61.7,73.2,71.6,75,7.5,6.9,8.1,6.8,6.2,7.5,76.3,79.1,81.4,73.6,81.2,12,16.7,83120,60069,40572,35389,47157,1263667,95,60.6,29.2,0.2,3.1,0,1.9,5,6.3,551267,28630,12345,1993,30617,63791,21544,4211,64177,42.1,38.6,45.6,17.1,14.6,19.5,22,16.3,27.5,5.4,10.3,0.6,13.4,20.2,6.8,142.5
Ohio,Darke County,61,55.7,66.4,78.3,73.8,82.7,2.4,2,2.7,2.1,1.7,2.5,75,69.3,80.3,66.9,85.2,7.4,10.4,78791,62610,36900,28340,45510,51839,98.1,96.7,1,0.1,0.1,0,0.3,1.9,1.7,20826,1726,904,69,715,4252,1565,112,1410,30.3,26,35.3,13.4,9.3,18.3,19.8,10.7,30.4,10.9,19.2,1.2,25.6,34.7,14.8,100
Ohio,Defiance County,62.1,57,67.3,79.5,74.1,84.8,5.1,4.9,5.2,4.4,3.8,4.9,77,79.7,88.6,76.1,89.2,6.7,9.5,82824,71699,39970,32213,46679,38329,94.9,89.4,1.8,0.2,0.4,0,3.1,5.1,10.5,15075,1211,419,29,650,2793,788,30,1085,30,24.7,36.3,13.4,10.6,16.6,19.7,10.2,30.7,10.4,18.1,1.6,26.5,36.4,14.9,128.13
Ohio,Delaware County,68.4,62.6,74.4,82,76.1,87.9,2.8,2.7,2.9,2.5,2.3,2.7,77.9,78.8,84,70.7,90.6,3,4.6,149548,126750,63486,49050,79627,211121,96,84.5,3.6,0.1,7.1,0,0.7,4,2.8,76549,9054,3580,294,1277,25026,6466,549,4235,57.7,56.6,58.9,11.7,10.2,13.4,19.2,16.2,22.7,3.9,6.8,0.5,7.5,10.2,4.5,142.5
Ohio,Erie County,58.5,56.2,61,75.7,73.3,78.2,5.6,5.3,5.9,5.2,5,5.4,77.1,88.3,83.6,75.2,82.7,8.9,12.1,81641,65562,38848,32608,46865,75560,94.9,83.8,8.9,0.3,0.8,0,1.1,5.1,4.7,31984,1764,680,97,1595,4333,1278,173,3117,33,28.6,37.5,18.2,14.3,22.1,19.4,12.2,26.7,8.8,16.1,1.5,20.6,28.8,12.2,119.5
Ohio,Fairfield County,61.5,58.2,65,76.1,73.7,78.4,4.1,4,4.1,3.5,3.3,3.8,76.3,82.7,86.7,71.6,81.9,5.3,8.6,101719,84193,45609,38821,55352,157622,96.2,85,8.2,0.1,2,0.1,0.9,3.8,2.4,57841,5766,1880,247,2145,13739,3925,654,4405,40.3,34.8,46.4,15.9,13.8,18.2,21.2,15.9,27.2,7.8,14.5,0.5,14.7,21,7.8,142.5
Ohio,Fayette County,55,48.5,62.1,67.1,60.4,74.1,5.3,5.6,5.1,5,5.4,4.7,63.9,68.7,75.7,64.2,77.8,11.1,16.1,71059,57731,35741,27803,43325,28897,96.8,92.5,2.6,0,0.7,0,0.9,3.2,2.3,11471,509,398,50,592,1966,656,321,1116,27.3,23.7,31.5,15.8,10.6,22,19.1,10.4,29.4,10.4,17.4,2.1,27.4,37.9,15,110.13
Ohio,Franklin County,66.5,62.4,70.9,78.1,74.3,81.9,4.8,4.8,4.8,4.4,4.5,4.3,77.9,80.4,81.2,68,85.7,10.6,14.7,91444,71939,43045,38314,47617,1313598,94.3,63.5,22.9,0.2,5.4,0,2.2,5.7,5.9,537109,42540,20028,2134,29425,73574,29248,5338,62860,45.3,42.2,48.6,15.5,13.4,17.8,21.1,16.6,25.9,5,9.1,0.5,13.2,18.8,7.2,142.5
Ohio,Fulton County,61,55.8,66.3,77.9,74.1,81.6,3.8,4.3,3.3,2.7,2.1,3.3,75.7,78.8,80.8,60.1,84.6,6.6,8.8,81966,71306,40976,29409,50451,42709,95.2,91.5,0.4,0.3,0.4,0,2.6,4.8,9,16763,1247,780,78,612,3489,1268,107,1155,30.3,24.2,37.3,14.8,10.7,19.7,20.2,14,27.3,11.9,21.7,0.6,22.7,29.4,15.1,90.63
Ohio,Gallia County,50.5,46.1,55.2,66.2,63.4,69.1,4.6,2.2,6.6,4.6,1.9,6.9,64.6,72.6,78.3,43.4,74.2,11.6,16.4,70901,55343,34144,28785,40582,29369,96.9,93.2,2.1,0.1,0.8,0,0.7,3.1,1.4,11292,920,721,68,237,1838,928,445,560,30.2,23.3,38,21.2,18.7,24.1,17.9,9.9,26.9,8.9,16.2,0.6,21.8,31.9,10.4,90.63
Ohio,Geauga County,63.1,56,70.3,79.3,71.6,86.7,3.1,4,2.4,2.7,3.3,2.1,74.1,69,73.3,46.8,88.7,3.4,5.8,116300,98411,46892,33423,58968,95408,97.2,95,1.1,0.1,0.5,0,0.5,2.8,1.6,35249,2317,2448,132,481,7505,5151,223,1402,40.8,37.6,44.7,15.2,12.8,18.2,20.8,14.4,28.7,10.4,18,1,12.8,17.1,7.4,142.5
Ohio,Greene County,58,53.7,62.5,72.5,68.4,76.5,4.7,4,5.3,4.3,3.3,5.1,72.3,72.3,73,67.7,84.3,6.8,10.9,107057,82732,42534,32926,55227,167043,94.7,84.1,6.5,0.1,3,0.1,0.9,5.3,3.1,66279,4514,2598,266,2123,9949,4524,886,4898,47.6,45.7,49.9,16.1,12.4,20.2,20.3,16.5,24.7,5.6,10.3,0.2,10.4,15.1,5.1,142.5
Ohio,Guernsey County,52.7,49.2,56.2,67.9,63.3,72.5,4.9,3,6.6,5,2.8,6.9,65.1,54.1,74.5,57.5,78.2,12.7,18.4,65986,52793,34471,29584,40544,38542,97.8,94.3,2.1,0.1,0.3,0,0.9,2.2,1.2,16136,563,681,32,858,1786,1311,407,1545,29.2,22.5,36.6,16.1,12.3,20.5,21.4,12.8,31.1,12.4,22.8,0.9,20.8,29.6,10.9,110.13
Ohio,Hamilton County,63.2,59.8,66.9,76.6,73.6,79.7,5.1,4.9,5.4,4.8,4.6,5,77.2,78.2,81.1,73.3,84.1,10.1,14.9,93614,68757,41487,35864,47706,826790,95.6,66.2,25.4,0.1,2.7,0.1,1.1,4.4,3.6,345878,24422,9424,1291,20465,47826,15442,3119,43262,44.3,41.8,46.8,16.4,13.9,18.9,21.2,16.1,26.5,5.4,10.1,0.6,12.7,18.1,7.1,142.5
Ohio,Hancock County,62.5,57.2,67.9,77.2,72.6,81.7,3.7,4,3.5,3.5,3.9,3.1,75.5,64.6,86.5,70.7,84.5,6.6,11.1,87181,66303,40504,32695,47636,75139,97,91.3,1.6,0.1,1.9,0,2.1,3,5.9,31164,2409,1192,156,1126,5455,1291,392,2075,35.1,33,37.5,16.8,14,19.9,18.7,12.1,26.3,7.1,12.4,1,22.4,28.5,15.3,137.5
Ohio,Hardin County,56.3,51.2,61.4,71.2,65.4,76.8,4.7,5.4,4.1,4,4.9,3.2,68.8,84.8,75.7,66.1,79.4,12.6,17.8,70720,56802,33380,22774,44123,30738,97.8,94.7,1.3,0,0.7,0,1.1,2.2,2,11557,698,492,41,524,1734,1158,72,887,27.4,21,34.9,16.5,11.7,22.1,19.5,13.9,26.2,10.6,18.4,1.4,26,35.1,15.4,110.13
Ohio,Harrison County,47.9,42.9,53.2,65.2,59,71.6,5.5,2.3,8,5.3,2.6,7.4,61.3,46.7,78.6,21.1,77.3,9,14.8,71847,56672,35265,27529,44616,14623,98.1,94.7,3.2,0,0,0,0.3,1.9,0.4,5748,174,392,0,110,668,528,33,554,24.6,15.2,35.6,18.2,10.7,27.1,18.1,7.4,30.7,18.1,32.6,1.1,21,34.1,5.5,105
Ohio,Henry County,60.8,56.6,65,77.4,73.5,81.2,4.8,4.8,4.7,4.6,4.9,4.4,77.2,63.4,85.7,78.9,85.1,7.1,9.7,84025,70319,38068,30873,47149,27618,96.6,91.8,0.5,0.7,0.3,0.1,3.2,3.4,7.8,11040,849,315,31,392,2225,539,104,1045,30.7,25.4,36.8,15.9,9.9,22.7,18.3,10.9,26.7,10.2,18.8,0.5,24.9,35.1,13.4,90.63
Ohio,Highland County,55.2,50.8,59.8,70,65.2,75,5.2,5.4,4.9,4.2,4.4,4,68.3,66.7,76.9,70.5,78.1,12,16.7,69390,57090,35193,30828,41667,43162,97.3,95.3,1.5,0.2,0.1,0,0.3,2.7,1.3,16526,955,640,120,702,2711,1288,731,1301,28.8,21,37.5,15.9,10.6,21.7,18.4,11.4,26.3,11.3,21.2,0.3,25.5,35.8,14.2,100
Ohio,Hocking County,56.3,51.1,61.6,70.9,65.2,76.3,4,4.3,3.8,4,4.9,3.2,68.6,87.1,81.9,82.5,78.9,10.1,16.3,74826,61863,35004,29561,43342,28180,97.5,95.7,0.7,0,0.2,0,0.8,2.5,1.1,11240,793,192,63,457,1405,319,119,1370,29.2,21.6,38.3,21.8,19.8,24.1,20.4,11.3,31.5,11.6,20.8,0.5,17,26.5,5.6,90.63
Ohio,Holmes County,63.6,49,78.1,73.1,56.2,89.4,2.2,1.5,2.5,2.1,1.3,2.7,56.9,36.3,45.4,24.3,91.9,6.6,9,89478,75705,38732,23492,49499,44166,99,98.2,0.2,0.1,0.4,0,0.1,1,1,13200,619,3286,3,314,1910,6329,54,559,24.4,21.4,29.2,12,6.4,20.9,18.3,13.7,25.6,14.5,22.5,1.7,30.8,36,22.6,128.13
Ohio,Huron County,59.1,54.4,63.9,73.7,68.6,78.8,4.3,4,4.6,4.5,4.3,4.6,71.7,68.3,82.1,73.9,82.7,8.5,12.3,76563,64363,37171,29743,43525,58583,96.4,93.8,1.1,0.2,0.2,0,1.1,3.6,6.9,23288,1354,800,79,1174,3986,1489,394,2183,28.1,22,35,14.4,8.9,20.8,17.1,9.8,25.4,13.7,24,2,26.6,35.2,16.8,119.5
Ohio,Jackson County,53.6,49.6,57.7,66.8,63.2,70.5,7.3,6.9,7.6,7.1,6.8,7.4,67.8,77.9,85.4,70.6,76.1,11.6,17.1,63193,55571,35846,28849,43716,32531,97.4,96.1,0.7,0.2,0.3,0,0,2.6,1.1,12361,681,615,40,519,2022,628,299,1154,31.9,30.1,33.8,15.8,10.3,21.8,20.5,12.7,29.2,10.5,19.8,0.1,21.4,27.1,15,90.63
Ohio,Jefferson County,51.9,49.2,54.8,67.5,64.8,70.3,6,4.9,7.1,5.9,4.4,7.2,67.8,61.5,72.1,67.6,75.8,12.7,17.3,69404,53640,33704,26286,41691,65620,97.2,90.6,5.5,0,0.6,0,0.5,2.8,1.6,26776,1553,1007,11,901,2996,1679,284,2214,30.7,24.4,37.4,19.3,16.1,22.7,23.2,14.1,32.6,9.6,18.3,0.7,17.1,27.2,6.7,142.5
Ohio,Knox County,58.4,54.2,63.1,75.2,70.2,80.4,3,2.8,3.3,2.8,2.7,2.8,72.8,75.7,75.2,62.6,82.7,8.8,12.7,80508,70239,35598,26514,46909,62399,97.5,95.2,0.8,0.2,0.5,0,0.7,2.5,1.6,22908,1778,1341,27,636,3784,2573,137,1754,32.8,27.9,38.2,17,13.1,21.2,21,12.9,29.7,10.1,19,0.4,19.2,27.2,10.5,142.5
Ohio,Lake County,62.3,58.9,65.8,79.8,77.6,81.9,4.8,4,5.5,4.2,3.4,4.9,80.3,78.6,85.5,69.5,86.2,4.4,7.5,96654,76483,44779,38288,50953,232202,96.4,89.1,4.6,0.1,1.3,0,1.4,3.6,4.7,98217,6271,2423,111,3079,15962,3817,936,8125,39.2,34.9,43.8,15.4,12.8,18,21.7,14.6,29.2,6.7,12.6,0.5,17,25.1,8.4,142.5
Ohio,Lawrence County,50,47.2,53.1,64.1,60.6,67.8,4.6,3.8,5.4,4.6,3.8,5.3,63,68,76.6,58.1,72,15.1,18.8,65676,53352,35278,30658,40236,58570,97.2,94.6,1.4,0.1,0.6,0,0.5,2.8,1,22608,1063,825,0,1457,2958,1303,320,2421,30.3,20.5,40.6,18.5,14.4,22.8,23.2,15.7,31.1,7.4,14.4,0.1,20.5,35,5.3,119.5
Ohio,Licking County,60.6,57,64.2,75.6,72.4,78.7,3.6,3.1,4,3.3,2.9,3.6,74.6,75.7,79.1,76.3,82,6.5,9.5,96783,79320,44849,37594,54027,177454,96.6,89.8,4.1,0.1,2.1,0,0.5,3.4,2.1,66342,5704,2248,439,2905,13707,4624,675,5805,38.4,33.4,43.8,16.9,15.4,18.6,21.1,14.9,27.8,8.7,15.9,0.8,14.9,20.3,9.1,119.5
Ohio,Logan County,58.6,55.3,61.8,73.7,71,76.3,4.4,3.5,5.3,3.8,3.3,4.2,73.4,71.1,79.4,81,79.8,6.4,9.5,86266,69974,41414,33615,47962,45997,96.9,93.9,1.7,0.1,0.8,0.1,0.4,3.1,1.9,18928,1395,323,40,786,3137,1148,482,1334,28.9,23.8,34.6,15.5,11,20.3,19.1,10.8,28.2,9.4,17.1,0.9,27.2,37.3,16,119.5
Ohio,Lorain County,57.5,55.5,59.7,72.8,71.5,74,4.7,3.8,5.5,4.2,3.2,5.1,74,68.7,81.6,63.4,78.1,9.8,13.2,88197,68005,41162,33059,50336,311737,93.5,82.6,7.8,0.3,1.2,0,1.6,6.5,10.4,123500,7306,4409,416,6237,19892,6482,1096,12632,36.6,31.6,41.7,17.4,14.6,20.3,21.8,14.9,28.9,8.1,14.9,1,16.2,24,8.1,142.5
Ohio,Lucas County,58.6,55.2,62.3,72.1,69.4,74.9,7.3,7.2,7.3,6.8,6.7,6.9,74.4,80,82.4,72.5,80.6,12.4,17.6,77540,57962,36225,31830,42480,431212,94,70.7,19,0.3,1.7,0.1,2.3,6,7.6,179358,10131,4273,575,12369,23775,6618,2091,22430,34.3,28.7,40.1,17.8,14.3,21.3,21,14.9,27.4,7.2,13.2,1,19.7,28.8,10.2,142.5
Ohio,Madison County,54.9,57.9,52.6,64.9,72.7,59.4,3.1,3.7,2.6,2.6,3.3,2,75.1,76.3,80.1,69,60.6,6.5,10.2,92243,79364,42997,35624,51476,43947,96.3,88.9,6.1,0.1,0.8,0,0.5,3.7,2.4,15181,974,591,7,595,2794,1047,49,1809,34.8,31,39.2,16.2,13.2,19.7,17.6,8.3,28.1,11.3,20.3,1.1,20,27.1,12,110.13
Ohio,Mahoning County,55.4,53.3,57.6,71.1,70.3,72,7.9,6.7,9.1,7.5,6.2,8.8,74.9,80.1,82.4,71.3,79.1,13,17.3,74459,55318,34371,27520,42791,229044,94.9,77.3,14.5,0.2,1,0,1.8,5.1,6.6,97293,5399,1600,133,5356,12216,3153,739,10498,33,29,37.2,19.7,14.9,24.5,22.8,16.4,29.4,7.8,15,0.4,16.7,24.7,8.5,124.5
Ohio,Marion County,50,49.1,50.8,61.7,64,59.8,5.8,6.5,5.3,6,6.7,5.5,68.6,73.1,78.2,69.4,63.5,9.8,15.2,71404,55747,35985,29845,41610,65515,95.7,88.8,5.2,0.2,0.7,0,0.8,4.3,2.9,24251,1352,840,140,1308,3315,1107,151,3357,26.9,22.2,32.6,20.7,16.5,25.9,17.8,11.7,25.3,7.7,12.9,1.4,26.9,36.7,14.9,128.13
Ohio,Medina County,65.7,60.6,70.9,81.9,77.2,86.7,2.8,2.5,3,2.7,2.6,2.8,79.3,78.2,84.1,72.3,89.2,3.7,5.7,109279,90354,48617,37240,59864,181448,97,94.1,1.3,0.2,1.1,0,0.3,3,2.4,71360,6146,2341,325,1332,15997,4866,556,4016,42.9,39.9,46.3,14.6,11.9,17.8,21.2,14.7,28.6,8.5,15.1,0.9,12.8,18.4,6.4,142.5
Ohio,Meigs County,46.4,42.5,50.5,60.6,56.4,64.7,7.5,7.3,7.7,7.5,7.3,7.7,60.9,65.7,78.1,43.5,70.1,13.6,20.1,64541,48083,34932,28853,39721,22361,97.8,97.2,0.3,0.1,0,0,0.2,2.2,1.1,8719,332,325,0,267,1412,377,139,899,28,20.4,36.9,22.1,16.8,28.2,17.1,7.1,28.7,14.5,26.3,0.7,18.3,29.4,5.4,90.63
Ohio,Mercer County,67.6,63.9,71.3,84.4,81.3,87.4,2.4,2.7,2.2,2.5,2.5,2.4,83.6,90.3,91.3,80.9,89.6,3.1,5.3,94596,74874,42127,32955,53930,42154,98.6,96.2,0.6,0,0.6,0.9,0.3,1.4,1.9,15923,2351,445,17,362,4910,847,4,672,30,23.7,37.2,12,7.4,17.2,18.6,11,27.3,9.7,17.7,0.8,29.7,40.3,17.6,90.63
Ohio,Miami County,62.3,55.6,69.3,78.7,72.2,85.1,3.7,3.9,3.6,3.5,3.9,3.2,75.3,71.6,81.9,62.3,88.4,4.7,7.7,92843,72250,42029,33731,52649,107899,96.6,92.4,2,0.1,1.5,0,0.5,3.4,1.9,43279,3332,2335,131,934,9209,3088,305,3312,35.6,33.5,38.2,15.4,11.8,19.8,19,11,28.8,8,13.4,1.4,22,30.4,11.8,100
Ohio,Monroe County,47.8,41.6,54,65.4,56.9,73.6,5.5,3.3,7.2,5.4,3.7,6.7,59.1,62.6,73.6,37.9,78.9,11.6,14.7,74045,55048,36343,26583,48286,13514,97.3,96.3,0.8,0,0.1,0,0,2.7,0.2,5565,274,271,0,175,639,638,10,380,25.4,18.6,34.3,13.4,7.5,21.1,20.9,8.7,37.2,18.2,30.6,1.8,22.1,34.6,5.7,142.5
Ohio,Montgomery County,58.1,54.3,62.3,72.6,69.2,76.1,6.1,6.2,6.1,5.6,5.7,5.5,73.8,77.3,81.9,69.9,81.6,10.9,15.3,81443,61632,38347,33011,45509,536136,95.2,71.2,20.5,0.2,2.2,0,1.1,4.8,3.3,226199,12214,7190,716,12980,28827,10176,1492,26043,38.6,34.8,42.7,17.5,13.7,21.4,20.6,14.5,27,6.6,12.1,0.8,16.7,25,8.1,142.5
Ohio,Morgan County,48.5,48.4,48.6,62.7,62.9,62.4,4.1,3,5.1,4,2.5,5.3,64.5,69,82.5,60.3,66.1,14.1,17.3,58048,48884,31383,23933,37843,13955,96.1,91.9,3.5,0.1,0.2,0,0.5,3.9,0.9,5629,186,119,23,253,779,312,244,442,26.7,18.3,35,15.7,8.6,22.7,18.1,6.4,29.7,14.7,29.5,0,24.8,37.2,12.5,110.13
Ohio,Morrow County,61.9,58.2,65.5,76.7,72.6,80.6,3.2,2.9,3.4,3.5,3.1,3.8,74.9,82.2,81.2,70.4,83.9,6.1,10.2,78444,69118,39184,35067,44956,34892,97.2,95.7,0.7,0,0.4,0,0.4,2.8,1.6,13048,746,317,90,482,2358,1029,279,1138,29.3,22.2,37.3,16.9,14.1,20,22.3,14.5,31.1,12,21,1.8,19.5,28.2,9.7,137.5
Ohio,Muskingum County,57.1,52.6,61.7,71.4,68.2,74.6,4.5,4.6,4.3,4.4,4.7,4.1,71.6,75.4,74,72.7,78,12.4,15.8,72156,56924,34670,28622,43033,86346,95.6,91.3,3,0.1,0.4,0,0.8,4.4,1.3,33970,1874,1101,92,2144,4922,2206,114,3397,30.7,23.1,39.1,18.5,14.8,22.5,18.9,10.9,27.7,11,20.3,0.7,20.9,30.8,10,90.63
Ohio,Noble County,35.7,43.9,30.4,46.4,61.7,36.3,4.8,3.7,5.7,5.7,4.1,7.4,64.3,64,70.4,39.7,39.3,10.8,16.6,65506,50297,20976,23599,19576,14166,99.4,93.5,4.9,0.2,0,0,0.9,0.6,1.1,4608,193,381,0,91,704,514,103,437,27.5,26.9,28.2,17.2,6.8,28.4,22.5,15.4,30.1,10.7,20.2,0.6,22,30.7,12.7,110.13
Ohio,Ottawa County,55.6,52.4,58.7,75.6,71.4,79.7,3.9,3.4,4.4,3.6,3.3,3.9,73.8,88.4,87.3,70.6,83,4.8,8.3,92581,70265,43021,30032,51757,40479,97.3,93.7,1.1,0.2,0.3,0,1.9,2.7,5.3,17930,1067,307,29,499,2540,694,86,1320,32.8,25.8,40.7,17.1,15.2,19.2,20.9,12.7,30.3,10.1,16.9,2.4,19.1,29.3,7.5,124.5
Ohio,Paulding County,55.5,49.9,61.2,71.1,65.4,76.7,4.3,4.2,4.4,4.1,3.7,4.4,67.9,63.2,82.5,62.9,80.3,7.2,10.1,79447,65386,40695,32614,49878,18858,95.9,93.9,0.4,0.2,0.3,0,1,4.1,5,7480,463,276,0,305,1265,464,29,720,27.6,24.5,31.4,15.1,10.9,20.3,18,10.6,27.1,10.1,17.8,0.7,29.1,36.2,20.4,90.63
Ohio,Perry County,52.8,49.9,55.8,66,63,68.9,4.9,5.3,4.4,5,5.5,4.5,66.7,67.9,81.5,62,72.2,10.2,15.2,72357,63891,37922,34616,45801,35439,97.6,96.5,0.5,0.3,0,0.1,0.2,2.4,0.9,13071,694,391,7,664,2283,694,536,1125,26.4,19.4,34.2,17.4,13.5,21.6,19.1,10.5,28.7,13.3,24.8,0.4,23.8,31.8,15,110.13
Ohio,Pickaway County,53.3,53.1,53.4,65.3,68.1,63.1,4.2,4.5,3.9,3.7,3.9,3.5,70.9,61.4,81.1,64.9,65.4,9.7,13.4,84669,69356,44039,37745,49380,58458,97.1,92.7,3.4,0.1,0.5,0,0.5,2.9,1.5,20706,1257,1131,60,688,4247,1055,181,1951,33.9,28.1,40.7,14.7,13.6,16,22.1,12.8,32.9,12.2,21.3,1.5,17,24.1,8.8,100
Ohio,Pike County,47.2,44.4,50,61.1,57.5,64.8,5.2,4.9,5.5,5.4,5.3,5.5,60.8,59.7,78.2,49.9,68.6,16.1,19.4,64161,49007,37656,30059,45509,27271,97.9,95.2,1,0.8,0.5,0.4,0,2.1,0.7,10478,389,477,36,743,1656,892,97,710,32.9,27.2,39.1,17.3,12.2,22.8,16.2,7.8,25.4,8.8,16.3,0.7,24.9,36.6,12.1,90.63
Ohio,Portage County,61.6,58,65.4,75.9,72.9,79,5.9,5.4,6.4,5.2,4.1,6.2,76,76.7,83.3,62.9,84.3,6.9,11.2,92408,69938,36344,29638,45278,161897,96,89.1,4.4,0.1,1.8,0,0.5,4,2,63372,3604,1667,246,2137,9678,3322,681,4278,34.5,29.3,40.1,17.9,14.8,21.2,20.6,13.1,28.6,9.8,18,0.9,17.3,24.8,9.1,142.5
Ohio,Preble County,59.6,53.9,65.6,76.7,70.2,83.1,3.1,2.7,3.4,2.7,2.5,2.8,72,60.3,82.5,69.3,85.6,7.7,9.8,82101,65974,39566,31722,51529,41027,97.6,96.2,0.7,0,0.3,0,0.3,2.4,1,16648,1063,752,31,429,2922,1113,210,1334,31.5,24.8,39.5,16.2,10.8,22.7,18.2,11,26.6,11.6,20.7,0.9,22.5,32.8,10.3,119.5
Ohio,Putnam County,65.4,60.4,70.2,83.4,78.9,87.7,2.6,3.1,2.2,2.2,2.3,2.1,80.8,86.1,89.7,82.8,89.6,4.7,6.3,96915,79703,46689,35971,54682,34395,98.2,93.5,0.6,0.1,0.1,0,3.8,1.8,6.4,13158,1916,383,7,273,4161,741,123,521,37.4,30.5,45.4,13.3,8.7,18.8,16.5,11.3,22.7,9.4,16.9,0.5,23.4,32.6,12.6,90.63
Ohio,Richland County,53.8,52.5,55,68.3,70.6,66.3,5.3,4.8,5.7,5.3,4.8,5.8,74.2,76.5,82.1,69.7,70.7,9.8,13.6,74321,57339,33834,28751,41731,124504,95.9,85.9,8.3,0.1,0.8,0.1,0.6,4.1,2.1,49505,2773,1755,256,2102,8227,2436,666,4336,30.2,25.6,35.3,17.9,14.8,21.3,21.2,13.2,29.9,8.4,15.2,0.9,22.3,31.2,12.5,90.63
Ohio,Ross County,50.3,50.8,49.8,62.5,66.1,59.5,6,5.3,6.7,5.4,4.9,6,69.5,72,75.7,66.4,63.5,11.8,16.5,75727,58864,39349,30911,48209,77205,96.5,89.9,5.6,0.1,0.5,0,0.4,3.5,1.4,29455,1767,988,143,1364,4799,1366,364,2818,32.2,25.7,39.3,19.1,13.9,24.8,18.8,12.5,25.6,9.4,16.4,1.7,20.6,31.5,8.5,90.63
Ohio,Sandusky County,58,53.1,63,74.1,70.1,78,5.5,5.1,5.8,5.3,4.9,5.6,73.8,72.3,77.7,70,82.7,8.4,12.9,80204,61491,37528,29101,46705,59013,94.3,88.7,2.8,0.4,0.5,0,1.9,5.7,10.4,23797,1373,471,25,1300,4578,1343,255,1670,29.3,24,35.3,14.5,9,20.9,18.1,11.4,25.8,9,16,0.9,29.2,39.6,17.1,119.5
Ohio,Scioto County,42.8,42,43.7,54.9,54.3,55.5,7.9,6.8,8.9,7.5,6.9,8.1,58.4,65.6,70,52.1,60.4,18,23.8,62127,47160,35063,28866,44194,74392,97.4,93.6,2.8,0.3,0.4,0,0.3,2.6,1.5,28152,1385,760,17,1627,3867,1475,687,2457,32.6,25.4,39.7,18.4,15.3,21.6,21,11.8,30.1,10,19.1,1,18,28.4,7.6,90.63
Ohio,Seneca County,60.4,56.2,64.6,76.1,73.2,78.9,3.9,5,3,3.4,3.8,3,76.1,84.1,81.2,79.2,81.4,8.4,12.2,74554,61087,34838,26825,42831,55166,97.4,92,3.2,0.4,0.6,0,1.3,2.6,5.4,21862,1442,323,68,1077,3582,814,277,1900,27.3,21.6,33.9,16.2,12.1,20.9,17.5,9.9,26.2,9.4,16.9,0.9,29.5,39.5,18.1,100
Ohio,Shelby County,64.3,60.8,67.7,78.9,76.7,81,5.2,3.9,6.4,4.7,3.1,6.2,79.2,80.8,90.2,75.3,86.5,8.6,10.8,90442,72524,40266,34121,50319,48307,96.9,93.4,2,0.1,0.9,0,0.5,3.1,1.6,18429,1708,448,40,821,4709,1024,109,1517,28.9,25.1,33.3,13.4,8.5,18.8,17.9,11.5,25.1,9.2,16.8,0.8,30.6,38.1,22.1,100
Ohio,Stark County,59,54.6,63.6,75.3,71.4,79.4,4.9,4.1,5.6,4.6,4.1,5.2,74.5,77.4,81.5,69.2,83.9,9.6,13.4,80928,63405,37082,30571,44871,374712,95.6,86.6,7.3,0.1,0.9,0,0.6,4.4,2.2,154426,9238,4105,563,7661,22326,7502,1456,16022,33.9,29.2,39.1,17.5,13.5,21.8,22.4,15.3,30.1,7.6,13.9,0.8,18.6,28.1,8.2,119.5
Ohio,Summit County,61.2,57,65.6,76,72.5,79.7,5.7,5.8,5.5,5.4,5.4,5.4,76.7,72.9,83.3,71,84.4,8.9,12.6,89194,68791,40589,33876,48289,540567,95.5,76.7,14.3,0.1,3.8,0,0.6,4.5,2.4,228283,13598,7370,287,10298,33949,9917,1621,20787,39.6,36.6,42.8,16.8,13.6,20.3,22.4,16.1,29.1,6.5,12.2,0.4,14.7,21.5,7.4,142.5
Ohio,Trumbull County,52,48.3,55.8,68.2,64.5,71.8,4.9,5,4.7,4.6,4.7,4.5,67.7,68.5,75.8,63.9,75.2,12.5,17.1,70546,54781,34947,28160,43452,202199,96.2,87.3,7.9,0,0.6,0.1,0.2,3.8,2,84989,3644,2635,371,4309,10343,4768,996,8240,30.2,24.7,36.2,18.3,13.7,23.2,20.5,12.6,29,9.5,17.6,0.7,21.5,31.4,10.8,142.5
Ohio,Tuscarawas County,58.4,51.2,65.7,74.6,66.5,82.5,5.6,6.5,4.9,5.4,6.6,4.5,71.3,69.5,78.9,53.2,86.4,9.9,13,76249,62724,37132,28088,47054,93025,97.7,96,0.9,0.1,0.4,0,0.3,2.3,3.2,37661,2056,1965,81,1602,6579,3003,179,2664,28.5,22.8,35.6,16.7,11.1,23.7,18.1,10.8,27.3,10.5,18.3,0.9,26.2,37.1,12.5,110.13
Ohio,Union County,65.3,57.4,73.8,76.5,67.4,86.4,3,3.2,2.9,2.9,3,2.9,69.5,78.1,87.7,73.5,89.2,2.9,4.7,122056,105331,54156,43100,68213,61769,97.2,89.1,2.5,0.1,4.9,0.1,0.5,2.8,2,21654,2627,813,115,392,6474,1372,346,1193,46,44.4,47.9,11.1,10.4,11.9,21.4,12.6,31.8,6.3,11.5,0.3,15.2,21.2,8.2,137.5
Ohio,Van Wert County,60.7,57,64.6,78.2,74,82.4,4.9,4.3,5.3,4.3,4.1,4.5,77.2,83.5,77.2,82.4,86.3,6.8,9.8,78263,64539,39776,30722,47195,28808,97.3,95,0.8,0.4,0.2,0,0.9,2.7,3.8,11553,1066,273,18,527,2099,575,39,986,33.3,28.4,38.7,13.5,8.2,19.4,18.1,12.2,24.7,9.2,16.8,0.8,25.8,34.3,16.4,90.63
Ohio,Vinton County,51.9,49.6,54.2,65.2,64.8,65.6,4.9,3.4,6.2,4,3.2,4.6,66.9,46.8,81.2,78.7,68.8,12.8,18.9,63690,50852,37007,32175,41383,12853,97.8,97.2,0.1,0.1,0.4,0,0,2.2,1,5052,282,179,0,151,852,123,32,401,31.7,18.4,46.6,14.3,6.9,22.7,10.2,6.2,14.7,16.2,28,2.8,27.7,40.5,13.2,90.63
Ohio,Warren County,62.9,59.7,66,75.8,72.9,78.6,3.5,2.9,3.9,3.1,2.7,3.6,75.1,75.6,76.6,65.8,81.7,3.6,4.8,120423,104323,54478,41847,68956,239556,97.1,86.3,3.6,0.1,6.4,0,0.8,2.9,3,86981,8844,3951,202,1715,22741,9331,1095,5832,50.6,48.2,53.3,12.8,10.3,15.5,20.1,15.4,25.2,5.8,10.6,0.3,10.8,15.4,5.6,142.5
Ohio,Washington County,55,49.6,60.5,71.1,65.6,76.5,5.3,6,4.7,4.8,6,3.8,69.8,69,81.4,60.9,79.5,11,13.6,76347,59042,34812,29650,41466,59942,98.1,95.4,1.4,0.3,0.7,0,0.4,1.9,1.1,24435,1354,638,57,1039,3270,1204,243,1955,32.2,24.9,40.7,19.3,15.3,24.1,18.8,10.4,28.8,12.1,22.1,0.4,17.6,27.3,6.1,90.63
Ohio,Wayne County,60.3,53.3,67.4,75,67.5,82.3,3.6,3.2,3.8,3.1,2.8,3.4,69.4,62.9,75.1,45,85.2,6,10,84100,70407,37492,27319,47110,116858,97.9,94.3,1.3,0.1,1.1,0,1,2.1,2.1,43964,2851,3594,123,980,7691,6143,386,2706,32.6,29.5,36.4,14.9,9.7,21.3,19.2,12.1,28.1,11.2,18.8,1.9,22.1,29.8,12.4,119.5
Ohio,Williams County,59.9,57.3,62.6,75.2,72.6,77.6,3.4,3.2,3.7,3.5,3.1,3.9,75,75.4,84.1,64.5,80.8,8.7,10.7,73445,59983,36274,28173,43849,37026,97.1,93.8,1.1,0.3,0.6,0.1,1.4,2.9,4.9,15261,931,578,116,377,2713,764,308,1150,27.8,22.5,33.4,15.8,9.4,22.6,18.6,12.6,25,8.3,15.5,0.5,29.6,39.9,18.5,90.63
Ohio,Wood County,64.6,60.7,68.6,78.9,75.4,82.4,5.2,5,5.4,4,3.3,4.6,78,79.5,83,68.9,86.8,6.8,12.6,95983,72307,35892,28548,45158,131930,95.3,89.9,2,0.2,1.8,0.1,1.3,4.7,5.9,53010,3924,1626,249,1633,8591,3137,478,3667,39.4,34.5,44.9,15.9,11.9,20.1,20.1,15,25.8,6.8,12.5,0.6,17.8,26.2,8.6,124.5
Ohio,Wyandot County,62.7,57.7,67.8,80.5,74.2,86.6,2.7,2.6,2.8,2.7,2.5,2.8,76.1,84,84.7,78.9,89.2,5.9,7,80095,67172,40741,32734,46406,21933,96.9,95.6,0.1,0,0.8,0,0.4,3.1,3.1,9036,695,191,128,152,1711,361,130,762,29.7,21.7,39,15.6,10.9,21,16,13.1,19.2,11.5,19.3,2.5,27.2,35,18.2,90.63
Oklahoma,Adair County,47.6,46.5,48.7,59.4,57.3,61.6,5.6,4.4,6.7,5.4,4.2,6.5,59.8,68.3,60.1,71,65.9,20.8,24.5,52674,41355,29286,27061,31940,19839,89,39.6,0.4,43.9,1.1,0.1,3.9,11,7.2,6770,602,191,53,545,943,558,396,1068,26.8,16.7,37.2,16.7,14.6,18.8,16.1,6.7,25.9,14.4,24.6,3.8,26,37.3,14.2,100.39
Oklahoma,Alfalfa County,46.1,48.6,44.6,56.4,70.1,49.4,3.6,4.8,2.8,3.2,5.2,1.8,74,80.2,80.1,67.9,50.3,8.3,11.6,84748,72542,33684,30656,36263,5744,93.9,84,3.8,2.5,0.6,0.1,3,6.1,6,1812,105,114,0,73,325,193,11,143,32.9,29.4,38.1,14.3,11.2,18.8,20.9,10,37,17.1,27.3,2.1,14.8,22.1,4,108.84
Oklahoma,Atoka County,42.6,42.2,43,52.6,54.6,51,6,5.6,6.4,5.6,5.5,5.6,57.8,64.6,67.4,60.1,54,11.7,17.1,61450,49211,32280,27564,35275,14080,83.8,70.8,3.2,9,0.4,0,0.4,16.2,3.9,4886,288,193,18,317,890,424,56,408,31.2,20.9,42.9,17.1,11.6,23.3,18.9,13.6,24.9,15.9,28.7,1.5,16.8,25.2,7.4,103.27
Oklahoma,Beaver County,60,51.7,68.4,74.8,66.1,83.1,3.6,4,3.2,3.2,3.3,3.2,68.4,56.1,77.6,58.7,85.8,4.2,7.5,73045,65566,34659,26086,44781,5100,89.6,76.4,0.4,1.3,0.1,0,11.5,10.4,25.6,1781,136,125,0,30,404,202,16,172,35,33.9,36.4,14.1,6.9,23.5,18.3,7.5,32.4,21.9,36.7,2.6,10.7,15,5.1,111.68
Oklahoma,Beckham County,48.9,53.6,45.3,55.4,64.1,49.5,6.5,4.9,7.9,6.9,5,8.5,67.5,60.2,70.1,65.9,54.1,11.1,20,74609,54898,33339,26886,43307,22349,95.3,82,5.2,2.3,0.8,0,5,4.7,15.2,7907,662,412,8,581,1137,325,108,463,28.7,24.4,33.5,23.5,14.5,33.6,18.1,11.2,25.8,14.8,27.6,0.6,14.9,22.3,6.6,109.37
Oklahoma,Blaine County,44.5,45.7,43.4,54.1,58.1,50.9,6.4,8.5,4.5,6.9,9.2,4.8,64,62,71.2,71,53.4,9.3,12.3,68199,57266,36308,28676,43944,8799,92.2,79.4,4.5,6.3,0,0,1.9,7.8,12.8,3542,171,211,0,112,489,295,10,387,33.4,31.3,35.8,15.6,4.8,27.9,17.4,9.5,26.5,15.2,27.6,0.9,18.5,26.8,8.8,106.07
Oklahoma,Bryan County,55.3,51.4,59.6,70.4,65.7,75.3,5.3,5.6,4.9,5,5.8,4.3,69.7,76.1,77.7,56,78.9,12.1,17.1,65201,53655,34118,29031,39353,45809,90.6,72.1,2.1,13.7,0.6,0.1,1.9,9.4,6.6,17731,1031,674,113,925,2821,1216,146,1819,32.4,26.2,39.2,18.7,15.6,22.1,22.1,14.8,30.1,10.7,19,1.7,16,24.3,6.9,111.21
Oklahoma,Caddo County,47.5,45.2,49.6,59.4,60.2,58.7,6.9,5,8.3,6.6,4.4,8.2,63.1,61.2,71.9,73,63.9,14.5,19.7,65087,51847,33122,28110,40412,27253,89.6,61.9,2.4,21.6,0.1,0,3.5,10.4,13.7,9094,578,542,38,621,1293,802,310,1278,29,23.7,35.6,18.1,12.9,24.6,20.8,11,32.9,16.9,28.5,2.4,15.3,24,4.5,103.53
Oklahoma,Canadian County,66.3,62.7,70,78.5,75.1,81.9,3.7,3.6,3.8,3.4,3.5,3.4,78.1,74.2,83.8,78,85.8,5.2,7.6,96499,83901,45357,37124,57581,151174,91.5,77.9,3.3,3.7,3.1,0.1,3.4,8.5,10,54871,6403,2483,188,2000,14619,4147,687,4749,40.8,36.8,45,14,11.1,17.1,23.9,16.1,32.4,9.6,17.5,0.9,11.8,18.4,4.6,125.7
Oklahoma,Carter County,57,50.7,63.7,70.1,64.9,75.2,4.5,4.3,4.6,4.2,4,4.4,67.6,74.2,74.9,71.6,78.7,12.8,16,72398,57668,36217,28940,45631,48102,88.6,71,6.3,7.9,1.5,0,1.8,11.4,8.2,18441,1273,652,4,1097,3485,1469,275,1714,29.9,24.4,36.3,18.6,13.5,24.5,19.2,10.4,29.6,11.8,21.4,0.6,20.5,30.2,9.1,112.64
Oklahoma,Cherokee County,52.7,51.7,53.9,65.8,65,66.6,6.5,6.4,6.5,6.3,6.5,6.1,69.6,81.5,72.8,68.8,71,14.9,21.3,66103,51689,31916,28307,34996,47307,86.3,48.5,1.2,33.9,1,0.1,1.7,13.7,7.7,17486,984,635,165,840,2742,1003,323,1621,37.1,28.7,45.4,17.3,14.2,20.3,20.5,13.7,27,12.7,23.4,2.2,12.4,19.9,5,107.75
Oklahoma,Choctaw County,49.1,49.3,48.9,63.7,63.3,64.2,7.5,4,11,7.4,3.9,10.8,65.9,69.1,76.1,77.8,71.9,18.3,23.1,61609,42351,32666,27265,38371,14307,89.2,61,9.7,16.5,0.6,0.1,1.4,10.8,4.9,5756,307,117,18,420,611,269,78,792,30.3,22.1,37.6,18.3,12.6,23.4,21.3,8.9,32.5,12.4,25.5,0.6,17.8,30.9,5.9,101.38
Oklahoma,Cimarron County,61.3,48.6,74,80.9,70.1,91,0.6,0,1.1,0,0,0,70.1,72.7,78.2,85.2,91,8.8,12.1,68983,54882,36836,21292,48183,2271,91.1,90.1,0.2,0.6,0,0,0.1,8.9,24.2,829,51,66,0,31,168,105,0,111,37.1,45.7,23.9,10.3,4.7,18.8,23.1,10.4,42.5,15.2,23.3,2.8,14.4,15.9,12.1,102.43
Oklahoma,Cleveland County,62,58.3,65.7,74.1,70.5,77.6,4.6,4.9,4.4,4,4.3,3.7,74,75.3,80.8,63.6,82.5,7.3,12.3,92221,73104,38537,31656,46943,292110,90.5,74.5,5,4.4,4.4,0,2.3,9.5,9.3,112437,8047,4043,512,3900,19120,7196,1344,9049,41.9,37.7,46.7,15.5,12.2,19.2,22.1,16.1,28.7,8.9,16.3,0.7,11.5,17.6,4.7,121.17
Oklahoma,Coal County,49.4,45.9,52.9,63.9,61.4,66.3,6.3,4.8,7.6,6.6,4.5,8.5,64.3,60.4,77.9,77.2,72.4,16.6,20.8,57886,47630,33697,29733,39079,5294,77.3,67.3,0.4,8.5,0.3,0,0.9,22.7,4.8,2092,129,118,3,100,283,161,34,237,28.5,25.2,32.2,18.4,14.1,23.2,20.8,10.1,32.9,16.1,27.6,3,16.3,23,8.7,102.82
Oklahoma,Comanche County,49.5,51.2,47.9,59.6,62.5,57,6.7,6.4,6.9,6.1,6.1,6.2,69.6,63.7,77.1,62.5,76,12.2,16.4,73089,59386,32763,28264,37653,121502,87.9,60.2,15.7,5.1,2.7,0.5,3.7,12.1,13.9,44138,2951,2936,132,3013,5715,3440,513,5540,38.5,31.8,45.3,20.6,17.5,23.9,19.3,12.7,26,9.8,18.7,0.6,11.8,19.3,4.2,113.11
Oklahoma,Cotton County,53.6,51.8,55.4,68.6,69.2,67.9,4.1,3.4,4.8,3.1,2.3,3.9,70.8,90.8,75.5,81.1,71.7,16.2,20.3,77208,59718,35797,33327,43373,5603,93,79.3,2.1,9.3,0,0,2.3,7,8.7,2001,147,42,21,61,309,127,90,169,33.4,26.5,40.8,14.4,11.2,17.8,25.9,15.4,37.3,11,20.1,1.1,15.3,26.8,3,108.17
Oklahoma,Craig County,47.6,48.4,46.9,59.4,64.1,55.2,5.4,4.3,6.5,5.1,3.7,6.4,66.6,75.4,80,56.3,59,14.5,18.9,55559,49152,29773,25932,35658,14172,90.7,63.2,3.4,21.8,0.8,0.3,1.2,9.3,4,5197,250,151,10,268,716,312,86,429,29.7,21.3,38.4,22.6,15,30.3,19,11.8,26.4,15,28.6,1.1,13.7,23.3,3.8,110.58
Oklahoma,Creek County,54.1,47.3,61,68.8,61.1,76.5,4,3.8,4.2,3.8,3.7,3.9,63.5,59.5,67.5,57.9,79.7,11.9,14.1,76201,61459,41572,32892,50051,71879,92.8,77.1,2.1,11.6,0.6,0,1.3,7.2,4.6,27031,1702,1469,92,1301,4115,2534,345,2507,31.4,25.7,38.6,15.2,10,21.8,22.4,13.7,33.3,12.9,22.7,0.7,18,27.9,5.6,113.3
Oklahoma,Custer County,66.3,59.9,73,78.9,72.2,85.2,2.7,2.6,2.8,2.6,2.5,2.7,74.3,72.2,79.5,76.9,87.6,10.7,16,79472,60031,33232,23527,43818,28564,89.4,75.8,3.4,4.3,1.2,0.3,4.5,10.6,18.8,10882,837,529,14,669,2684,800,72,777,32.9,31.3,34.8,17.2,12.9,22.3,23.9,13.8,35.8,10.4,18.1,1.3,15.6,23.9,5.8,108.21
Oklahoma,Delaware County,46.8,45.1,48.7,62.2,60.1,64.4,6.4,5.6,7.1,6.7,6.1,7.3,64,54.6,70.7,69,69.5,13.5,19,64220,50781,31261,26442,36008,40688,88.5,63.8,0.4,22,1.2,0.1,0.9,11.5,4,16342,695,596,38,633,2111,893,173,1224,32.3,28.7,35.9,19.4,13.4,25.5,19.7,9.6,30,12.6,23.7,1.3,16.1,24.6,7.3,109.58
Oklahoma,Dewey County,54.6,43.3,66.2,69.5,56.9,81.9,4.7,2.7,5.9,5.1,2.9,6.5,58.6,62.5,70.3,62.9,87.6,9.5,14.8,71209,58502,35475,28766,46304,4548,91.1,85,0,5.8,0.2,0,0.1,8.9,7.6,1503,114,112,10,95,376,286,17,121,26.1,25.3,27.4,17.9,8.7,31.5,24.1,14.7,38.1,14.6,24,0.8,17.2,27.3,2.1,110.88
Oklahoma,Ellis County,52.9,47.7,58.3,65.8,59.3,72.2,7.3,6.4,8,8.9,8,9.7,64.5,56.7,68.6,45.2,79.9,10.7,15.4,74553,56953,29469,22141,42276,3813,95,90.3,0.2,2,0.8,0,1.8,5,7.6,1468,89,139,0,23,266,96,16,139,33.4,21,48,15.3,13.1,17.9,18.8,9.7,29.6,14.3,24.6,2.2,18.1,31.5,2.3,108.23
Oklahoma,Garfield County,58.5,54.3,62.7,71.2,68.3,73.9,3.9,3.3,4.5,4,3.1,4.8,71.7,68,78.5,68.2,82.6,10.4,13.5,81299,66198,35715,30398,46418,62628,92.4,78.7,2.2,2.2,1.1,4.1,4.1,7.6,13.4,23875,1426,1308,63,978,3973,2138,270,3116,30.5,24.1,37.9,19.4,13.5,26.3,18,10.5,26.7,13.9,25.3,0.5,18.3,26.6,8.6,115
Oklahoma,Garvin County,53.6,45.9,61.4,68.1,59.3,76.9,3.3,3.5,3.2,2.9,3.2,2.7,61.3,49.2,66.3,60.3,79.1,11.2,15.1,64665,54981,38542,30311,46735,25949,89,80.8,2,4.8,0.4,0,1.1,11,9.7,9888,430,567,12,515,1385,1048,87,1099,29.8,22.5,39.3,14.5,10,20.5,19.2,9.7,31.7,15.3,26.2,1.1,21.1,31.6,7.4,107.93
Oklahoma,Grady County,57.1,51.4,63,71.3,63.9,78.7,4.5,4.3,4.6,4.1,4.3,4,66.8,61.9,77.3,66.1,82.4,6.9,10.3,88376,75128,41883,30933,56065,54739,91.5,83.8,2.2,4.3,0.4,0,0.8,8.5,6.2,20119,1424,1011,85,575,4277,1813,268,1745,35.1,28.6,43,14.5,10.2,19.6,21.1,13.5,30.2,14.3,25.1,1.4,15,22.6,5.7,112.71
Oklahoma,Grant County,58.7,55.9,61.4,78.1,75.7,80.2,3.1,3.1,3.1,2.5,2.5,2.6,77.6,76.9,79.7,61.8,82.4,7.8,12,76952,59024,41611,29301,48334,4166,94.5,88.6,2,1.9,0.2,0.1,1.7,5.5,5.5,1508,106,108,0,49,295,124,32,198,27.6,20.5,35.6,15.1,17.4,12.5,21.9,9.6,35.8,16.5,24.8,7.1,18.8,27.7,8.9,109.78
Oklahoma,Greer County,41.9,47.6,37.9,49.6,63.3,41.6,6.9,10,4.1,7.7,10.9,4.6,71,79.4,71.1,84.7,43.6,16.2,18.7,64480,53631,29259,27698,33661,5548,89.2,80.2,5,2,0,0,2,10.8,12.4,2079,208,42,0,49,303,190,53,126,28.3,26.4,30.5,25.4,19.4,32.3,22.5,16.2,29.9,11.2,20.8,0,12.6,17.2,7.3,102.19
Oklahoma,Harmon County,55.6,48.7,62.1,67,59.2,74.5,5.5,5.2,5.6,5.5,6,5.2,62.9,62.5,52.1,93.3,78.6,12.5,17.6,69310,60352,33678,28457,40693,2540,94.9,67.5,10.5,2.4,0.4,0,14.2,5.1,30.7,956,45,49,5,59,100,121,8,103,38.9,37.8,40.4,17.1,8.4,29,12.9,7.8,19.9,13.5,19.3,5.5,17.7,26.6,5.3,110.12
Oklahoma,Harper County,53.2,48.2,57.9,71.8,62.4,80.8,4.1,3.2,4.8,4.4,3.6,5,64.7,75.8,70.7,45,85,9.1,15.3,73272,56114,32767,28946,37443,3358,95.7,83.7,0.1,0,0,0,12,4.3,23.8,1196,116,114,2,19,241,186,5,24,30.6,20.1,43.9,16,10.5,22.9,21.1,12,32.6,21.7,38.9,0,10.6,18.4,0.7,109.82
Oklahoma,Haskell County,48.9,44.9,53.1,64.2,58.5,70.2,8.6,8.2,8.9,8.2,7.7,8.5,63.4,64.2,78.6,65,76.7,16.9,21.6,61690,47548,33099,26237,37737,11711,82.3,70.2,0.7,10.1,0.2,0,1,17.7,4.7,4576,255,188,26,196,703,338,122,361,32.2,24.2,41.4,19,11,28.2,17.2,12.4,22.7,17.9,31.4,2.5,13.7,21,5.3,104.59
Oklahoma,Hughes County,39.6,41.1,38.3,49.8,54.1,46.7,7.4,5.4,9.1,8.2,6.2,9.9,57.6,58.1,73.2,55.6,51.9,12.7,20.6,56526,46243,31827,28387,37052,13406,93,66.1,4.2,21.8,0.4,0,0.6,7,6.1,3897,368,233,43,411,674,271,13,528,27,19,35.8,20.5,16.9,24.5,21.6,9.4,34.9,14,25.8,1,16.9,28.9,3.8,101.14
Oklahoma,Jackson County,55.4,54,56.7,66.3,67.1,65.6,4.3,3.4,5.1,4.6,3.7,5.5,71.1,58.4,74.1,65.4,80.8,10.9,15.5,73414,60551,34851,27428,43815,24960,89.1,71.9,7,1.4,1.4,0.2,7.3,10.9,25.2,9671,755,476,45,437,1643,624,140,971,31.7,23.7,40.2,21.8,15,29.2,16.1,11.9,20.5,15.7,29.4,1.3,14.6,20.1,8.9,111.77
Oklahoma,Jefferson County,48.9,44,53.8,60.5,55.1,65.6,5.1,4,5.9,5.2,4.9,5.4,57.9,39.1,68.4,59.2,69.4,16.5,23.2,57736,47347,30173,26160,36983,5491,90,82,2.1,4.6,0,0,1.3,10,11.3,2057,72,105,2,167,320,151,28,312,25.6,20.5,31.9,18.3,11,27.3,17.5,5.9,31.8,17.8,30.3,2.6,20.7,32.4,6.5,101.14
Oklahoma,Johnston County,48.2,44.6,51.7,63.8,61,66.6,6.3,5.1,7.3,5.7,4.5,6.7,63.8,78.5,61.7,72.3,71.6,14.8,21.3,61616,50962,35486,28678,43505,10446,81.3,69.2,1.6,8.3,0.1,0.2,2,18.7,5.8,3907,205,90,4,208,446,282,71,455,34.5,26.5,43.7,14.4,9.2,20.4,16,7.2,26.1,11.9,20.3,2.1,23.3,36.7,7.7,103.71
Oklahoma,Kay County,54.7,49.9,59.6,70.5,65.8,75,6.4,5.5,7.2,6.1,5,7,69.2,72.5,82.7,57.1,80.8,12.5,16.5,66128,54926,32574,27981,37711,44019,90.6,75.8,1.9,9.4,0.6,0,2.9,9.4,8.6,16916,969,729,93,973,2729,1054,183,2126,27.7,21.6,34.9,18.8,16.9,21.1,20.2,10.2,31.9,13.5,24,1.2,19.8,27.4,10.9,108.25
Oklahoma,Kingfisher County,59.8,53.6,66.1,73.2,64.6,81.8,3.1,1.9,4,2.6,1.7,3.3,65.7,28.1,76.7,68.8,84.7,9.2,10.7,75895,67206,41754,28506,52787,15272,92.6,85.2,0.4,1.7,1.9,0.2,3.1,7.4,16.7,5528,333,414,10,112,1320,819,102,509,30.3,26.4,35.1,15,7,24.7,23.4,14,34.7,19.4,32.9,3,11.9,19.7,2.5,115.09
Oklahoma,Kiowa County,53.3,47.2,59.7,65,58,72,4.3,5,3.8,4.9,5.7,4.3,61.5,40.3,62.2,67.5,75.7,21.4,24.2,58332,40314,31282,28416,33722,8518,90.7,79.5,3.8,4.2,0.5,0,2.7,9.3,11.9,3272,142,241,13,238,538,306,35,281,33,24,44.1,13.9,9.3,19.4,23.4,16.4,32,19.2,33.5,1.7,10.5,16.8,2.8,100.39
Oklahoma,Latimer County,45.8,43,48.6,61.3,54.5,68,8.9,8.5,9.3,7.8,8.8,6.9,59.7,59.5,64,59,73,15.6,17.2,59174,43534,31153,24636,38340,9555,89.6,64.6,1.1,22.5,0.9,0,0.5,10.4,4.5,3852,164,186,5,168,514,240,56,210,29.2,20.9,38.8,17.7,15.6,20,22.2,11.3,34.8,15.9,28.9,0.8,15.1,23.3,5.6,104.65
Oklahoma,Le Flore County,48.6,45.3,51.9,61.9,57.5,66.2,5.5,6,5,5.4,6,5,61.2,64.1,71.8,56.2,70.2,17,21.2,58485,46923,30193,24745,37556,48436,89.7,72.9,1.8,11.7,0.8,0,2.4,10.3,7.3,17623,964,764,67,1245,2729,1384,374,1694,26.3,19.7,33.9,19.5,12.9,27,20.4,13.3,28.4,13.9,24.5,1.7,20,29.6,9,106.26
Oklahoma,Lincoln County,52.7,46.7,58.9,68.4,61.6,74.9,3.5,2.9,4,3.5,2.8,4.1,63.5,52.5,77,58.7,78.8,11.1,14.6,74420,59490,37813,29296,48128,33650,93.4,83.4,2,7,0.4,0.1,0.5,6.6,3.6,12550,628,667,45,502,2303,957,366,1043,32.6,28.6,37.5,16.4,12.2,21.7,21.7,11.1,35,14.1,24.3,1.5,15.1,23.8,4.3,106.9
Oklahoma,Logan County,57.7,51.9,63.6,70.9,64.2,77.8,3.4,2.3,4.3,3.1,2.1,3.9,65.8,64.9,74.4,76.8,81.4,8.1,13.4,101163,81471,41859,32680,48970,49005,93.3,81.3,7.4,3.7,0.4,0,0.5,6.7,6.9,17130,1220,935,83,737,3955,1557,308,1218,34.8,27.7,43.3,19.1,16.4,22.2,21.3,14.6,29.4,12.4,22,1,12.4,19.2,4.2,115.99
Oklahoma,Love County,53,48.8,57.1,65.3,60.9,69.5,5.4,4.1,6.5,4.7,3.7,5.6,63.3,61.3,72.7,65.6,73.6,10.9,15.2,71899,60569,35573,28622,43809,10105,88.1,78.9,2.3,4.8,0.7,0,1.4,11.9,16.7,3552,286,194,0,165,653,333,89,376,26.8,24.6,29.3,22.7,16.9,29.6,18.1,8.5,29.3,12.1,20.4,2.3,20.4,29.7,9.5,109.49
Oklahoma,McClain County,61.3,53.3,69.4,76,67.5,84.6,3.8,5.1,2.8,3.5,4.3,2.8,70.7,57.9,76.8,58.9,87.7,6,7.3,92768,80566,45811,35216,57328,41258,90.8,82.7,1.2,5.8,0.2,0,1,9.2,8.5,14836,1271,827,13,289,3728,1656,156,1101,36.4,31.1,43.2,13.2,11.8,15,23.6,13,37.3,14.8,25.7,0.7,12,18.4,3.8,115.62
Oklahoma,McCurtain County,50.7,45.2,56.4,64.1,59.8,68.6,5.4,5.2,5.6,5.7,5.3,6,63.1,52.1,67.5,58.3,73,17.4,22.1,60721,47344,31758,26229,37737,31112,87.8,61.3,7.5,14.3,1,1.4,2.3,12.2,6.4,11235,646,600,70,899,1709,844,177,1741,25,17.9,33.5,20.3,13.3,28.7,16.1,7.6,26.3,13.8,24,1.5,24.9,37.3,10,102.12
Oklahoma,McIntosh County,40.2,37.4,43.1,57,53.7,60.4,4.9,6,3.9,4.9,5.7,4.2,57,68.7,66.5,64.7,63.1,15.8,22,56511,44463,33382,27536,38623,19105,88.6,68.7,2.5,16.5,0.5,0.1,0.3,11.4,3,7233,216,184,28,490,805,358,125,658,27.2,20.2,35.1,20.4,15.8,25.6,16.3,5.4,28.4,15.8,27.9,2.3,20.3,30.7,8.6,104.11
Oklahoma,Major County,57.8,51.2,64.5,75.3,67.3,83.3,1.8,0.3,2.9,1.7,0.4,2.8,67.6,55.5,64.8,51.2,85.7,7.8,12,77159,65427,37953,27666,50378,7753,93.4,86.5,0,2.8,0.5,0.1,3.4,6.6,10,3171,187,106,35,77,515,402,52,180,28.9,28.1,29.9,13.4,5.9,22.8,21.3,9.9,35.4,19.2,31.4,4,17.2,24.7,7.9,104.88
Oklahoma,Marshall County,48.8,44.9,52.6,65.8,61,70.6,4.7,3.8,5.4,5,4.1,5.8,63.6,63.3,74,64,75,12.4,17.1,59182,55966,34393,27448,41952,15361,86.2,66.8,1.5,5.9,0.1,0.2,11.8,13.8,18.4,5613,394,228,14,247,863,479,47,606,26.7,22.4,31.7,18.2,11.1,26.5,17.9,7.9,29.7,10.9,19.8,0.4,26.3,38.9,11.6,107.68
Oklahoma,Mayes County,53.7,49.4,58.1,68.5,63.1,73.8,6.1,5.1,7,5.9,5,6.7,66.5,59.9,77.1,67.1,79.2,13.6,16.9,69395,57722,36331,25324,47196,39303,86.8,64.5,0.4,20.8,0.4,0.1,0.6,13.2,3.8,15070,718,770,19,730,2282,904,109,1614,29.6,22.4,38,18,12.3,24.7,18.7,8.6,30.5,13.4,23.9,1.1,20.4,32.9,5.7,109.53
Oklahoma,Murray County,55.1,49,61.1,70.9,63.2,78.4,3.3,2.6,3.9,3,2.8,3.2,65,57,74.1,64.2,81,11.7,16.6,71892,59034,37910,29975,44469,13874,89.7,73.6,1.1,12.8,0.8,0.3,1.1,10.3,7.2,4929,297,240,12,223,832,370,75,629,24.3,20.3,29.4,20.3,13.3,29.1,19.9,9.6,32.9,13.5,23.6,0.6,22.1,33.1,8.1,110.74
Oklahoma,Muskogee County,49.6,46.5,52.9,62.5,59.1,66,6.1,5.6,6.5,5.5,5.1,6,62.3,70.1,72.3,71,70.3,14.3,19.6,62865,48141,34281,28589,38857,66881,89.1,55.9,10.2,18.6,0.6,0,3.9,10.9,6.8,25455,1459,1148,146,1672,3408,1459,476,3577,33.4,26.1,41.2,17.3,13.2,21.7,20.4,13.1,28.2,10.5,19.3,1.1,18.4,28.3,7.9,107.04
Oklahoma,Noble County,54.1,50.5,57.7,71.6,66.8,76.5,5.2,5.3,5.1,5.1,4.8,5.3,70.2,88.8,80.2,61.4,80.7,5.4,11.7,79110,68572,39156,31559,49022,11020,90.8,81,0.2,7.9,0.1,0,1.5,9.2,4.3,4202,383,170,0,210,762,404,59,248,38.6,31.1,47.1,12.4,9.1,16.2,19.7,10.1,30.5,10.3,18.8,0.8,18.9,30.9,5.4,107.75
Oklahoma,Nowata County,51.8,47.3,56.4,66.9,62.6,71.1,5.4,5.2,5.6,5.6,5.4,5.8,66.2,69.6,78.2,53.4,75.7,12.1,16.1,62713,50997,34252,26795,44012,9484,85.1,66,1.4,15.7,0.5,0.1,1.3,14.9,3.3,3742,220,151,6,201,566,293,7,175,31.9,26.3,38.3,14.1,9.1,20,20.1,8.9,33.1,15.7,27.5,1.9,18.3,28.2,6.6,105.71
Oklahoma,Okfuskee County,41.8,45.2,39.1,52.9,59.4,48,5.5,2.2,8.6,5.3,1.9,8.3,60.6,65.1,69.4,51.7,52.4,19.8,27.6,55758,46870,32849,27822,38464,11444,85.5,62.1,7.1,15.2,0.5,0,0.6,14.5,4.4,3780,181,207,15,256,482,410,23,462,30.1,21.3,39.3,22.1,19.3,25.1,16.7,5.4,28.6,13.9,26.1,1.1,17.2,27.9,5.9,101.8
Oklahoma,Oklahoma County,62.3,57.4,67.4,74.4,69.6,79.4,4.6,4.5,4.6,4.2,4.2,4.2,73,71.3,76.8,65.4,84.5,11.9,15.8,79190,63481,38539,32584,44944,790938,90.7,65,14.9,3.1,3.3,0.1,4.3,9.3,18,313822,23646,16268,1178,18301,50455,23319,3185,37269,38.9,35.6,42.7,17.5,13.5,21.8,21.7,15.9,28.2,9.7,17.6,1,12.2,17.4,6.4,117.84
Oklahoma,Okmulgee County,51,48,54.1,65.2,62.3,68.1,7.5,6.5,8.3,7.2,6.4,7.9,66.6,71.8,81,72,74.5,13.8,16.7,64734,53071,32733,25654,39916,37046,87.8,63.5,7.6,15.5,0.5,0.1,0.6,12.2,4.5,13959,702,545,36,835,2195,714,158,1667,28.2,21.7,35.3,21.9,17.8,26.3,22.2,13.3,31.8,10.3,19.4,0.5,17.4,27.8,6.1,106.97
Oklahoma,Osage County,51.3,49.3,53.3,65.1,63.5,66.7,5.7,5,6.3,5.6,4.4,6.7,66.5,67.4,72.5,73.6,71.7,9.2,13.5,75136,58899,35941,30252,43158,46140,87.5,63.8,10.8,11.4,0.3,0,1.2,12.5,3.9,16824,1013,564,88,717,2886,1367,214,1426,32.3,29.3,35.6,18.3,13.6,23.4,22.5,12.2,33.9,10.8,19.6,1.1,16.1,25.3,5.9,110.1
Oklahoma,Ottawa County,52.3,50.9,53.8,67,65.6,68.5,4.1,3.4,4.7,4,3.4,4.6,67.9,79.1,77.7,67.6,71.9,15.8,20.4,56707,46119,30083,25956,35746,30568,90.8,64.9,1.2,20.6,0.8,0.7,2.7,9.2,6,11728,779,314,97,819,1738,639,203,1373,29.6,22,37.1,22.4,19.7,25.1,19.5,11.5,27.5,11.7,21.4,2.1,16.8,25.5,8.2,105.86
Oklahoma,Pawnee County,52.7,45.8,59.7,67.7,60,75.2,3.9,4,3.8,3.1,3.7,2.7,62.3,57,75.1,58.9,77.5,11.2,15,70635,57862,39426,30643,46829,15687,88.5,76.6,0.5,10.5,0.2,0,0.8,11.5,3.4,5900,290,353,23,262,997,532,134,562,30.7,23.9,39.6,15,10.1,21.4,19.5,11.4,30,14.1,23.7,1.7,20.6,30.9,7.3,111.46
Oklahoma,Payne County,55,51.8,58,66.2,64,68.2,4.3,4.4,4.3,3.7,3.7,3.8,66.4,69.1,78.5,59.7,71.3,11.4,25,71777,47618,23605,17987,29902,81817,92,78.9,3.7,4.1,4.2,0.1,1,8,4.9,31197,1967,1302,107,1227,4454,1891,273,2263,42.3,39.8,45.3,19.9,14.5,26.3,18.4,13.4,24.4,9.5,16.4,1.3,9.8,15.9,2.7,111.54
Oklahoma,Pittsburg County,49.8,46.3,53.2,63.2,61.1,65.1,7,6.7,7.3,6.8,6.8,6.8,65.8,63.6,80.2,57.8,70.1,13.6,18.8,68277,54139,34107,28101,42246,43836,80.9,71.2,2.5,5.9,0.5,0.2,0.7,19.1,5.6,17112,818,772,26,905,2612,917,203,1640,33.7,25.5,43.6,17.6,15.1,20.7,20.3,13,29.1,11.8,20.6,1.2,16.6,25.8,5.4,108.82
Oklahoma,Pontotoc County,58,52.2,64.3,72.3,68,76.8,4.3,4.8,3.9,4.1,4.6,3.7,71.3,74.9,83.2,63.5,79.8,11.1,14.3,76098,60890,39568,34677,43765,38102,87,66,2.6,16.6,0.9,0.2,0.9,13,5.8,14604,1066,542,111,642,2512,936,156,1394,38.5,30.2,47.9,15.2,12.7,18.1,20.7,14.1,28.1,12.7,22.8,1.2,13,20.2,4.7,111.23
Oklahoma,Pottawatomie County,53,47.6,59,66.1,59.4,73.5,5.6,5.6,5.6,5.3,5.3,5.3,62.8,75.3,73.9,58.2,77.8,10.7,14.7,73992,59837,34371,28380,44451,72331,92.4,73.8,3.1,14.1,0.7,0.1,0.6,7.6,5.6,26237,1899,1177,127,1365,4912,2327,503,2536,32.7,26.6,39.5,17.7,14.8,21,22.1,12.8,32.4,12.5,23.1,0.9,14.9,22.7,6.3,111.01
Oklahoma,Pushmataha County,42.9,42.1,43.9,59.9,60.8,59,8.4,5.7,11.1,6.8,4.7,8.9,63.8,62.4,82.1,64.3,64.8,15.2,18.9,56005,44386,29371,24355,37423,10891,88.4,70.3,0.9,16.4,0.4,0.1,0.2,11.6,4.1,4189,191,148,31,222,592,197,148,328,27.6,21.3,33.8,21.8,15.6,27.7,21.4,9.2,33.2,15.4,30.6,0.5,13.9,23.3,4.7,100.76
Oklahoma,Roger Mills County,56,49.2,62.3,68.7,64.4,72.6,5.7,6.8,4.9,6.4,7.6,5.5,69.7,77.4,65.5,68.9,76.8,13.9,17.9,67873,63640,40357,30597,53715,3477,95.4,86,0.1,6.8,0,0.6,2,4.6,7.6,1403,87,38,31,34,245,158,9,147,32,33,30.6,18.9,11.2,29.1,18.1,4.6,36.2,15.8,26.5,1.4,15.3,24.7,2.7,106.73
Oklahoma,Rogers County,59.6,53.3,66,73.8,67,80.5,5.2,5.6,4.8,4.9,5.1,4.7,70.7,67.9,75.8,64.7,84.7,7.1,9.5,91200,75561,42138,33855,50643,94637,89.5,72.8,0.9,12.9,1.6,0.1,1.2,10.5,5.1,34465,2410,1741,99,1339,7260,3068,393,2614,35.2,29.1,42.7,15.6,12.8,19,21.3,13.2,31.2,12.5,21.5,1.6,15.3,23.4,5.4,118.13
Oklahoma,Seminole County,45.7,40.6,51.1,58.4,53.3,63.5,9.1,8.3,9.9,8.3,7.7,8.8,57.8,66.9,66.1,67.7,69.6,18.6,21.8,52581,43807,30701,25213,36062,23798,91.8,65.9,4.5,20.5,0.2,0,0.6,8.2,5.5,8581,586,371,104,397,1264,651,192,943,24.6,15,35.9,21.5,17.7,25.9,18.7,11,28,16.5,29,1.7,18.7,27.2,8.5,104.48
Oklahoma,Sequoyah County,48.5,46.1,50.9,62.2,59.6,64.9,4.9,3.7,6.1,4.9,3.7,6,61.9,48.8,72,73.3,69.5,14.4,19.4,58645,47411,31883,24805,38791,39652,89.7,62.8,2.1,22.3,0.9,0.1,1.5,10.3,4.7,14623,909,713,13,704,2341,813,171,1338,25.6,18.4,33.2,20.4,17.5,23.5,23.6,13.5,34.2,11.8,22.9,0.1,18.5,27.8,8.9,107.28
Oklahoma,Stephens County,51.3,44.7,58.3,66.6,59.3,74,5.7,5.1,6.1,5.5,4.9,6,62.4,54.1,74,57.3,79.1,11.1,15.9,71402,58282,36478,27645,48252,42983,92,81.1,1.7,4.7,0.5,0.1,3.9,8,8.2,16633,795,984,52,709,2493,1631,206,1410,30.4,24.8,37.2,15.4,12,19.5,22.3,12.5,34.2,13.6,23,2.2,18.4,27.7,6.9,109.61
Oklahoma,Texas County,68.4,59.6,75.3,79.5,71.5,85.7,2.8,3.8,2.3,2.6,3.8,1.7,74.4,82.7,73.9,63.2,87.2,15,23.2,72805,55351,32619,31110,33834,21448,90.4,56,5,1.1,2.9,0,25.3,9.6,47,6890,759,500,27,559,1334,816,130,1030,25.8,23.7,29.3,13.7,8.2,22.5,19.9,12.1,32.5,19.9,30.8,2.2,20.7,25.2,13.5,111.47
Oklahoma,Tillman County,51.8,45.9,57.5,65.5,60.8,69.8,6.6,5.3,7.6,6.9,4.6,8.8,63.8,38.3,72.3,81.1,76.5,17.1,19.7,58251,44840,32242,29053,34447,7070,93.6,66.7,8.4,3.4,0.2,0,14.9,6.4,28,2625,172,100,23,183,363,172,30,362,27.2,21.5,34.6,16.5,17,15.8,18.7,8.1,32.5,16.3,28.1,0.8,21.4,25.3,16.2,104.2
Oklahoma,Tulsa County,62.3,56.7,68.2,74.9,69.7,80.3,5.6,5.6,5.6,5.2,5.1,5.3,73.5,69.1,77.5,61.6,85,10.6,14.2,84668,65816,39257,33051,46487,664084,89.4,67.1,9.9,5.3,3.6,0.1,3.5,10.6,13.4,260639,18929,14031,1154,14097,41447,21764,3023,29477,39.3,35.9,43.2,16.3,12.8,20.3,22.4,16,29.6,8.7,15.6,0.9,13.2,19.7,5.9,118.15
Oklahoma,Wagoner County,59.9,53.9,66.1,73.7,67,80.4,5.2,5.6,4.9,5,5.3,4.7,70.9,72.7,77.3,66.8,84.6,6.4,9.4,90489,75108,43075,35099,50928,80509,89.2,72.2,3.5,9.3,1.8,0.1,2.4,10.8,6.8,29280,2685,1466,138,964,5812,2549,462,2803,37.2,32,43.3,14.5,10.6,19.2,21.8,14,31.1,11.5,20.5,0.8,15,22.9,5.6,118.61
Oklahoma,Washington County,54.9,51.4,58.7,71.4,67.4,75.5,4.5,3.3,5.6,4.5,3.1,5.7,69.6,71.1,83.7,58.7,80.1,10.8,14.2,76300,60185,35778,29069,42555,52382,91.4,74.2,2.6,10.1,2.1,0,2.4,8.6,6.5,20382,1078,1105,126,824,3538,1315,202,2088,37.9,31.9,44.2,17.9,13.4,22.6,20.1,13.2,27.3,9.7,18.3,0.5,14.5,23.2,5.3,111.14
Oklahoma,Washita County,57,52,62.2,68.2,62.9,73.2,7,7.1,6.8,7.3,6.5,7.9,67.3,65.5,80,66.7,80,6.9,12,72695,60768,39145,31509,48676,11014,92.6,86.2,1.5,1.9,0.1,0,2.8,7.4,10.1,4076,379,245,11,151,808,241,39,354,33.9,24.3,45,13.8,9.6,18.7,19.7,9.2,32,17.4,31.2,1.3,15.2,25.7,3,107.56
Oklahoma,Woods County,59.9,54.8,64.4,74.9,73.9,75.7,4.5,4.7,4.3,4.4,4.9,4,77.6,89.1,90.2,52.6,78.9,5.2,14.4,82902,60967,27924,25114,29450,8731,95.9,88.4,3.4,3,0.3,0,0.9,4.1,7.3,3332,346,154,0,67,427,190,9,131,35.2,28.5,44.2,16.8,12.4,22.5,21.1,18.1,24.9,11.6,20.1,0.2,15.4,20.9,8.1,109.95
Oklahoma,Woodward County,56.9,52,61.1,68.7,66.9,70.1,5,4.2,5.6,4.8,3.8,5.6,69.5,70.9,85.9,76.7,74.4,12.2,14.2,73916,60713,37759,27392,46109,20591,95.2,86.3,1.5,2.1,0.5,0,4.8,4.8,13.4,7952,472,149,47,545,1493,478,100,910,31.1,21.8,43.9,16.9,16.7,17.1,20.7,14.5,29.3,13.6,21.3,3,17.7,25.7,6.7,112
Oregon,Baker County,45.7,42.6,48.6,64.2,62.2,66.1,6.4,8,5,6.3,7.5,5.2,67.2,63.2,85.4,53.1,69.7,10,14.1,66386,51145,35393,26262,42165,16539,96.6,91.4,1.1,1.4,0.4,0.2,2,3.4,4.8,6976,434,436,11,67,1055,470,118,300,37.2,36,38.6,20.1,12.9,28.6,17.6,13.5,22.4,12.4,20.5,2.9,12.7,17.1,7.5,66.81
Oregon,Benton County,57.2,54.2,60.2,71.9,69.2,74.3,6.3,6.3,6.4,5.3,5.2,5.4,73.1,64.4,77.2,69,78.6,7.5,18.3,103267,74918,29246,24339,34044,94667,94.3,82.4,1.1,0.7,7.3,0.2,2.5,5.7,7.9,37370,2176,1231,208,542,5211,1760,333,2134,50,49.7,50.4,17.6,14.6,20.9,18.1,13.5,23.3,5.8,10,1.2,8.5,12.2,4.3,92.37
Oregon,Clackamas County,60.7,55.3,66.3,76.3,70.4,82.2,4.9,4.7,5.1,4.7,4.5,4.9,73.7,73.2,77.5,63.6,86.5,5,7.5,115854,96484,48478,40190,59174,418577,92.8,83.9,0.8,0.5,4.5,0.2,2.8,7.2,9.1,159553,13034,7311,629,3162,29796,13996,2030,10194,42.9,39.9,46.5,13.3,10,17.2,22.2,16.3,29.2,9.2,15.9,1.4,12.3,17.9,5.8,94.92
Oregon,Clatsop County,54.7,49.7,59.9,70.8,66.2,75.4,4.8,4.5,5,4.7,4.6,4.8,69.9,65.2,75.5,68.2,82.4,4.5,9.9,88539,67412,37389,29919,43772,40720,93.1,88.3,0.9,0.7,1.1,0.3,1.8,6.9,8.9,16649,1044,618,69,225,1938,1531,142,687,31.5,29.5,33.9,22.6,18.2,27.7,22.8,14.2,32.8,10.2,18.1,1.2,12.8,20,4.4,73.29
Oregon,Columbia County,55.7,49.3,61.9,70.7,63.6,77.6,5.4,4.9,5.7,4.6,4.3,4.9,66.5,64.8,76.8,41.9,81.6,6.2,10.1,95618,80561,43110,33833,53037,52381,93.1,89.6,0.5,0.8,0.8,0.4,1,6.9,5.7,19933,943,1002,69,649,2734,1819,225,1556,29.8,24.2,36.9,15.9,9.5,23.9,22.5,16.7,29.9,11.6,19.8,1.3,20.2,29.7,8,74.44
Oregon,Coos County,48.2,45.8,50.6,64.6,61.7,67.6,6.1,7.4,4.9,5.7,6.5,5,66.3,66.3,76.4,65.6,71.7,11.7,16.3,74176,57277,33255,26982,41447,64619,93.1,87.7,0.6,2,1.1,0.1,1.6,6.9,6.9,27627,963,671,157,1131,3206,1165,586,1773,31.1,24.9,37.8,25.3,20.2,30.7,19.4,14.4,24.8,10.7,20.3,0.4,13.5,20.2,6.3,74.51
Oregon,Crook County,52.5,49.3,55.7,71.1,64.3,77.9,3.9,2.3,5.3,3.4,2.3,4.3,65.8,52.1,81.4,61.4,81.4,6,9.6,83272,70654,38264,32847,47927,24300,95.4,91.9,0.2,1.5,0.3,0.2,1.2,4.6,7.9,9951,632,361,51,185,1234,558,112,1073,30.9,25,37.7,21.2,14.5,29,17,8.8,26.4,14.7,26.7,0.9,16.2,25,6.1,66.81
Oregon,Curry County,41.5,37.6,45.5,62.5,58.1,66.8,8.7,9.4,8.1,8,7.2,8.6,62.6,71.7,62.5,57,73.4,7.9,13.2,71398,62733,35113,23446,47103,23234,92.6,89.5,0.1,1.3,0.9,0,0.7,7.4,7.7,10788,395,318,0,203,722,699,6,511,31.5,29.3,34.1,25.8,24.9,26.8,21.1,12,32,11.4,20.3,0.8,10.2,13.5,6.2,66.81
Oregon,Deschutes County,59.8,55.9,63.7,75.5,71.3,79.7,5.5,5.2,5.7,5,4.7,5.3,74.9,68.8,78.5,75.8,84.4,6,9.4,96494,80749,40477,34162,48290,194964,95.5,91,0.5,0.7,1.1,0.2,2,4.5,8.3,79329,4770,2934,551,2202,12832,4185,1182,4075,41,38.1,44.3,17.8,14.2,21.8,22.6,16.9,29,9.2,16.9,0.7,9.3,13.9,4.2,87.48
Oregon,Douglas County,47.7,45.1,50.3,65.9,62.8,69.1,5.9,5.3,6.5,5.7,4.6,6.7,66,74.6,81.4,65.7,74.2,9.1,13.8,69278,57202,34645,27885,42883,110680,93.4,90.2,0.3,1,0.9,0.1,1,6.6,6.2,45663,2045,1191,294,2125,6072,1880,591,2605,29.8,24.9,35.1,19.8,15,24.8,22.7,14.9,31.1,11,20.2,1,16.8,24.9,8.1,69.51
Oregon,Gilliam County,50.7,44.6,56.6,74.6,70.3,78.5,5.7,6.9,4.8,5.6,5.7,5.5,74.6,77.8,94,87.5,83.1,1.5,11.8,74426,56358,37401,31462,47624,1954,93.3,89.3,0,2.1,0.6,0.1,1.2,6.7,5,902,42,10,0,0,152,28,13,57,29.9,31.4,27.8,31.5,28.9,35,13,3.4,25.6,14,23.6,1.4,11.6,12.7,10.2,66.81
Oregon,Grant County,47.6,45.6,49.6,71,68.8,73.1,8.3,4.5,11.4,8.7,5,11.8,72.4,53.7,80.5,66.7,82.9,7.7,15.4,66801,55699,33165,22746,41173,7225,95.8,92.8,0.1,1,0.6,0.2,1.2,4.2,4.3,3274,160,126,1,31,469,160,16,115,33.5,32.3,34.8,21.1,13.5,29.7,20.5,11,31,14.7,25.7,2.5,10.2,17.5,2,66.81
Oregon,Harney County,50,50,50,64.4,62.1,66.9,7.1,8.4,5.7,6.7,8.3,5,67.7,57.5,78.9,74,70.4,3.4,11.7,58501,45884,26871,26191,27297,7454,92.4,89.9,0.8,1.1,0,0.3,0.4,7.6,5.5,3076,177,60,22,92,522,72,69,188,32.2,31.8,32.7,27.1,26.4,27.9,18.3,7.4,29.1,9.9,18.2,1.6,12.5,16.2,8.8,66.81
Oregon,Hood River County,66.4,61.8,70.8,81.1,77.9,84.1,3.7,2.4,4.7,3.4,2.2,4.4,79.9,74.8,85.2,82.3,88,3.4,6.3,98352,84818,39781,35918,44249,23915,89,81.6,0.7,0.4,1,0,5.3,11,31.8,8949,736,409,0,247,2311,718,16,396,37.1,32.8,42.2,19,16.2,22.3,16.5,13,20.7,17.2,25.7,7.1,10.2,12.3,7.7,92.75
Oregon,Jackson County,54.5,51.4,57.8,71.3,67.7,75,5.6,5,6.1,5.1,4.1,5.9,70.7,71.7,78.4,53.5,79.8,8.4,13.5,81464,66512,36227,31942,42517,221662,93.1,87.8,0.6,0.9,1.2,0.4,2.1,6.9,13.7,89467,4597,4282,546,2850,12201,6314,632,6804,37.5,34.9,40.2,19.6,15,24.3,22.6,16.3,29.2,8.9,16.2,1.1,11.5,17.5,5.1,78.84
Oregon,Jefferson County,48.5,48.7,48.3,61.2,63.5,59.1,9.1,8.6,9.4,8.8,8.4,9.3,69.3,67.9,78.9,79.9,65.1,13.7,14.9,75977,65125,35497,32347,38568,24232,88.1,67.3,0.7,14.5,0.4,0,5.2,11.9,20.6,8244,635,221,101,586,1490,288,74,959,33.3,27.4,39.6,19.2,13.7,25.2,18.6,11.5,26.2,9.8,17.7,1.2,19.1,29.7,7.7,66.81
Oregon,Josephine County,45.8,43.9,47.8,64.5,62.3,66.8,7.6,5.4,9.6,7.3,4.7,9.7,65.3,64.3,79.7,48.5,74,11.9,16.1,66615,56389,32058,26425,37646,87686,93.4,89.7,0.6,0.7,0.9,0,1.4,6.6,7.9,36148,1451,1301,77,1183,4072,2014,761,2707,31.8,27.9,35.8,23.9,19.2,28.8,20.6,13.9,27.5,9.4,15.9,2.6,14.4,23.1,5.3,78.73
Oregon,Klamath County,48,46,50.1,62.6,60.3,64.9,7.4,6.1,8.6,6.8,6.3,7.2,65,57.4,67.7,68.9,73.1,13,19.1,67296,55361,34454,28517,42583,68899,91.9,83.4,0.7,3.7,1.1,0.3,2.8,8.1,13.9,28027,1199,1294,248,1172,2799,2139,696,2465,34.2,30.8,37.9,17.9,12.4,23.8,20.8,12.1,30.2,11.7,21.4,1.3,15.4,23.3,6.8,66.81
Oregon,Lake County,46.1,44,47.9,59,58.9,59.1,6.3,9.8,3.3,7.2,11.2,3.6,66.3,87,73.4,71.1,61.3,13.4,19.1,70197,55247,33053,26281,40109,8119,92.4,88.2,0.2,2.2,0.9,0,0.9,7.6,9.2,3427,188,88,0,137,523,233,3,239,36.5,37.1,35.7,21.5,17.4,26.7,17.5,8.1,29.6,8.6,13,2.9,15.9,24.4,5.1,66.81
Oregon,Lane County,56.1,52.9,59.3,71.2,68.4,74.1,7,6.7,7.3,6.5,6,6.9,72.8,71.6,79.4,67.2,79.8,8.9,16.5,84441,64327,33525,28627,38615,380532,92.5,84.5,1,0.8,2.7,0.3,3.3,7.5,9.4,157183,7832,4272,545,5706,18306,6584,1532,12957,37.8,33.1,42.9,19.7,15.4,24.3,20.9,16.1,26.2,8.9,16.6,0.6,12.7,18.8,6,90.46
Oregon,Lincoln County,47,45.2,48.9,64.6,60.2,69.5,7,6.3,7.8,7,7.3,6.7,64.9,58.3,76.4,61.1,74.5,8.4,13.8,73893,59907,32795,30521,36104,49866,92.9,85.9,0.4,2.4,1.3,0.1,2.8,7.1,9.7,22093,843,602,48,791,2179,965,82,1596,31.8,25.7,37.9,25.5,23.8,27.1,21.9,14.8,28.9,10.7,19.9,1.6,10.1,15.8,4.5,66.81
Oregon,Linn County,56.2,51.9,60.7,70.8,66.3,75.4,7,6.6,7.2,6.5,6.2,6.7,70.7,69.8,77.1,57.3,81,7.2,11.8,80950,69011,39287,30450,48563,127200,93.1,87.8,0.4,0.9,1,0.1,2.9,6.9,9.7,49113,3220,2496,150,1354,7475,4228,615,3778,34,30.4,38.1,17.7,11.1,25.2,19.8,11.6,29.2,11.5,20.6,1.2,17,26.4,6.5,73.95
Oregon,Malheur County,47.3,48.7,46.2,57.1,62.1,53.6,6.3,7.2,5.5,5,5.5,4.6,65.8,58.8,78.4,45.1,56.4,14.6,19.4,65717,52218,30022,26102,31771,31313,88.5,79.7,1,2.1,1.1,0.2,4.4,11.5,34.7,9783,719,870,20,598,1956,1336,122,1246,28.7,23.7,34.9,17.2,13,22.3,15.9,9.8,23.6,17.6,28,4.7,20.6,25.5,14.5,66.81
Oregon,Marion County,57.9,54,62,72.3,69.1,75.4,5.7,5.9,5.6,5.3,5.3,5.3,73,71.3,76.5,60.7,79.9,9.4,13.4,82680,70719,37508,32647,42545,344037,89.5,75.1,1.1,1,2.2,1,9.2,10.5,27.5,121132,8760,6837,914,5427,22156,11805,1841,12321,32.4,27.2,38.3,18.6,14.3,23.4,22,16.1,28.7,13.2,22.6,2.4,13.9,19.8,7.2,78.25
Oregon,Morrow County,55.3,47.2,63,69.8,62.1,77.3,3.5,5.7,1.8,3.1,5,1.5,65.3,45.3,75.1,58.4,78.5,11.5,14.8,77581,67208,36939,31411,43326,11964,86.2,75.6,0.6,1.1,0.6,0.4,7.9,13.8,37.8,4085,264,311,55,192,870,504,69,518,23.5,17.3,32,16.5,9.8,25.7,14.7,6.9,25.6,23.5,37.6,3.7,21.8,28.3,12.8,66.81
Oregon,Multnomah County,66.1,63.4,68.8,77.9,75.7,80.1,5.5,5.4,5.7,5.2,5,5.4,79.7,77.5,80.7,68.7,84.6,7.5,12.7,107447,83156,45902,40923,50340,810011,91.7,74.3,5.3,0.9,7.7,0.7,2.8,8.3,12.1,339228,22083,9760,2237,8815,43889,14447,3862,24339,48.4,45.6,51.4,16.2,13.1,19.5,18.7,15.1,22.4,5.8,10.5,0.8,11,15.7,5.9,105.67
Oregon,Polk County,57.2,52.2,62.5,74.5,69.1,80.1,5.3,5.9,4.8,4.7,5.1,4.3,73.1,74.5,76.1,72.8,84,8.4,12,92634,76559,38516,31598,45444,86347,93.6,84.1,0.7,2.2,1.8,0.4,4.4,6.4,14.7,31742,2346,1040,333,1199,5911,2300,556,3044,37.2,32.3,42.8,21.5,17.5,26.1,19.5,14.7,24.8,10.1,17.6,1.5,11.8,17.9,4.8,74.25
Oregon,Sherman County,52.4,42.1,62.6,74.8,67.9,80.6,2.5,3.8,1.7,2.9,4.1,2,70.8,70.4,73.2,89.7,82.8,9.3,12.1,70461,58431,38187,33859,40514,1784,91,88,0.2,0.5,0.2,1.4,0.7,9,5.9,711,45,16,4,22,85,32,8,50,34.9,27.1,46.8,15.2,8.9,24.7,13.1,11.3,15.9,16.1,26,1.3,20.6,26.8,11.4,66.81
Oregon,Tillamook County,48,46,50.2,65.3,63.7,66.8,4.8,3.6,5.9,4.3,3.6,4.9,66.2,85.3,79.2,65.6,70.6,9.2,13.6,72066,60746,36559,29440,43738,27129,94.6,90,0.4,0.9,0.6,0.1,2.6,5.4,10.6,11381,448,434,102,435,1347,644,130,598,32.3,29.9,34.9,23,15,31.5,18.2,12.1,24.8,14,25.5,1.6,12.6,17.6,7.2,66.81
Oregon,Umatilla County,53.9,53,54.8,66.7,66,67.3,6.4,6.4,6.4,5.6,6,5.2,70.3,68.7,80.6,62.9,71.1,9.5,12.8,77835,68804,36078,31041,42460,79509,91.9,79.5,1,3.3,0.9,0.1,7.3,8.1,27.8,27012,2519,1521,217,1354,5221,2493,300,3872,29.9,25.3,35.2,18.6,14,23.8,19.2,11.8,27.7,14.7,24.9,3.1,17.6,23.9,10.3,66.81
Oregon,Union County,54,50.3,57.9,69.7,66.8,72.6,6.3,4.5,8,5.9,3.3,8.2,69.1,72,82.4,61.6,79.3,7.6,14.2,74040,60197,33698,25095,42531,26255,96.1,91,0.8,1.1,1.1,1.5,0.7,3.9,5.1,10536,729,398,61,386,1580,604,173,964,30.4,25.9,35.3,23.3,17.6,29.6,19.3,12.4,26.9,11.1,19.6,1.8,15.9,24.6,6.4,66.81
Oregon,Wallowa County,54.9,53.2,56.8,76.3,76.9,75.6,5.2,7.1,3.1,5.9,7.5,3.9,83.1,69,90.9,86.9,78.7,3.6,9,78034,63101,31376,29736,35085,7330,96.1,92.5,0.9,0.7,0.2,0.2,1.6,3.9,3.7,3269,264,75,15,8,555,40,16,288,36,31.6,40.3,19.1,11.4,26.6,20.6,14.1,26.9,15.5,29.6,1.6,8.9,13.3,4.5,66.81
Oregon,Wasco County,56.4,54.5,58.2,71.5,69.1,73.8,6.8,7.1,6.5,6.8,6.9,6.7,74.2,69.3,81.3,69.8,79.4,5.4,9.7,77745,63060,37800,29068,44406,26603,91.4,83.4,0.3,2.7,0.9,0.3,3.8,8.6,19.4,10345,668,551,0,355,1588,826,231,715,35.7,29.7,42.1,16.4,11.3,21.9,20.8,13.9,28.2,15.3,27.9,2,11.7,17.3,5.8,66.81
Oregon,Washington County,65.8,59.8,71.9,78.4,72.2,84.5,4.6,4.7,4.5,4.3,4.5,4.2,75.7,71,77.1,66.6,88.7,5.2,8,118789,100307,50150,41435,60499,596969,91.4,71.5,2.3,0.8,10.8,0.4,5.6,8.6,17.1,226412,20002,10811,1252,5516,45111,18674,2151,17140,48,47.8,48.3,14.6,10.5,19.5,20.3,15.7,25.6,6.5,11,1.2,10.6,15.1,5.3,101.95
Oregon,Wheeler County,43.1,41.7,44.5,63.7,62.4,65,4.1,5.9,2.4,4.8,6.6,3,66.8,88.7,85,26.5,67,7.7,14,60858,50846,30784,28868,34669,1477,91.6,88,0,0.3,0.6,0.1,2.6,8.4,9.9,630,40,50,3,19,50,43,8,28,36.7,28.7,45.5,25.6,22.9,28.5,13.5,3.9,24.1,16.9,30.8,1.6,7.3,13.6,0.4,66.81
Oregon,Yamhill County,57.7,52.8,62.6,72.5,68.3,76.5,3.7,4.6,3,3.3,3.8,3,70.9,61,76.6,69.6,79,8,11.5,95294,80016,39279,33762,46260,107024,92.3,83.2,0.7,0.9,1.5,0.3,5.6,7.7,16.3,38083,2928,1871,80,1354,7194,3425,349,3115,34.1,30.1,38.8,19.1,14.9,24.2,19.1,12.9,26.5,11.3,18.7,2.5,16.4,23.5,8,84.52
Rhode Island,Bristol County,60.5,57.4,64,77.1,73.9,80.3,4.2,3.5,4.9,4.3,3.3,5.3,76.4,78.1,85.9,77.9,85.2,3.8,6.7,134826,103661,49542,40054,60730,50672,96.9,92.5,1.2,0.1,2.4,0,0.8,3.1,3.3,19273,1315,484,79,384,4144,808,165,1318,50.5,48.9,52.1,18,15.5,20.6,18.6,14.4,22.9,6.3,11.4,1,6.7,9.8,3.4,65.14
Rhode Island,Kent County,63.9,59.3,68.9,79.8,76,83.7,4.4,3.8,5,4,3.7,4.4,79,84.9,80.5,75.8,88.1,4.8,7.7,108850,87069,51789,45194,59651,169345,96.2,89,2,0.3,3,0,1.8,3.8,5.8,71737,4725,1347,417,2043,11132,2961,559,4180,43.3,36.8,50.2,16.1,14.2,18.1,22.1,16.4,28.3,8.1,15.3,0.4,10.4,17.2,3,64.37
Rhode Island,Newport County,58.4,55.8,61,73.6,72.5,74.6,6.1,6.7,5.6,6.3,6.8,5.8,79.9,85.3,82,70.6,88.5,4.6,8.3,132051,98574,47200,38310,59554,85525,95.4,87.6,4.3,0.5,1.4,0,1.6,4.6,6,35329,2235,708,19,1127,4546,1557,164,2380,46.7,42.7,51,18,18,18,21.1,15.3,27.2,7.9,14.7,0.6,6.4,9.2,3.3,69.83
Rhode Island,Providence County,60.9,57.9,64,74.1,72.5,75.8,6.6,6.2,6.9,6,5.6,6.4,76.8,77.5,82.1,73.9,81.1,9.6,13.6,91116,71719,42469,37395,47797,656672,91.5,68.4,9.2,0.4,4.2,0.1,9.2,8.5,24,249592,17641,6191,845,14109,36781,9656,2214,30311,37.7,34,41.6,19.3,16.3,22.3,21.7,15.8,27.8,7.1,13.6,0.3,14.2,20.2,8,61.97
Rhode Island,Washington County,59.8,56.7,63.1,76,73.6,78.5,6,5.2,6.7,5.7,4.7,6.7,77.6,74.6,85.7,67.1,85.4,4.3,8,123914,100281,45390,35651,59513,129735,96.7,91.8,1.1,0.7,2,0,1,3.3,3.5,50838,2954,1382,94,1125,8072,1540,160,3833,45.8,42.1,49.6,17,15.1,18.9,21.7,15.5,28.2,8,15.3,0.3,7.6,12,2.9,65.51
South Carolina,Abbeville County,50.2,46.7,54.1,68.6,63.2,74.5,4.1,6.7,1.5,4.3,7,1.7,67.9,66.3,76.8,71.7,76.2,12.9,17.2,64213,49824,34604,31122,39384,24374,97.5,69.7,26.9,0.2,0.3,0,0.6,2.5,1.7,9423,369,347,72,397,1275,547,55,1052,31.2,24,38.9,16.5,14.5,18.7,18.3,11,26,12.1,22.3,1.4,21.9,28.2,15.1,125.1
South Carolina,Aiken County,54.2,50.7,58,70.1,67,73.4,6.7,5.2,8,6.5,5.1,7.8,70.8,68.2,78.6,66.4,81,9.6,13.3,78025,62753,37541,31561,47219,168045,95.1,68.4,24.8,0.1,1,0,0.8,4.9,6,66980,3868,2585,38,3448,8829,4167,436,7201,36.6,31.5,41.9,17.9,16.5,19.4,19.8,11,28.9,10,19.2,0.5,15.7,21.9,9.3,155.2
South Carolina,Allendale County,37.2,44.5,30.9,47.2,57.7,38.3,16.4,14.8,18.2,13.6,15.1,11.5,68,51.1,97.2,83.7,43.3,19.3,27.4,51736,34662,28074,29438,23302,8304,99,22.9,73.2,0.2,0.8,0.1,1.8,1,3.6,3072,47,105,0,182,204,36,24,804,25.4,21,28.9,26.6,24.1,28.7,17.4,4.4,27.9,10.1,17.7,3.9,20.6,32.7,10.7,121.83
South Carolina,Anderson County,56.8,51.3,62.8,72.1,66.5,78.1,5.4,5.5,5.2,5,5,5.1,69.9,74,77.6,59.4,82.7,10.2,14,75742,61908,36660,29373,46473,202223,96.4,78.4,15.4,0.3,1,0,1.2,3.6,4,78836,4458,3237,141,4462,12691,5527,749,7822,35.6,30.4,41.4,16,12.5,20.1,18.9,12.9,25.6,9.2,16.4,1.1,20.3,27.9,11.8,155.2
South Carolina,Bamberg County,44.3,44.3,44.4,59.9,58,62.3,9.3,9.5,9.1,9.2,10.2,8,64.5,98.4,85.5,88.9,68.9,12.7,18.5,60643,48405,29988,31782,27083,13525,98.9,37.2,60.2,0.2,0.3,0,1,1.1,2.3,4562,358,56,0,269,576,173,37,857,23.4,16.6,30,14.8,16.2,13.4,21.8,6.3,36.7,12.7,19.2,6.5,27.2,41.7,13.4,121.83
South Carolina,Barnwell County,50.5,45.5,56,66,59.7,72.7,7.9,5.2,10.2,8,5.7,9.9,63.3,51.2,81.2,54.8,80.7,21.4,30,59053,41678,33543,27977,44341,20801,99.3,51.4,46.6,0.1,0.1,0,1.1,0.7,2.7,8253,133,298,0,951,606,510,68,1821,24.4,15.5,34.3,23.9,23.2,24.6,19.8,12,28.4,9.8,17.7,1.1,22.1,31.5,11.6,126.77
South Carolina,Beaufort County,49.5,45.7,53.5,68.2,65.4,71.2,3.9,4,3.8,3.5,3,3.9,68.7,66.2,74.9,62.4,83,8,10.1,94529,80877,37971,33592,42632,186007,95.3,72,16.9,0.2,1.2,0.1,4.9,4.7,11.2,73337,3862,2585,230,3076,9083,4078,663,6380,38.6,33.8,43.8,20.7,19.2,22.3,21.4,15.4,28,9.4,16.7,1.3,10,14.9,4.5,155.2
South Carolina,Berkeley County,59.4,55.8,63,71.8,67.3,76.4,4.2,4.5,3.9,3.8,4.3,3.5,71.1,70.4,76.5,70.3,85.5,8.5,11.4,87693,77157,42546,34129,50286,224806,94.6,65.1,23.5,0.4,2.3,0.1,3.2,5.4,7.1,84085,6343,4269,124,4904,14175,6737,614,10098,35.8,31.8,40.2,16.5,13.3,20,22.2,13.8,31.5,11.7,21.3,1,13.8,19.8,7.3,155.2
South Carolina,Calhoun County,55,56.1,53.8,72.1,74.6,69.5,4.8,2.7,6.9,4.9,2.8,7.1,76.7,65.1,81.9,80.5,74.9,16.3,20.1,79279,57215,33120,28655,42692,14198,97.9,56.1,39.7,0.2,0.1,0.7,1,2.1,4,5789,257,129,0,216,664,269,0,689,35.4,26,43.9,17.9,13.6,21.8,19.5,16.2,22.5,9.3,19.4,0.1,18,24.8,11.7,125.1
South Carolina,Charleston County,62.4,58.5,66.6,76.7,73.7,79.9,3.8,3.9,3.7,3.3,3.3,3.3,76.8,75,79.4,73.3,84.6,7.7,12.5,101261,77180,46276,39701,53333,404946,96.8,67.4,25.4,0.2,1.7,0.1,2,3.2,5.3,167853,12655,5694,329,5800,21581,7014,1137,15241,46.4,42.1,50.9,16.6,15.1,18.1,19.6,14.3,25.2,8.2,15.2,0.8,9.2,13.3,4.9,157.1
South Carolina,Cherokee County,53.1,47.9,58.6,66.3,60.8,72,7,6.8,7.2,5.9,6.2,5.6,64.9,55.6,77.5,57.8,76.6,12.7,18,63242,45050,32941,27466,38570,56204,96,73.5,19.8,0.1,0.2,0,2.4,4,4.7,21081,1036,766,68,1677,2919,1769,105,2365,26.4,22.2,31.1,18.6,16.2,21.4,18.6,10.6,27.6,10.1,17.7,1.5,26.4,33.3,18.5,121.83
South Carolina,Chester County,51.2,50.4,52.1,65.7,66,65.4,5.9,5.3,6.6,5.7,4.6,6.9,69.2,86.2,77.9,81.7,71.2,15.8,18.2,59487,50621,34625,28807,40698,32273,97.9,59.7,37,0.4,0.5,0,0.3,2.1,2.2,12672,1056,138,0,812,1257,388,142,1922,21.6,15.4,27.5,19.6,17.4,21.8,21,10.5,31,10.4,19.9,1.3,27.4,36.7,18.4,125.1
South Carolina,Chesterfield County,51.8,45.7,58.2,66.3,60,72.9,8.2,10.4,6.4,8.1,10.5,5.8,67.1,78.4,85.3,67,77.5,17.7,20.8,59156,49100,33683,27988,40571,43655,95.6,62.6,31.2,0.2,0.5,0,1.1,4.4,4.6,17186,765,454,45,1251,2261,649,121,2698,23,18.2,28.8,17.7,10.3,26.6,16,8.1,25.5,13.6,23.7,1.4,29.8,39.7,17.8,125.1
South Carolina,Clarendon County,43.3,44.1,42.5,57.8,59.5,56.1,10.8,9.5,12.1,11.4,9.7,13.2,65.9,74.1,73.9,84.6,65.2,14.2,19.9,66030,49641,29994,25701,35897,31613,97.8,48.9,46.4,0.1,0.8,0,1.6,2.2,3.3,11585,444,90,65,804,1052,430,138,1555,26.9,20.7,32.6,19,16.1,21.8,22.7,10.6,34,12.6,23.7,2.2,18.8,28.9,9.4,125.1
South Carolina,Colleton County,51.2,46.9,55.9,67.2,62.9,71.7,6.3,8.8,3.9,5.5,7.5,3.6,68.2,53.2,80.4,76.5,75,14,18.3,54011,45147,29267,27319,31884,38520,96.9,56.7,35.9,0.9,0.5,0,2.9,3.1,3.6,15059,383,473,29,764,1408,750,194,1879,26.6,17.8,36.4,18.3,14.1,22.9,20.2,11.9,29.4,16.7,30,1.9,18.2,26.1,9.4,125.1
South Carolina,Darlington County,50,47,53.3,64.4,61.2,68,6.3,5.3,7.2,5.5,4.9,6,64.4,90.3,72,51.1,72.3,17,20.3,59524,44367,32491,25414,41131,63433,98,55.7,41.4,0.2,0.3,0,0.3,2,2.3,25239,1179,502,182,1913,2275,2186,163,3540,32.8,28.2,37.4,16.6,10.6,22.5,21.7,14,29.2,7.5,13.8,1.3,21.5,33.4,9.6,120.16
South Carolina,Dillon County,51.8,50.6,53.1,63.6,62.7,64.6,6.5,6.2,6.8,6.9,6.5,7.3,67.1,57.1,87,76.3,69.9,25,31.2,53454,43360,30857,27760,34600,28527,97.8,46.4,47.4,2.4,0.1,0,1.6,2.2,2.9,10313,396,318,14,1017,1553,267,61,2208,22.1,14,29.5,17.1,12.7,21.2,23.2,13.1,32.3,10.8,21.5,1.2,26.8,38.7,15.9,120.16
South Carolina,Dorchester County,60,55.8,64.5,72.2,68.3,76.3,5.5,5.9,5,5.1,5.5,4.7,72.8,73,78.4,64.2,82,8.3,12,94217,74170,42742,34163,50943,160180,95.4,65.4,24.8,0.3,2,0.6,2.3,4.6,5.9,58282,4124,2141,80,3207,12160,4332,526,8160,38.9,34.5,43.5,15.1,12.8,17.6,21.8,13.3,31,9.5,17.5,0.8,14.7,21.8,7,155.2
South Carolina,Edgefield County,48.1,48.3,47.9,60.6,63.9,58.1,6.8,5.7,7.6,6.9,5.1,8.4,67.7,53.1,76.5,73.7,63.5,12.1,16.4,77146,60149,34814,33125,38105,25938,95.9,60,34.2,0.3,0.2,0.1,1.2,4.1,6.3,9102,285,99,31,570,1320,306,45,1257,28.3,20.6,37.4,16.4,16.5,16.2,21.5,10.1,34.9,13.1,24.1,0.1,20.8,28.7,11.5,125.1
South Carolina,Fairfield County,51.5,51.5,51.5,66.4,65,67.9,6,5.6,6.4,4.9,5.2,4.7,69.1,84.2,72.7,81.3,71.2,14.2,17.8,62659,45513,34644,27065,47020,21186,97.2,39.3,57.3,0.4,0.2,0,0,2.8,2.4,8758,180,196,0,509,689,163,18,1465,29.3,21.4,36.4,18.7,21.6,16,22.6,9.5,34.2,9.3,18.8,0.9,20.1,28.7,12.5,125.1
South Carolina,Florence County,55.3,52.7,58.5,70.6,68.5,73,4.6,4.9,4.3,4.2,4.4,4,71.8,74.9,80,80,77,12.8,17.6,72788,56573,36244,30985,45411,137276,97.7,51.6,43,0.2,1.4,0,1.4,2.3,2.9,51791,2889,1291,166,4156,8667,2688,254,7307,34.9,27.4,42,17.3,13.8,20.5,23.2,17.2,29,9,17.2,1.2,15.6,24.4,7.3,155.2
South Carolina,Georgetown County,48.9,45.8,52.3,65.9,62.8,69.4,6.8,8.9,4.7,7.1,8.9,5.3,69,70.1,80.7,65.2,73.4,12,16.5,73407,60734,30468,24451,38722,62992,98.6,65.2,30.6,0.1,0.6,0,2.1,1.4,3.2,25690,736,278,2,1729,2656,789,344,2749,31.8,28.9,34.7,25,21.1,29,20.3,11.8,28.8,8.7,17.2,0.1,14.2,20.9,7.4,153.53
South Carolina,Greenville County,62.6,57,68.5,76.4,70.7,82.4,3.9,4.1,3.7,3.6,4,3.3,73.7,72.5,78.1,65.6,85.5,8,11.2,89727,71409,40586,33235,48599,519178,94.7,70.7,17.2,0.4,2.5,0.2,3.6,5.3,9.7,205490,14604,9816,681,8778,34863,16296,1610,17739,41.1,38.5,43.9,14.9,12.1,18,22.1,15.9,28.9,7.5,13.3,1.1,14.4,20.2,8,157.1
South Carolina,Greenwood County,53.7,48.9,59.2,69,63.8,74.8,5.7,6.8,4.7,4.9,5.8,4.1,67.7,76.2,72.4,79.9,78.2,12.3,17.1,67272,48519,34561,29500,38356,69338,96.4,62.7,32,0.1,0.8,0,0.7,3.6,6.4,27403,1225,716,177,2023,3101,1769,234,3879,31.8,25.7,38.2,16.5,13.1,20,18,10.8,25.5,9.9,19.2,0.2,23.8,31.1,16.1,153.53
South Carolina,Hampton County,46.3,44.9,47.6,58.4,61.6,55.5,10.8,10.3,11.2,10.7,9,12.4,68,60,84.8,58.5,63.6,16,20.5,52405,41745,29207,27218,33181,19227,98.6,41.2,52.8,0,0.7,0,3.9,1.4,4.3,6793,368,290,5,526,807,452,9,1016,26.9,18.2,36.5,21,18.1,24.2,17.6,9.4,26.6,14,26.4,0.5,20.4,27.9,12.3,125.1
South Carolina,Horry County,51.2,48,54.7,69,65.1,73.3,6.1,6,6.3,5.8,5.4,6.2,68.8,75.6,79,65.4,78.2,9.3,13.8,71384,59610,31853,28271,35284,344865,96.2,80,12.7,0.4,1.3,0,1.8,3.8,6.2,134609,5371,3492,280,6047,13557,6942,1200,14863,30.8,26.5,35.3,23.8,22.4,25.3,25.2,17.4,33.4,10.6,19.4,1.3,9.6,14.3,4.6,155.2
South Carolina,Jasper County,51.4,49.5,53.4,66.3,64.2,68.5,7.5,5.9,9,6.9,5.4,8.3,67.8,63.1,84.4,50.3,75.1,11.1,18.5,62537,52114,33542,28389,36795,28363,94.3,49.4,39,0.3,0.6,0,5.1,5.7,13.8,11084,353,185,0,670,926,270,204,1733,21.6,17.4,26.2,21.1,21.1,21,30.8,16.4,46.3,15.4,29.3,0.3,11.1,15.8,6.1,120.16
South Carolina,Kershaw County,53.9,49.9,58.3,68.7,65.3,72.3,5.6,6.3,5,5.3,6.2,4.4,70,70.9,80.9,79,77.9,12.2,14.7,73655,61529,39419,33797,45793,64989,96.9,69.5,23.4,0,0.5,0.2,3.3,3.1,4.9,24901,1547,773,126,1329,4405,1876,344,2956,35,26.9,43.9,17.6,18.7,16.4,19.9,11.2,29.4,11,19.6,1.5,16.5,23.6,8.7,120.16
South Carolina,Lancaster County,54.1,49.7,58.9,71.3,67.4,75.4,4.9,5.4,4.4,4.9,5.1,4.7,71.5,75.9,74.1,66.6,79.6,9,12.1,86433,73474,42659,35835,49497,94653,96.3,73,20.1,0.1,1.6,0.1,1.3,3.7,5.9,36597,2671,1375,106,1396,5895,2687,108,3586,38.2,32.5,44.5,12.9,11,14.9,22.3,14.6,30.7,8.9,16.5,0.5,17.8,25.3,9.4,153.53
South Carolina,Laurens County,52.9,49.7,56.3,66.3,62.5,70.2,6.4,6.1,6.7,6.7,6.7,6.6,67,71.6,79.4,63.5,75.4,16,20.8,62501,50962,31001,28049,34866,67148,95.5,69.3,22.9,0.1,0.5,0.1,2.6,4.5,5.4,25282,1627,707,86,1513,2864,1382,314,3672,26.9,22.6,31.4,20.5,17.1,24,18.9,10.8,27.3,10.5,20.1,0.5,23.3,29.4,16.9,120.16
South Carolina,Lee County,43.9,44.3,43.5,56.1,61,52,7.8,10.5,4.9,7.8,11,4.4,68.5,56.9,90.4,79.9,54.5,16.1,22.8,54950,39453,29200,24085,36039,16730,97.5,33.7,63,0,0.1,0,0.7,2.5,2.6,6322,135,72,0,425,667,82,19,910,22.7,17.8,27.6,17.5,13.1,22.1,22.3,12.3,32.6,11.5,22.4,0.3,26,34.4,17.4,125.1
South Carolina,Lexington County,61.4,56.5,66.6,75.4,70.8,80.2,4.7,5.2,4.3,4.5,4.8,4.3,74.4,73.1,79.2,65.5,84.5,9.1,11.9,85562,71529,41875,35425,49357,291723,95.4,76.1,14.9,0.3,2,0.1,2,4.6,6.3,115880,7418,4271,510,5536,20428,8019,1205,11164,39.1,33.7,45.1,14.2,11.6,17.1,23,15.6,31.1,10.5,19.2,0.8,13.3,19.9,5.9,155.2
South Carolina,McCormick County,36.4,37.4,35.6,53.5,57.3,50.8,6.6,6.1,7,7,6.6,7.3,61.3,79.1,71.9,58.5,54.8,9.7,15.4,74353,57980,36026,31378,37834,9584,97.5,52.2,44.4,0,0.1,0,0.7,2.5,0.8,3768,63,18,0,166,89,81,5,300,34.3,27.4,42.2,20.4,22.4,18.2,17.7,10.8,25.7,9.1,14.9,2.3,18.5,24.5,11.6,125.1
South Carolina,Marion County,44.6,40.3,50,60.1,56.6,64.1,7.2,7.2,7.1,7.2,6.6,7.8,60.5,94.6,76.9,51.7,69.5,19.3,25.6,48779,37567,29943,27456,34040,29585,98.7,38.7,56.9,0.7,0.3,0,2.2,1.3,3,10844,243,212,0,635,1236,513,88,2275,27,21,33.1,16.5,12.7,20.3,17.2,7.6,26.8,11.3,21.3,1.3,28,37.5,18.5,121.83
South Carolina,Marlboro County,39.3,44,35.1,50.6,61.2,42.1,9,7.2,10.9,7.6,6.5,8.9,65.5,73.1,69.9,73.6,46.5,22.2,28,50152,35028,30681,27070,33231,26912,95.1,40,50.1,3,0.3,0,1.7,4.9,3.3,9331,250,153,0,933,705,242,48,1710,23,16.5,28.8,17.7,12.6,22.3,17,6.4,26.5,9.6,20.3,0.1,32.7,44.3,22.4,121.83
South Carolina,Newberry County,56.4,51.5,61.6,73.4,68.2,78.6,4.6,5.3,3.9,3.4,3.8,3.1,70.9,86.5,79.3,61.8,81.7,11.3,15.7,69494,55536,34628,31654,37282,37842,97,61.9,30.7,0.2,0.2,0,4,3,8,15137,834,424,20,835,1897,762,114,2486,29.5,21.7,38.5,19.8,20.1,19.4,16.6,8,26.4,10.7,19.7,0.5,23.3,30.5,15.2,120.16
South Carolina,Oconee County,50.4,45.2,55.7,67.1,60.9,73.3,6.1,6.3,5.9,6,6,6,64.8,68.4,79.5,76.2,78,10.2,15.4,74558,57598,34332,28030,40119,77932,96.2,85.8,7.1,0.7,0.9,0,1.7,3.8,5.7,32413,1542,921,37,1098,4927,1326,249,2484,34.5,30.3,39.5,17.5,14.9,20.5,19.3,11.5,28.6,10.4,18.1,1.2,18.4,25.2,10.3,120.16
South Carolina,Orangeburg County,48.6,46.6,50.9,62.9,61.6,64.3,9.5,6.9,12.1,10,7.2,12.8,66.4,68.3,83.4,61.4,73.8,18.8,24.8,53928,41477,31333,27744,34905,84909,98.5,35,61.8,0.4,0.8,0.1,0.3,1.5,2.4,32164,1131,692,98,2777,2812,1563,468,6911,27.3,19.9,34.1,18.7,15.2,21.9,21.5,10,32.1,8.7,18,0.1,23.9,36.9,11.8,120.16
South Carolina,Pickens County,55.5,51.3,59.7,70.7,66.8,74.6,4.4,4.2,4.6,3.9,3.6,4.1,69.3,63.9,79.8,68.9,77.9,8.8,17.2,77604,57975,29653,24001,35432,129617,96.6,87,6.4,0.1,1.8,0,1.3,3.4,4,49438,3158,1949,34,1169,7240,2896,723,3697,38.5,33.9,43.9,18.3,14.4,22.7,17.9,12.3,24.5,10.1,17.9,1.1,15.1,21.4,7.8,155.2
South Carolina,Richland County,59,58.3,59.8,71.3,71.1,71.5,6.3,6.2,6.4,6,6,5.8,77,74.9,83.4,76.2,80.2,11.8,16.8,84355,61189,35208,32642,38803,414719,96,43.1,47.3,0.2,2.9,0.1,2.4,4,5.4,160231,9161,4674,469,10308,23111,5987,1557,23890,42.3,37.9,46.5,17.7,16.8,18.5,22.5,16.8,27.9,5.7,11,0.8,11.8,17.6,6.3,157.1
South Carolina,Saluda County,52.9,48.1,57.8,69.4,64.6,74.1,4.1,4.1,4.1,3.8,3.3,4.2,66.8,69.8,78.4,52.7,77.5,16.2,17.5,60245,50632,32189,27854,35021,19008,93.9,62.2,24.5,0.1,0,0,7.1,6.1,15.6,7227,420,317,20,312,1237,693,88,498,24.8,16,35.3,21,22.1,19.7,16.8,6.5,29.1,12.7,21.2,2.5,24.7,34.2,13.3,125.1
South Carolina,Spartanburg County,58.9,53.8,64.3,72.9,67.9,78.2,5,5.9,4.3,4.6,5.4,3.9,71.9,73.3,78.1,71.6,81.5,10.4,13.9,76591,62813,37687,31341,44050,322864,95.5,70.5,20.3,0.2,2.2,0,2.2,4.5,7.3,122044,8030,5514,435,6131,20589,9456,1326,13911,32,26.7,37.9,15.9,13.8,18.2,21.1,13.5,29.6,9.2,16.2,1.3,21.9,29.8,13,155.2
South Carolina,Sumter County,51.2,49.7,52.9,64,63.9,64.2,8.3,6.4,10.1,7.7,6,9.3,70,76.8,73.6,69,80.6,13.8,18.1,68289,53454,35280,29686,41828,105537,95.4,45.8,46.1,0.2,1.3,0.1,2,4.6,4.2,40789,2110,1669,221,3111,5570,2080,788,5747,30.7,24.4,36.9,18,16.5,19.4,23.1,14.1,31.8,9.8,18.1,1.8,18.4,27,10.1,155.2
South Carolina,Union County,50.2,48.2,52.4,63.9,63.5,64.3,8.9,8,9.8,8.7,7.4,10.1,68.6,65.7,88,81.7,72.2,16.2,20.9,58540,43652,31057,24396,40152,27306,95.5,64.9,30,0.1,0.1,0,0.4,4.5,1.8,11150,441,265,9,799,1243,357,110,1427,23.5,16.1,30.6,17.4,17.1,17.7,20.4,10.2,30,9.2,18.7,0.3,29.5,37.9,21.5,120.16
South Carolina,Williamsburg County,45.5,46.3,44.5,60.2,63.4,56.9,4.6,6.2,2.6,4.7,6.3,2.8,67.7,82.5,77.6,88.3,58.9,15,22.4,57949,43735,32546,29203,36188,31279,99.3,32.1,64.4,0.4,0.6,0,1.8,0.7,2.3,12032,695,57,2,735,1508,325,174,1581,26.3,17.4,34.1,18.8,12.5,24.3,21.8,11.9,30.4,12.3,24.7,1.5,20.8,33.6,9.7,125.1
South Carolina,York County,62.8,57.6,68.4,76.6,71.3,82.2,4.9,5.1,4.8,4.2,4.6,3.9,74.8,68.2,80.4,66.4,86.3,6.4,9.2,100219,78735,44714,36816,54843,276569,95.8,72.3,18.9,0.6,2.6,0,1.4,4.2,6,106570,7772,4337,432,5226,19537,9037,1320,11428,40.7,38.2,43.5,14.2,12.1,16.4,22.1,14.8,30,8.2,14.6,1.2,14.8,20.3,8.9,155.2
South Dakota,Aurora County,72.7,67.3,77.3,88.5,88.3,88.7,0.3,0.2,0.5,0.2,0,0.4,88.3,84.2,96.3,94.9,89.1,4.3,7.2,87200,70806,41230,32155,46444,2649,98.9,94.3,1.1,2.5,0.1,0,0.9,1.1,6,1047,141,25,6,34,314,22,0,56,37,34.1,40.8,13.3,4.2,25.4,17.9,12.7,24.7,15.6,26.8,0.8,16.2,22.1,8.3,112.84
South Dakota,Beadle County,64.9,57.3,72,81.5,75.2,87.1,2.3,2.5,2.2,2.2,2.7,1.9,77.5,67,92,57.1,89.8,7.2,12.2,78043,61794,37782,30831,45609,18959,94.8,76.5,0.9,1.2,7.7,1.4,7.1,5.2,11.4,7617,889,550,0,247,1812,432,102,396,31.3,25,39.6,12.8,10,16.5,17,10.4,25.9,11.1,18.3,1.3,27.9,36.3,16.6,112.18
South Dakota,Bennett County,49.6,45.7,53.7,60.3,57.9,62.4,10.6,12.5,8.9,12,14.3,9.8,67.6,27.3,71.1,76.1,69.2,31.4,34.9,48008,44324,32651,32445,32765,3411,95.3,34.9,0.1,57,1,0,2.2,4.7,8.8,991,47,14,19,139,120,9,8,390,34.1,30.1,38.5,17.9,20.4,15,18.7,9.1,29.6,15.5,24.4,5.3,13.9,16,11.5,112.84
South Dakota,Bon Homme County,48,54.9,43.8,56.8,76.5,47.3,3,5.1,1.2,3.1,5.9,0.8,81.3,86.6,94.9,79,48,6.3,11.5,80851,58397,33658,33351,33996,7020,96.6,86.8,1.6,6.7,0.2,0,1.3,3.4,2.9,2445,237,73,11,48,444,176,27,114,37.6,35.2,40.7,17.1,10.9,25.2,15.5,8.5,24.7,11.5,18.8,1.8,18.4,26.5,7.6,112.84
South Dakota,Brookings County,67.9,65.2,70.5,82.2,80.6,83.7,4.1,3.6,4.5,3,1.9,3.8,82.2,75.9,95.2,68.4,87.7,4.7,12.1,100190,64504,34067,29281,38339,34315,96.7,90.6,1.3,1.1,3.1,0,0.6,3.3,3.7,13233,1264,688,55,320,2754,531,99,591,41.4,39.4,43.8,15.7,12.2,19.8,18,10.5,26.6,8.4,14.2,1.8,16.4,23.8,8,113.02
South Dakota,Brown County,68.8,64.7,72.9,82.9,80.4,85.2,3,2.9,3.1,3,2.4,3.6,82.4,91.5,82.2,84.8,88.6,6.2,10.4,96427,69547,40283,34223,46756,38471,97,86.6,2.5,3.5,3.5,0.2,0.8,3,3.6,16200,1657,202,20,553,3604,579,9,1284,36,30.8,41.9,17,14,20.4,19.9,14.1,26.5,11.9,21.2,1.3,15.2,19.8,9.9,113.02
South Dakota,Brule County,65.6,60.6,71,80,76.6,83.2,3.4,4.8,2.2,2.2,3.1,1.4,79.1,47.9,85.6,85.9,85.1,9,14.9,84216,66334,33819,29079,38371,5247,98.5,83.7,1.2,13.2,0.4,0,0,1.5,1.3,1990,140,46,0,50,537,102,28,184,34.9,40.5,28.6,22.6,13.9,32.3,19.8,10.9,29.6,11,19.5,1.4,11.8,15.2,8,112.84
South Dakota,Buffalo County,45.6,45.5,45.7,48,48.4,47.7,18.9,18.5,19.3,22.1,21,23.3,61.3,75.8,76,66.7,62.1,34.7,37.5,44767,41990,21310,22098,20438,1974,99.1,14.4,0,83.8,0,0,0.8,0.9,7.8,517,57,26,0,99,152,7,0,189,30,35,24.5,32,22.9,42,17.8,6.4,30.4,12.3,20.7,3.1,7.8,15,0,112.84
South Dakota,Butte County,60.2,60.8,59.5,75.8,75.9,75.7,9.3,2,15.9,8.6,2.4,14.2,77.8,79.3,79.1,91.1,88.2,7.1,9.3,70033,53346,29589,23730,48029,10167,94.7,91,0.4,1.7,0.2,0.2,1.1,5.3,4.2,3993,422,225,0,116,1082,179,113,199,30.1,30.7,29.6,21.7,11.1,31.8,20,11.2,28.4,14.7,27.8,2.2,13.4,19.1,8,112.18
South Dakota,Campbell County,62.9,56.2,69.8,85.7,81.7,89.7,3.7,7,0.7,3.2,5.6,0.9,86.5,100,68.1,100,90.5,3.3,5.3,89420,63248,40246,27802,50186,1548,98.8,97.7,0,0.1,0.1,0,0.9,1.2,4.3,654,117,0,0,0,200,34,0,13,42,39.8,44.6,13.1,2.9,25.2,18.7,13.9,24.3,12.2,22.4,0,14,21,5.8,112.84
South Dakota,Charles Mix County,55.9,53,58.7,69.9,69,70.9,8.4,8.6,8.3,8.6,8.1,9.1,75.1,79.8,92.6,80.1,78.2,15.6,23.6,70066,57749,33096,27404,36840,9346,93.6,61,0.1,31.7,0.5,0,0.3,6.4,4,2959,313,33,6,337,836,39,88,445,36.8,36.4,37.2,22,16.1,28.6,19.8,10.8,29.6,13,24.1,0.8,8.4,12.6,3.8,112.84
South Dakota,Clark County,59.7,53.5,66,77.1,72.9,80.9,5.5,1.9,8.3,6.4,2.2,9.5,74.6,81,83.9,44.7,89.5,4.2,5.4,69578,59376,29682,23968,40320,3791,97.6,94.4,0.6,0.1,0.4,0,2.2,2.4,3.7,1383,178,210,2,37,322,219,1,58,44.3,48.8,38.6,15.3,6.8,25.9,19.3,10,30.8,10.7,18.3,1.4,10.4,16,3.4,112.84
South Dakota,Clay County,65.1,64.7,65.5,76.4,73,80,6.5,4,8.9,1.9,2.5,1.3,74.9,83.2,87.8,84.7,81.6,5.8,20.1,98805,61124,22189,18242,23806,14816,96,86.5,1.8,3.2,2.9,0.1,1.4,4,3.2,5322,482,68,33,203,856,178,55,295,39.4,38.2,40.6,23.1,18.7,27.4,19.6,11,28,7.2,14.2,0.3,10.7,17.9,3.7,113.02
South Dakota,Codington County,68.7,64.2,73.1,84.4,81.3,87.3,1.5,1.7,1.3,1.1,1.4,0.8,82.4,92.6,87.1,82.5,88.4,6.5,11.8,84393,67031,37740,28847,48074,28289,97,92.9,0.9,2.1,0.6,0,0.5,3,3.2,11963,1237,247,0,458,2965,537,17,622,32.9,30.4,35.8,15,10.6,20.1,22.8,15.4,31.6,8.7,15.9,0.2,20.6,27.8,12.3,113.02
South Dakota,Corson County,43.9,39.8,48.1,50.7,46.9,54.5,25.2,25.4,25,27.1,26.8,27.3,64.1,54.4,77.9,51.3,74.9,32.9,43.5,52153,41726,32418,31662,33021,3965,98.3,27.1,0.1,71,0,0,0.1,1.7,0.5,1070,90,35,0,257,196,49,0,346,52.7,54.1,50.9,13,10.5,16.2,14,4.1,25.9,11.3,19,2.1,9,12.3,4.9,112.84
South Dakota,Custer County,50.7,48.4,53.1,70,68.4,71.6,4.3,1.2,7,4,1.3,6.6,69.4,73.5,94.1,78,76.7,9.7,11.4,85007,74922,39043,29151,47877,8360,95.7,91.4,0.8,2.9,0.3,0,0.3,4.3,4.1,3626,128,57,64,40,330,56,91,296,32.5,21.8,44.1,16.3,16.1,16.5,24.5,16.9,32.9,14.7,25.7,2.7,12,19.5,3.8,112.84
South Dakota,Davison County,66.2,62.4,70,81.8,77.8,85.6,1.7,0.5,2.7,1.5,0.6,2.2,78.2,89.4,84.7,77.8,87.9,8.6,14.3,87452,55481,37783,31541,43164,19944,97.1,92.1,0.8,1.9,0.9,0,1.5,2.9,3.6,8485,543,217,223,282,1692,256,0,572,28,27.7,28.3,19.9,10.5,30.1,21.2,12.2,31.1,13.9,24.1,2.8,17,25.5,7.6,113.02
South Dakota,Day County,54,48.6,59.2,73.8,68.9,78,2.2,1.3,2.8,1.9,1,2.6,69.6,72.3,83.4,51.2,80.1,11.3,15.2,76043,57525,34699,27003,44527,5487,97.9,86.1,0.1,10.8,0.1,0,0.8,2.1,2.5,2303,110,86,13,29,423,113,36,160,38,38.1,37.9,14.8,7,24.8,19.7,12.1,29.6,14.6,23.8,2.8,12.8,19,4.9,112.84
South Dakota,Deuel County,65.3,61.9,68.5,84.7,81.8,87.2,1.8,0.5,2.9,2,0.6,3.3,82.3,91.5,91.2,73.3,90.2,2.4,5.5,85106,77181,40875,32372,45721,4283,98.6,97.8,0,0.3,0,0,0.4,1.4,3.6,1794,197,40,0,50,492,60,0,48,35.2,34.5,35.9,11.9,7.8,16.7,18.8,11.7,27.2,13.1,20.1,4.8,21.1,25.9,15.5,112.84
South Dakota,Dewey County,55.1,55,55.2,64.5,64.4,64.5,18.8,14.9,22.5,18.9,15.2,22.3,76.5,78.1,87.2,77.7,83,28.7,35.1,56680,50235,35251,31610,36606,5343,96.8,18.7,0.2,77.1,0.1,0.3,0.4,3.2,4.2,1650,174,122,13,290,279,63,64,334,42.2,33.1,51.1,16.7,14.1,19.2,17.9,8.5,27.1,15,28.9,1.4,8.2,15.4,1.2,112.18
South Dakota,Douglas County,64.9,62.3,67.6,87.6,87.2,88.1,0.8,1.3,0.3,0.7,1,0.3,88,96.8,96.7,96.3,88.4,6.3,8.9,93828,72758,41340,30099,55843,2838,97,94.2,1.5,1.1,0,0,0.2,3,1.4,1089,183,10,28,7,373,26,13,34,42.5,42.7,42.3,15.4,4.8,26.2,18.5,12.8,24.3,13.2,22,4.2,10.5,17.7,3,112.84
South Dakota,Edmunds County,60.2,53.7,66.3,77.4,69,86,2.2,0,3.8,2.3,0,4,69,74.2,96,78.4,89.6,3.9,6.9,89997,76008,39419,29809,48962,4005,98.5,96.3,0.3,1.4,0.1,0,0.4,1.5,2.1,1489,190,57,19,2,520,45,0,51,41.1,40,42.4,17.3,8.5,28.8,13.8,8.3,21.1,15,22.2,5.5,12.9,20.9,2.2,112.84
South Dakota,Fall River County,51.1,52.2,50,74.5,79,70.1,3.1,3.8,2.4,1.7,0.7,2.9,79.6,35.1,98.4,75.9,72.4,15.3,17.7,70455,55598,29783,27342,37345,6979,94.6,84.7,0,8.6,1,0,0.3,5.4,1.6,3149,97,57,0,175,266,52,0,262,38.2,20.8,55.2,22.5,23.4,21.6,12.4,5.8,18.9,15.7,31.6,0.1,11.2,18.5,4.1,112.18
South Dakota,Faulk County,59.1,48.9,69.4,78.6,72.1,84,3.1,0.5,4.9,3.7,0.6,5.9,72.5,89.5,59,69.8,89.2,10.4,20.8,86616,57831,36788,33192,42692,2157,97.8,97.2,0,0.6,0,0,0,2.2,0.9,764,153,44,0,0,150,153,0,19,46.7,55.6,34.3,14.8,3,31.1,14.4,3,30.1,15.4,24.7,2.5,8.8,13.7,2,112.84
South Dakota,Grant County,64.6,59.4,69.3,82.3,76,87.6,2.5,1.5,3.2,2.1,0.9,2.9,76.7,36.3,84.3,86.7,90.2,2.6,7.8,92148,76826,36603,30943,46504,7550,98.5,92.9,0.3,0.5,1,0,3.9,1.5,4.8,3039,357,106,5,36,769,143,36,71,33.7,29.8,38.7,16.1,14.5,18.1,16.9,9.8,26.1,15.2,23.1,4.9,18.2,22.8,12.2,112.18
South Dakota,Gregory County,58.4,52.9,63.7,75.3,73.5,77,3.6,3.4,3.7,4.1,3.3,4.8,75.9,71.4,76.6,86.6,81.8,7.8,13,70547,48673,35682,29543,39610,4004,96.6,88.1,1.2,7.1,0,0.2,0,3.4,1.6,1567,204,34,3,53,446,55,12,56,35.9,35.4,36.5,16.3,6,28.9,21,13,30.7,13,22.2,1.7,13.9,23.4,2.2,112.84
South Dakota,Haakon County,58.5,43.6,78.3,80.7,69.3,93.4,1,2.2,0,0,0,0,69.3,68.9,64.6,41.7,93.4,8.1,16.5,80842,55607,40194,25888,56089,1868,98.1,94.1,0.1,3.7,0,0,0.3,1.9,0.1,712,72,43,0,41,142,130,0,49,36.2,46.2,22.7,18.1,3.8,37.5,20.4,8,37.2,15,25.6,0.6,10.3,16.4,2,112.84
South Dakota,Hamlin County,65.9,62.1,69.5,82,79.2,84.5,2.5,0.8,3.9,2.3,0.6,3.6,79.7,50,93.6,49.8,87.9,4.5,7.3,87427,78396,43357,32193,49679,6127,98.2,96.2,0.2,0.1,0.4,0,1.2,1.8,5.1,2080,211,326,7,54,777,308,18,128,34.4,30,39.5,14,8.2,20.8,18,9.5,28,13.6,23.8,1.8,20,28.6,10,112.84
South Dakota,Hand County,64.1,56.1,71.5,85,77.3,91.1,0.3,0,0.5,0.4,0,0.6,77.3,95.1,83,47,91.9,6.7,9.1,95294,66622,39430,30430,53727,3061,99.4,94.4,0.2,0,0.3,0,4.4,0.6,4.4,1358,112,34,0,22,235,95,0,86,47,47,47,14.5,9.3,21.8,16.8,10.1,26,14.1,22.5,2.7,7.5,11.1,2.6,112.84
South Dakota,Hanson County,70.3,63.4,77.2,85.2,77.6,92.3,2.3,2.8,1.9,1.9,3.3,0.7,80.2,86,86.7,50.7,93.9,3.6,7.9,94305,81894,43066,33809,48071,3429,96.6,96.6,0,0,0,0,0,3.4,0,1096,194,74,0,3,376,121,0,218,42.8,38.7,47.9,9.4,6.6,12.8,22.7,12.7,35,13.6,24.4,0.3,11.6,17.6,4.2,112.84
South Dakota,Harding County,67.4,66.7,68,77,78.9,75.4,2.9,3.2,2.7,3.5,3.7,3.2,82,95.1,76.1,90,83.5,1.7,8.2,75279,70033,36869,28357,45235,1179,95.3,89.6,0,4.5,0,0,1.2,4.7,1.4,511,50,13,11,0,70,16,9,20,42.9,38.8,47.8,9.2,5.5,13.7,17,5.7,30.8,21.5,34.4,5.7,9.5,15.6,2,112.84
South Dakota,Hughes County,66.9,62.7,71.4,80.8,75.6,86.6,0.9,0.3,1.5,1,0.3,1.7,76.1,81.4,97.5,78.9,88.1,8.8,12.8,98158,84720,44313,38043,49868,17829,93.5,81.7,0.1,11.6,0,0,0.1,6.5,3.4,7490,544,146,0,606,1592,130,211,480,48.4,46,50.9,15.1,13.9,16.3,20,12.2,28.4,8.2,15.8,0,8.4,12.1,4.4,113.02
South Dakota,Hutchinson County,66,62.9,69.2,85.9,84.9,86.9,1.7,0.9,2.6,1.8,0.4,3,85.2,87.8,94,80.5,89.5,4.4,9.8,90356,68068,40288,33411,48369,7412,94.3,92.8,0,0.6,0.5,0,0.3,5.7,2.6,2912,463,154,7,170,717,86,61,274,38.2,37.1,39.5,16,9,23.4,19.3,12.6,26.5,12.8,20.6,4.6,13.6,20.7,6.1,112.84
South Dakota,Hyde County,65.8,58.3,72.7,87.3,83.9,90.4,0.9,2.2,0,0.3,0.7,0,84.4,76.9,93.9,82.9,90.4,2.8,6.5,83624,72298,44111,47347,40158,1381,95.3,92.3,1.7,1.3,0,0,0,4.7,3.5,548,72,30,0,9,150,16,0,6,38.3,38.3,38.4,9.5,9.5,9.5,21.3,2.8,46,16,24.8,4.1,14.9,24.6,1.9,112.84
South Dakota,Jackson County,39.1,39.5,38.6,47.5,48.9,46,9.3,7.7,11.1,8.8,5.3,12.7,51.6,24.5,78.4,34.2,52.7,35.9,44.4,33437,27639,31883,24051,38467,2868,97.5,35.3,0.3,61.5,0.4,0,0,2.5,0.5,722,33,30,0,113,17,12,68,268,48.4,46.8,49.8,21.4,21.2,21.5,20.7,18,23.1,3.7,7.9,0,5.8,6.1,5.6,112.84
South Dakota,Jerauld County,60.3,59.5,61.2,81.3,81.5,81,0,0,0,0,0,0,81.5,100,82.4,100,81,3.4,8.3,89368,63629,40807,24253,56002,1811,96.4,91.3,0,1.6,0,0,3.5,3.6,7,847,78,0,17,8,149,28,50,37,41.7,45.6,38.1,10.4,6.2,14.3,20.4,7.9,31.8,9.1,16.5,2.4,18.4,23.9,13.4,112.84
South Dakota,Jones County,56.5,50,63.7,75.4,71.7,79.5,2.9,5.9,0,3.4,6.5,0,76.7,52,100,78.6,79.5,9.6,12.7,82431,57030,34744,33636,44802,916,98.6,80.7,1.3,16.3,0,0,0.3,1.4,0,381,30,12,0,6,45,8,0,57,49.4,44,55.5,16.4,14.7,18.3,11.2,6,17.3,10.5,16.1,4.2,12.5,19.3,4.7,112.84
South Dakota,Kingsbury County,62.8,56.1,69,79.8,75.2,83.9,0.8,0.5,1,0.6,0.5,0.7,75.6,78.9,81.4,71.7,84.5,6.3,8,87169,68271,38618,29887,48165,5131,96.8,95.4,0,1.3,0.1,0,0,3.2,2.7,1991,277,84,4,8,526,167,7,72,38.6,36.6,41.1,14.1,10.7,18.5,18,8.7,30.1,13.6,21.7,3,15.7,22.2,7.2,112.84
South Dakota,Lake County,66,63.6,68.2,87.5,86,88.9,2.4,2.7,2.1,1.2,1,1.4,86.8,100,92.4,89.7,91.7,4,11.4,90525,73354,37312,34580,41686,11358,97.5,93.8,0.4,2.3,0.1,0,1,2.5,2.7,4619,476,39,11,56,1060,170,55,175,36.9,30.7,44.3,17.9,15.6,20.6,20.4,15.6,26.1,11.6,20.5,1.2,13.2,17.6,7.9,113.02
South Dakota,Lawrence County,63,61.7,64.4,78.3,77.9,78.8,2.6,2.4,2.7,2.6,2.7,2.4,80.1,95.1,80,69.5,81.2,5.8,13.2,85838,61221,31293,24799,39425,25687,96.6,92,1,2.1,0.7,0.1,0.8,3.4,3.5,11109,551,189,24,239,1483,683,105,421,32.4,29.3,35.6,23.1,16.8,29.5,21.5,15.2,28,12.2,23,1,10.8,15.7,5.8,113.02
South Dakota,Lincoln County,74.3,70.2,78.7,87.7,84.1,91.4,1.5,1.1,1.9,1.3,0.8,1.7,84.8,81.2,92.2,73.3,93.4,3,4.7,111328,95440,49949,40308,59812,63233,96.8,92.6,2.2,0.2,1.5,0,0.3,3.2,2.5,24719,3288,1023,54,890,7032,1102,460,2008,47.6,45.6,49.7,13,7.1,19.4,21.8,17.6,26.2,6.5,12.3,0.4,11.1,17.3,4.4,156.76
South Dakota,Lyman County,55.4,55.2,55.6,69.1,72,66.6,5.9,8,3.9,5.5,7,4,77.6,91.4,82.9,82.7,69.6,18.6,22.2,67308,61015,31863,25888,44270,3746,98.9,54.6,0,43.6,0.3,0.1,0.3,1.1,1.1,1215,143,1,16,144,201,6,45,240,38.2,34.7,42.2,15.4,9.9,21.5,21.4,12.5,31.3,14.6,25.6,2.4,10.4,17.3,2.6,112.84
South Dakota,McCook County,68,61.7,74.2,84.5,79.8,88.6,2.9,4.6,1.4,2.4,3.9,1.1,83.1,90.7,84.4,59.4,90,5.2,8.1,92015,78549,43239,37002,49426,5676,97.5,95.6,0.2,0.4,0,0,1.3,2.5,4.1,2176,336,117,15,30,606,181,24,134,37.7,33.7,42.7,16.4,10.4,23.8,21,15.1,28.1,15.6,26,2.9,9.3,14.8,2.5,112.84
South Dakota,McPherson County,56.4,49.2,63.3,83.7,77.8,88.7,2.2,2.2,2.3,2.6,2.6,2.7,79.8,100,83.5,90.6,91.1,7.3,11.4,73423,59213,38150,26569,47950,2245,98.4,96.3,1.3,0.4,0.3,0,0,1.6,0.4,872,134,3,5,0,193,24,5,4,40.5,38.7,42.9,15.9,10,24,14.2,4,28.1,21.2,36.4,0.5,8.2,11,4.5,112.84
South Dakota,Marshall County,67.7,66.9,68.5,85.1,84.7,85.4,1.6,1.9,1.3,1.8,2.2,1.5,86.6,71.6,96.6,89,86.7,3.6,6.9,98236,75467,38085,29675,47318,4373,95.6,84,0.1,7.2,0,0,4.3,4.4,8.5,1708,228,44,0,24,500,27,0,78,38.5,37.7,39.3,15.1,7.1,24.4,20.3,13.9,27.8,12.8,23.4,0.6,13.3,17.9,8,112.84
South Dakota,Meade County,63.3,59.9,66.6,75.6,72.5,78.4,3.5,3,3.9,3.9,3.4,4.3,76.5,71.8,89.4,61.5,91,4.3,7.4,86211,74384,36676,29556,44657,29561,95.2,89.3,1.8,2.7,1,0.1,0.4,4.8,4.4,11157,944,592,41,173,2779,652,193,473,31.8,26.9,37.7,22.9,23.4,22.4,21.5,10.9,34.1,14.8,25.9,1.6,9,13,4.3,112.18
South Dakota,Mellette County,35.8,39.3,32.4,40.2,44.3,36.3,14.1,10.9,17.7,16,11.9,20.3,50.3,65.6,67.7,32,45.6,38.2,50,50512,38941,32664,27063,35918,1916,98.5,35.3,0.2,62.7,0,0.3,0,1.5,0.3,586,11,5,16,52,88,58,0,123,41.9,36.8,46.1,31.3,15.4,44.6,14.6,22.8,7.7,7.8,17.1,0,4.4,7.9,1.5,112.84
South Dakota,Miner County,60.4,59.2,61.5,77.7,77.4,78,2.3,1.1,3.4,0.6,1.2,0,78.4,80,97.1,93.8,78.4,4.9,8.6,84619,61423,36904,30299,47192,2293,97.4,94.3,0.1,0.8,0.9,0,1.3,2.6,2.4,910,69,9,0,16,263,6,22,30,40,36,44.2,12,6.6,17.7,17.7,14.3,21.4,12.1,22,1.7,18.2,21.1,15.1,112.84
South Dakota,Minnehaha County,72.3,69.5,75,84.2,82.2,86.1,2.5,2.1,2.9,2.2,1.8,2.7,83.7,86.6,89.2,77.7,88.8,6.1,8.8,93840,72487,41938,36001,47770,194884,94.5,83.2,6.1,2,2,0.1,1.1,5.5,5.4,77998,9391,2660,128,3468,16878,3482,581,7018,37.2,31.8,43.2,16.4,12.7,20.5,22.1,15.9,29,9.4,17.4,0.6,14.8,22.2,6.7,156.99
South Dakota,Moody County,66.5,63.1,69.7,79.8,75.7,83.8,1.8,1.7,2,2,1.7,2.2,77.1,93.1,87,94.8,86,6.8,9.7,91759,71940,39673,31866,47070,6335,93.4,77.3,0.9,11.9,2,0,1.4,6.6,4.6,2474,305,13,13,77,512,109,5,199,36.6,34.3,39.2,21.5,14.3,29.7,16.9,9.8,25,13.6,24.7,0.9,11.4,16.9,5.2,112.84
South Dakota,Oglala Lakota County,34.5,35.4,33.6,39.7,42,37.2,12.3,9.3,15.6,12.4,8.3,16.7,45.8,42.9,59,58.9,44.7,45.4,50.5,41764,36179,28779,29447,26805,13835,99.3,4.3,0,94.8,0,0,0.3,0.7,3.9,2595,69,117,0,955,505,289,129,1240,33.7,24.6,41.4,28.3,29.3,27.5,16.6,3.5,27.8,12.3,24.9,1.4,9.2,17.7,1.9,112.84
South Dakota,Pennington County,62.5,60.2,64.8,77.3,75.6,79,2.9,2,3.8,2.6,1.7,3.4,77.3,74.1,85.8,76.5,84,7.9,12.6,87185,68175,36286,32939,41554,108707,92.8,80.6,1.2,8.6,1.2,0.1,1,7.2,5.6,44003,3188,1834,65,2366,7379,2036,270,4092,36.3,31.2,41.8,18.1,16,20.3,23.6,15.3,32.7,10.4,19,1,11.6,18.5,4.1,145.02
South Dakota,Perkins County,67.2,63.3,70.9,88.2,84.4,91.7,1.9,0,3.5,2.3,0,4.2,84.4,84.2,92.4,75,95.8,7.7,10.8,81851,64781,32309,28645,42524,2977,98.5,94.4,0,2.8,0.9,0,0.4,1.5,0.5,1280,149,54,0,14,277,26,0,112,42.1,49.1,33.9,13.5,6.3,22,16.7,6.4,28.8,16.6,23.4,8.7,11.1,14.8,6.6,112.84
South Dakota,Potter County,57.2,52.6,62.2,77.3,72.1,82.6,1.6,2.8,0.5,1.8,3.2,0.6,74.5,68,84,85.1,83.1,6.3,7.4,83283,64755,35224,24494,45985,2613,97.1,91.1,0.2,2.9,2.3,0,0.7,2.9,1,1067,114,69,0,10,226,70,0,47,35.2,34.1,36.5,11.8,4.4,19.8,28,19.3,37.5,14.1,24.8,2.5,10.8,17.4,3.7,112.84
South Dakota,Roberts County,58,54.6,61.4,74.4,69.8,78.8,5,5.6,4.5,5.5,6.2,4.8,74.4,89.1,85.9,66.4,83.5,17.2,20.2,66554,58444,31656,27914,35363,10254,96.2,56.1,0.5,37.8,0.1,0,1.7,3.8,4,3648,212,105,27,415,497,222,44,588,34.9,30.5,39.7,17,11,23.9,19.4,10.4,29.5,13.8,25.5,0.6,14.9,22.5,6.3,112.84
South Dakota,Sanborn County,73.6,72.5,74.7,90.7,91.4,90,1.7,0.9,2.4,1.2,1.1,1.3,92.4,100,100,93.5,92,6.3,9.8,82539,63666,35306,31556,43977,2371,98.7,96,0,0.4,0.4,0,1.9,1.3,4,896,191,5,5,50,243,11,11,84,29.8,25.4,34.6,16,10.4,21.9,23.8,15.7,32.4,14,25.4,2,16.4,23.2,9.1,112.84
South Dakota,Spink County,58.7,54.4,62.8,79.1,76.7,81.4,1.8,1.4,2.1,0.9,0.4,1.4,77,78.8,85.3,78.2,82.5,5.6,8,88640,69544,39892,33518,46285,6408,97.8,94.6,1.7,0.7,0,0,0.8,2.2,3.4,2459,301,96,4,33,569,101,37,201,39.5,38.5,40.6,16.1,13.7,19.1,19.6,10.2,30.9,15.6,26.5,2.3,9.2,11.1,7,112.84
South Dakota,Stanley County,72.5,72.6,72.4,86.5,87,86.2,0.2,0,0.4,0.3,0,0.5,87,25,100,100,87.9,0.6,4.1,105044,83278,44395,40924,50328,2963,96.8,91.1,0.6,3.4,0,1.2,0.6,3.2,5,1249,90,37,0,38,343,0,0,74,38.3,32.8,45.6,14.4,10.7,19.1,20.7,13,30.7,8.5,14.2,0.9,18.2,29.3,3.6,112.18
South Dakota,Sully County,65.5,55.5,73.1,86.9,76,95.4,0.3,0,0.4,0.3,0,0.5,76,63.6,100,88,95.9,5.4,8.2,85838,65060,44612,36432,45832,1279,96,94.1,0.7,1.2,0,0,0,4,1.6,578,41,23,0,8,114,0,0,28,47.6,48.1,46.9,8,2.5,17.7,18.7,9.9,34.3,17.6,27,1.2,8,12.6,0,112.84
South Dakota,Todd County,33.3,33.2,33.3,38.1,39.2,36.8,15.1,11.4,18.9,16.4,12.3,20.8,44.8,23.8,62.5,50.5,47,46.7,59,29619,28613,32811,30316,33366,9434,99.2,8.3,0,87.4,2.9,0,0.6,0.8,2,2411,83,63,46,775,272,90,122,1202,42.1,34,49.5,20.8,26.5,15.7,17.2,7.3,26.3,7.9,14.4,1.9,11.9,17.8,6.6,112.84
South Dakota,Tripp County,60,51.1,68.8,74.3,67.2,80.4,4.9,7.3,3.1,6,8.8,3.9,73.7,60.4,80.7,50.3,83.6,17.6,21.7,68012,56979,28875,23044,29816,5615,97,79.6,0.7,16,0.5,0,0.1,3,0.7,2101,228,23,8,105,330,21,18,323,39.6,25.5,59,16.1,12.9,20.6,18.1,17.4,19,16.1,27.7,0.2,10,16.5,1.2,112.18
South Dakota,Turner County,65.5,59.7,71.3,83.9,78.9,88.7,2.6,1.2,3.7,1.9,1.4,2.4,80,76.9,82.7,78.2,91.4,5.5,10,85621,72157,42018,35170,46304,8621,97.3,95.8,0.5,0.5,0.4,0,0.1,2.7,2.3,3467,350,177,2,33,771,263,11,204,34.1,29.5,39.8,15.3,9.2,22.6,21.9,14.2,31.2,15.3,26.3,1.9,13.4,20.7,4.5,112.84
South Dakota,Union County,65.3,58.4,71.9,82.5,76.8,88,3.3,4.7,2.1,2.3,3.1,1.6,79.6,68.9,72.4,79.5,90,7.1,7.6,109380,87459,45359,38223,57177,16424,95.8,92,0.4,1.2,1.5,0,0.8,4.2,3.8,6839,606,208,0,115,1425,571,23,456,40.4,38.8,42.5,11.9,7.1,18,22.2,17.6,28,8.9,14.3,2,16.6,22.3,9.4,113.02
South Dakota,Walworth County,58,48,68.2,74.5,66,83.2,5.2,7.8,3.2,5,8.5,2,72.1,84.4,89.3,28.4,87.3,9.9,14.7,79279,56403,39081,36992,46602,5355,95.8,79.5,3.7,12,0.2,0,0.5,4.2,2,2310,287,109,0,25,318,147,19,163,43.9,42.7,45.6,15.7,12.5,20.3,20.8,12.8,31.9,7.6,11.9,1.6,12,20,0.7,112.18
South Dakota,Yankton County,65,64.4,65.5,79.7,83.5,76.7,1.8,1,2.5,2.1,1.2,2.8,84.4,89.4,91.9,78.7,79.4,3.8,8.8,90092,73087,41021,33793,45972,23213,95,89.5,1.4,3.6,0.2,0,0.3,5,5.2,9657,773,173,0,468,1876,295,21,526,35.6,30.1,41.9,15.6,10.8,21.2,19.6,13.1,27,8.8,15.7,1,20.4,30.3,9,113.02
South Dakota,Ziebach County,43,49,37.1,49.5,57.9,41.8,32.4,18.7,44.5,33.2,17.9,46.1,70.5,54.5,89.2,58.7,77.5,34.1,44.5,43972,42238,33559,31338,36788,2479,95.2,22.9,0,71.6,0,0.2,0.5,4.8,5.3,689,69,10,0,85,55,14,20,155,53.5,59,49.2,15.2,11.3,18.2,18.4,9,25.6,5.5,7.6,3.9,7.4,13,3.1,112.84
Tennessee,Anderson County,52.7,46.1,59.6,68.6,60.9,76.3,5.2,6,4.6,5,5.5,4.5,64.8,77.6,69.9,61.9,80,11.5,15.4,77156,60401,38566,32286,43738,76683,95.4,89.1,3.1,0.4,1.4,0.1,1.3,4.6,3.2,30973,1672,946,144,1441,3966,2362,252,3263,36.5,33.9,39.8,16.5,14.4,19.2,20,12,29.6,10.4,17.4,1.8,16.6,22.4,9.6,72
Tennessee,Bedford County,58.5,52.4,64.8,70.9,63.7,78.1,5.2,6.5,4,4.3,6,2.8,67.8,74.5,76.4,55.7,80.3,11.4,13.6,70223,60336,33627,28529,38950,49754,94.9,84.1,6.6,0.9,0.2,0,3,5.1,13.2,17904,1413,834,30,1243,2745,1204,304,2423,25.6,22.3,29.6,18.6,14.5,23.6,16.9,9,26.4,13.5,22.3,2.8,25.4,31.8,17.6,50
Tennessee,Benton County,44.7,42.9,46.8,58.1,54.5,61.8,5.4,5.3,5.6,5.9,6.2,5.5,58.2,59.7,59.5,89.9,65.5,13.5,18.1,64135,43881,29757,25589,38070,15872,97.1,94,2.1,0.2,0.9,0,0,2.9,2.4,6509,372,110,0,258,781,192,76,612,27.3,21.8,32.7,21.6,11.1,32.1,16.9,9.5,24.3,9.8,19.2,0.5,24.3,38.4,10.3,50
Tennessee,Bledsoe County,44.1,35.1,49.8,52.7,43.8,57.6,7.4,3.8,8.9,7.3,2.1,9.3,44.7,69.8,73,30.9,63.6,17.7,21.1,70958,56554,31329,24590,37212,14863,97.7,89.4,7.5,0.3,0.2,0,0.3,2.3,2.8,4901,206,78,8,160,858,247,35,231,22.8,18.7,32.1,18,14.8,25.2,14.7,8.2,29.5,28.3,39.5,2.9,16.1,18.8,10.2,50
Tennessee,Blount County,57.6,52.8,62.7,74.7,69.6,80.1,4.5,5.2,3.9,4.4,5.2,3.6,73.4,72.5,80.3,62.4,83.5,6.6,9.5,87241,70406,38576,32703,45710,134042,96.1,92.3,2.4,0.1,0.8,0.1,0.5,3.9,3.7,52337,3361,2134,471,1324,8523,2878,767,3318,33.2,28.4,38.6,17.3,14.1,20.9,22.5,14.9,31.1,11.2,20,1.3,15.8,22.6,8.2,72
Tennessee,Bradley County,57.9,54.4,61.5,72,68.4,75.6,5.7,5.3,6.1,4.7,4.7,4.6,71.8,66.1,81.5,74.4,79.5,9.9,14.2,75111,60414,35658,29336,42713,107845,96.6,87.6,5,0.2,1.2,0,2.6,3.4,6.7,40948,2472,1585,124,2236,7248,2229,193,3715,33.1,29.6,36.9,16.7,13.1,20.6,21.5,14.4,29,7.4,13.6,0.7,21.3,29.3,12.9,72
Tennessee,Campbell County,47.1,43.3,51,60.7,55.2,66.2,10.5,10.4,10.7,9.8,10.9,8.9,62,65.7,79.4,72.9,72.7,15.1,19,61232,50260,33582,24994,42402,39388,97.8,96.5,0.3,0.1,0.5,0,0.5,2.2,1.6,15744,806,456,57,633,1950,647,240,1069,28.3,21.2,36.3,16.5,11.1,22.5,18.9,14,24.4,15.3,28,0.9,21.1,25.6,16,50
Tennessee,Cannon County,53.8,51.1,56.5,67.2,65.5,68.9,3.5,3.9,3.1,3.5,3.7,3.3,68.1,76.5,86.9,57,71.3,14.3,17.2,74256,59103,41805,36528,51134,14309,98,95.2,2.4,0.1,0,0,0.3,2,2.6,5671,438,200,0,173,865,343,100,460,31.8,24.6,39.6,12.4,11.7,13.1,23.8,13.2,35.2,12,22.3,1,20,28.2,11.2,50
Tennessee,Carroll County,50.8,44.2,57.8,66.8,60,73.4,4.3,6,2.9,3.5,5.3,2,63.4,81.9,70.5,61.4,74.9,12.5,17.4,70338,48825,33371,28933,39521,28370,96.1,86.1,8.6,0.1,0.5,0.1,0.6,3.9,3,10988,984,273,41,308,1551,850,163,1012,32.3,25.2,41.2,17.6,16.4,19.1,18.2,9.3,29.2,10.5,18.2,0.9,21.3,30.7,9.6,50
Tennessee,Carter County,48.2,45.7,50.8,61.9,59.2,64.6,7,6,7.8,6.7,6.3,7,63.2,56.1,72.3,65.4,69.7,14,19,62716,48265,33718,28815,38938,56314,98.1,95.4,1.9,0.1,0.3,0,0.4,1.9,2.1,23547,871,764,73,509,2694,1186,329,1289,31.5,24.8,38.6,17.8,14.7,21,23.6,15.8,31.8,10.7,20.8,0.1,16.4,23.8,8.6,50
Tennessee,Cheatham County,62.2,57.6,66.9,74.5,69.8,79.2,4.4,3.8,4.8,3.5,3.3,3.7,72.2,65.9,89,75.7,82.3,6.8,10.2,84011,75354,41949,34685,47688,40878,96.6,92.8,1.5,0.3,0.6,0,1.4,3.4,3.6,15366,1079,453,0,443,3051,703,42,1340,33.8,28.2,40.3,18.4,15,22.4,20.8,12.2,30.6,13,23.8,0.7,13.9,20.8,6,72
Tennessee,Chester County,47.2,43.4,51.3,62.9,58.9,67,7.2,6.7,7.7,5.6,4.5,6.7,62,49.7,75.4,60.4,73.5,11.8,17.6,64690,57434,36686,28553,47563,17278,97.2,86.1,10.3,0,0.4,0,0.4,2.8,2.8,6108,250,409,49,138,732,502,139,715,26.2,21.3,31.6,17.3,12.2,23,24.4,13.8,36,10.6,20.2,0.2,21.5,32.6,9.4,50
Tennessee,Claiborne County,49.3,44.3,54.4,62,56.2,67.9,6.6,7.3,6.1,6.9,7.5,6.3,60.8,68.4,87,60.5,72.8,12.2,19,61389,45712,32995,27509,37264,31958,97.4,95.5,0.8,0.1,0.8,0,0,2.6,1.4,13410,703,354,84,261,1522,373,256,946,29.2,20.9,39.1,14.4,9.4,20.3,16.5,8.5,26,11.8,21.4,0.5,28,39.8,14.1,50
Tennessee,Clay County,42.8,39.5,46.5,58.2,55.4,60.9,4.1,3.2,4.9,3.5,1.3,5.4,56.1,62.4,59.8,100,64.9,14.2,24,57872,42193,31801,25096,36384,7568,98.7,94.4,2,0.4,0.6,0,1.4,1.3,1.7,2973,145,46,0,166,458,151,66,226,30.9,20.7,41.9,18.6,14.1,23.4,17.3,11.8,23.3,15.2,26.4,3.2,17.9,27.1,8.1,50
Tennessee,Cocke County,48.8,46.6,51.1,62.6,57.9,67.6,7.8,9.3,6.2,7.6,10.1,5.1,64.4,59,79.3,52.6,71.2,14.7,20.3,52107,45298,32214,27628,38369,35896,97.7,94.3,2,0.7,0.5,0.1,0.1,2.3,2.7,14339,357,619,22,805,1488,877,272,969,24.5,16.6,32.6,24,18.9,29.2,18.2,10.4,26.3,9.9,19,0.6,23.3,35.1,11.3,50
Tennessee,Coffee County,58.1,53.2,63.3,73,68.6,77.4,4.2,5.1,3.4,3.9,4.6,3.3,71.9,68,82,61.6,80.4,11.8,16,70487,57362,33617,27581,41952,57227,96.4,89.7,3.8,0,1.2,0,1.6,3.6,4.9,22417,1530,1165,175,678,3912,1521,176,2103,31.4,26.6,36.8,15,10.5,20.1,19.2,10.9,28.6,11.1,20.1,0.9,23.3,31.9,13.6,50
Tennessee,Crockett County,56.2,52.9,59.7,71.1,68.6,73.7,3.9,4.2,3.6,2.5,2.9,2.1,70.6,77.4,77.2,67.1,75.8,13.1,16.5,66733,56828,36313,31778,40531,14012,94.4,75.9,13.2,0.3,0.3,0.1,4.5,5.6,11.2,5387,396,161,17,304,921,314,26,591,32.5,23.5,41.9,14.7,10.3,19.2,18.6,10.3,27.2,14.5,27.5,0.9,19.8,28.4,10.8,50
Tennessee,Cumberland County,43.5,38.8,48.5,65.5,58.7,72.7,6,6.3,5.8,5.7,6.1,5.3,62.5,75.1,74,80.1,76.8,8.4,12.9,67636,57367,33946,25244,39162,60568,98.1,96.3,0.9,0.4,0.3,0,0.3,1.9,3.1,26523,1248,445,39,736,3315,1033,125,1656,26.3,21.4,32,17.5,12.4,23.6,22.7,15.3,31.5,10.6,17.6,2.3,22.9,33.3,10.5,50
Tennessee,Davidson County,68.2,64,72.9,79.1,75.2,83.1,4.8,4.9,4.7,4.4,4.5,4.3,78.9,78.6,79.7,68,87,10.5,14.3,90199,71991,42206,39247,45720,708490,95.1,61.1,26.7,0.2,3.5,0,3.6,4.9,10.4,293859,21839,10953,1014,14387,32522,13588,1954,29112,45.5,41.9,49.2,15.4,13.6,17.3,20.7,15.9,25.8,6.5,11.9,0.8,11.8,16.6,6.8,72
Tennessee,Decatur County,45.9,42.5,49.7,62.2,59.4,65.1,10.6,7.2,13.6,10.2,6.8,13.1,63.8,70.3,75.4,66.9,75.2,12.6,19.3,63009,47761,35087,33358,41533,11460,95.7,92.3,2.5,0.1,0.1,0,0.6,4.3,3.4,4375,189,195,0,185,744,335,80,222,34,20.5,48.4,14.4,9.7,19.3,15.5,11.8,19.4,14.4,28.1,0,21.7,29.9,13,50
Tennessee,DeKalb County,50.3,43.3,57.2,62.1,52.9,70.9,4.7,6.8,3.1,5,7.5,3.2,57.2,60.3,59,54.3,73.2,14.6,18.4,63134,49844,36746,29570,39833,19875,97,91.2,1.7,0.5,0.6,0,3,3,8.3,8023,443,326,125,298,1030,630,145,214,29.9,23.3,38.7,11.6,12,11,18.8,13,26.8,11.5,19.3,1,28.2,32.4,22.5,50
Tennessee,Dickson County,58.6,52.5,65.1,71.6,65,78.5,4.5,6.5,2.8,4,5.3,2.8,68.6,80.9,76.6,51.9,80.9,7.1,10.8,78618,66913,38971,32522,45425,54000,96.4,91.2,3.6,0.2,0.5,0,0.8,3.6,3.9,19663,1011,550,126,1294,3471,1689,229,1787,31.9,25.2,39.7,14.5,10.8,18.8,22.9,15.6,31.4,11.7,20.5,1.3,19.1,27.9,8.8,50
Tennessee,Dyer County,55.9,50.5,62,68.9,62.3,75.9,5.8,8,3.7,4.3,6.3,2.4,66.5,73.1,78.7,67.8,77.8,12.3,17.4,66672,54767,37023,29402,46883,36975,94.9,80,13.1,0.3,0.5,0,1,5.1,3.6,14659,976,471,71,1019,2464,589,36,1566,30.8,24.9,37.2,14.6,12.4,17,21.7,12.8,31.6,9.2,17.4,0.1,23.8,32.5,14,50
Tennessee,Fayette County,52.7,47.2,58.2,68.6,62.9,74.3,6,6.7,5.3,5.8,6.3,5.4,67.1,76.3,70.4,67.7,78.7,8.4,11.8,90127,76005,41968,35184,50369,41584,98.4,67.9,27.2,0.5,0.7,0,2,1.6,3,15932,887,576,24,647,1852,1182,56,1347,39.4,33.8,46.2,12.9,10.6,15.5,18.5,12.2,26,11.4,20.6,0.3,17.9,22.8,12,72
Tennessee,Fentress County,46.6,41.7,51.5,62,56.6,67.3,7.3,5.8,8.6,5.4,2.6,7.6,58.1,49.3,66.5,71.2,72.8,14.9,20.5,54983,47376,28711,25235,31185,18385,97.8,96.4,0.3,0.3,0.3,0.2,0.4,2.2,1.7,7443,369,401,27,198,627,600,77,607,25.9,20.7,32.4,21.7,14.8,30.1,18.7,9.5,29.9,16.9,30.4,0.5,16.8,24.7,7.1,50
Tennessee,Franklin County,53.4,47.8,59.4,69.1,62.9,75.5,3.7,4.2,3.3,3.7,4.5,3,65.9,69.1,75.7,64.3,77.9,10.7,14.6,70026,56886,34336,27278,41475,42528,96.8,89.7,4.9,0,0.5,0.1,1.6,3.2,3.6,16467,902,702,76,384,2227,859,65,1184,32.9,26.1,40.9,15.4,10.3,21.4,18.3,14.3,23,13.1,23.2,1.2,20.3,26,13.6,50
Tennessee,Gibson County,53.6,50.4,57.1,67.8,65,70.6,5.1,2.9,7.1,5.4,2.9,7.7,67,66.6,85.2,48.6,76.7,10.8,14.5,67670,54080,34997,30039,41515,50278,94.9,77.5,16.3,0.3,0.4,0,0.4,5.1,2.9,19436,1096,827,12,1099,3221,1222,152,2047,30.3,26.5,34.2,16.3,11.4,21.4,22.8,14,31.9,8.8,16.2,1.2,21.8,31.9,11.4,50
Tennessee,Giles County,53.6,47.9,59.7,69.1,62.1,76.2,5.3,6.9,3.8,5.3,7.3,3.7,67,66.9,83.4,49.7,79.3,10.5,13.1,71648,58926,37015,31921,40875,30197,96.8,84.8,10.4,0.2,0.2,0,1.3,3.2,3.2,11395,500,842,40,534,1611,645,140,1027,28.4,17,41.8,15.1,12.9,17.6,22.5,18.1,27.7,10.5,18.5,1.3,23.5,33.5,11.6,50
Tennessee,Grainger County,49.7,47,52.6,63.8,59.2,68.5,5.9,4.3,7.3,5.8,3.9,7.5,61.6,53.1,64.9,54.2,74,12,16.5,59721,48960,29948,24968,37883,23377,98.1,96.9,0.3,0.2,0.1,0.5,0.1,1.9,3.5,9343,388,436,29,279,1219,640,91,558,29,20.3,38.4,14.4,9.1,20.2,19.1,11.1,27.7,13.1,25,0.4,24.3,34.5,13.4,50
Tennessee,Greene County,49.9,45.5,54.5,65.7,60.9,70.4,5.4,5.8,4.9,5.5,6.1,5,64.9,72.7,81.7,67,74.2,11.1,15.7,67322,51623,33141,28732,38035,69926,97.4,93.9,1.9,0.3,0.6,0.2,0.6,2.6,3.1,27468,1645,669,94,868,3584,1024,362,2388,28.7,21.5,37,17.3,12,23.4,20.2,15.8,25.3,7.9,14.4,0.5,25.8,36.4,13.8,72
Tennessee,Grundy County,46.8,44.7,49,60.7,58.9,62.5,7.8,5.2,10.2,7.4,5.3,9.4,62.2,86.9,79.3,65.4,69,12.1,17.2,56362,49214,29771,25820,35581,13471,91.4,89.6,0.3,0.9,0.5,0,0.1,8.6,1.5,4833,299,94,48,291,733,256,94,440,25.8,19.2,32.8,15.2,9.3,21.3,17.3,9,26,17,29.4,3.9,24.8,33.1,16,50
Tennessee,Hamblen County,53.2,51.5,54.8,66,63.7,68.4,7.3,6.3,8.2,6.9,6.6,7.1,68.2,86.7,74.9,59,73.7,11.3,17.2,64654,49350,33555,28100,41023,64184,95.4,87.5,3.7,0.4,0.9,0.6,2.3,4.6,12,24471,1733,856,74,1172,3634,1534,621,2747,26.5,23.6,29.5,18.9,15.8,21.9,24.5,13.1,36.1,8.4,15.6,1.1,21.7,31.9,11.4,50
Tennessee,Hamilton County,60.4,55.2,66,75.1,70.4,80,4.6,4.9,4.4,4.3,4.4,4.3,73.6,73.9,77.2,69.4,83.7,8.3,12.7,89669,66545,39509,34053,46538,363790,95.7,73.1,18.5,0.2,2,0,1.9,4.3,6,147419,9874,5450,271,5903,20973,9425,919,13586,40.1,36.6,44,16.4,13.8,19.3,21.6,15.6,28.2,7.3,13.3,0.7,14.5,20.7,7.8,72
Tennessee,Hancock County,41.6,43.8,39.4,56.8,60.7,52.8,8.8,8.2,9.4,7.2,7.4,7,65.5,53.8,76.7,73.3,56.8,22.5,29.1,50608,32319,26549,21911,36283,6695,99.6,98.3,0.4,0,0.7,0,0.3,0.4,1.8,2852,154,65,0,82,440,86,13,43,31.1,19.6,41.3,23.2,12.7,32.5,18.1,17.3,18.8,10.2,21.7,0,17.4,28.7,7.4,50
Tennessee,Hardeman County,39.9,46.3,35,49.2,62.7,40.1,12.2,12.3,12.2,10.8,8.8,12.8,68.7,75.7,72.7,65,46,12.4,16.6,57448,44840,33025,30761,35880,25612,97.1,54.4,40.9,0.4,0.8,0,0.5,2.9,1.9,9058,271,230,12,679,1068,400,72,1036,24.7,19.3,30,18.9,11.4,26.3,18.9,7.3,30.3,7.2,14.6,0,30.3,47.4,13.4,50
Tennessee,Hardin County,48.2,43.2,53.6,64.2,59.8,68.7,4.1,3.7,4.4,3.8,3.8,3.8,62.2,58.2,77.3,81.3,71.5,12.6,17.6,58362,49150,33584,27660,41439,26722,98.2,93.7,3.8,0.3,0.4,0,0,1.8,2.5,10787,471,300,26,443,1690,524,205,586,29.8,23.3,37.2,16.1,10,23.2,21.3,11.7,32.4,10.1,18.7,0.1,22.7,36.3,7.1,50
Tennessee,Hawkins County,46.3,43.9,48.9,61.3,58.6,64,8.5,6.5,10.2,7.8,6.2,9.3,62.5,71.5,65.1,71.1,70.7,13.6,17.6,64264,53520,33654,27722,41360,56803,97.6,95.2,1.4,0.1,0.4,0.1,0.4,2.4,1.6,22777,1269,507,50,1085,2248,929,455,1748,28.2,19.4,37.7,17.2,9.9,24.9,18.4,15.2,21.9,10.9,20.2,1,25.3,35.4,14.6,50
Tennessee,Haywood County,51.5,48.1,55.4,65.5,62.5,69,8,7,9.1,7,5.9,8.1,66.4,88.7,85.7,69.8,75.2,15.4,20.7,58276,43548,32096,27984,37246,17912,97.7,44.6,50.4,0,0.2,0,2.5,2.3,4.4,7118,369,71,13,540,782,152,80,1236,20.9,14.2,27.7,22.7,15.5,30,18.1,14,22.1,8.6,16.4,0.8,29.6,39.7,19.4,50
Tennessee,Henderson County,52.3,49.6,55.2,65.5,63.5,67.6,5.7,6.7,4.8,5.5,7.2,3.8,68.4,70.1,74,56.4,70.3,11.9,16.7,67972,52195,35877,29893,44691,27800,97.7,88,8.1,0.2,0.1,0.1,1.3,2.3,2.6,10823,717,403,130,276,1634,791,210,794,29.6,20.2,39.3,18.4,14.6,22.3,19,11.1,27.2,9.8,18.7,0.8,23.1,35.5,10.4,50
Tennessee,Henry County,46.5,41.7,51.7,62.4,58.2,66.8,4.7,3.8,5.4,4.5,3.2,5.7,60.3,74,70.7,54.6,71.2,14.7,19.9,62784,47354,33957,30566,35524,32298,96.9,87.7,7.4,0.5,0.6,0,0.6,3.1,2.7,12938,791,499,81,308,1283,999,79,1263,28.6,24.6,33,17.5,10.4,25.6,20.5,14.4,27.5,11.9,21.8,0.7,21.6,28.9,13.3,72
Tennessee,Hickman County,51,51.1,51,63.7,63.6,63.7,3.6,3,4.2,3.2,3.2,3.2,65.7,53.8,66.2,58.2,66.1,8.1,13.6,63273,52894,34538,31947,39292,24848,97.1,91.6,4.3,0.6,0.4,0,0.2,2.9,2.7,8736,413,434,0,384,1153,732,39,940,27.6,23.7,32,16.8,14.1,19.9,20.8,8.6,34.5,16.2,25.3,6.1,18.6,28.4,7.5,50
Tennessee,Houston County,48,47.4,48.6,63.6,62.6,64.7,5.6,3.2,8,5.5,2.6,8.3,64.3,84.1,60.6,29,71.1,8.9,13.9,71305,50723,28192,26187,34004,8238,98.1,93.1,3.8,0.5,0.3,0.3,0,1.9,2,2860,93,158,5,94,546,366,7,166,20.6,15.2,25.8,13,11.9,13.9,20.3,8,32.2,20.3,25.6,15.2,25.9,39.2,12.9,50
Tennessee,Humphreys County,50.3,47.1,53.6,64.5,59.7,69.2,9.9,12.8,7.2,11,14.5,7.7,69.9,66.9,87.7,84.3,75.3,6.2,11.2,68672,54222,29793,23965,41649,18956,95.6,92.5,1.1,0.4,0.8,0,0.9,4.4,2.6,6688,269,400,80,128,1431,257,103,483,28.8,23,35.1,16.3,12.4,20.4,19.5,14.1,25.4,11.8,21.2,1.6,23.6,29.4,17.3,50
Tennessee,Jackson County,46.8,46.7,47,60.3,59.3,61.3,8.2,7.8,8.7,8.4,8.9,8,65.1,73.6,88.8,100,66.6,10.5,17,68080,45660,26984,22806,37873,11626,96.5,94.4,0.5,0.1,0,0,1.6,3.5,2.3,4523,206,60,6,124,791,76,52,320,24.1,15.5,32.8,18.5,9,28.2,16.9,8.5,25.4,19.1,36.7,1,21.5,30.3,12.5,50
Tennessee,Jefferson County,53.6,50,57.2,67.7,63.3,72.1,6,6.9,5.2,6,6.9,5.2,68,64.6,78.1,57.7,76.2,10.1,12.5,71932,59264,34253,27736,40374,54358,96.9,93.7,1.8,0.1,0.6,0,0.7,3.1,3.8,20419,1067,819,96,495,3054,1178,241,1541,30.5,23,38.9,19.3,15.7,23.3,22.2,17.4,27.6,10.4,19.5,0.2,17.6,24.3,10.1,50
Tennessee,Johnson County,39.7,40.5,39.1,51.7,57.5,47.4,4.6,5.1,4.2,4.5,5.5,3.5,60.9,72.2,81.2,42.7,49.4,13.8,22,56372,46382,30842,31138,30603,17912,97.5,92.2,3.9,0.6,0.2,0,0.5,2.5,2.2,6859,173,169,22,186,639,279,80,512,24.7,22.5,27.2,22.9,19.2,27.1,22,8.7,37.1,12.3,22.7,0.3,18.2,26.8,8.4,50
Tennessee,Knox County,61.6,56.8,66.7,75.2,70.6,79.9,4.1,4.1,4.1,3.7,3.7,3.7,73.4,68.2,78.8,61.8,83.3,8.1,12.7,90740,68573,39552,33823,46525,475286,96.2,83.9,8.5,0.2,2.3,0.1,1.3,3.8,4.6,192077,12866,8641,352,6368,27896,12848,1526,15638,43,39.8,46.5,16.1,14.4,17.9,23,17.1,29.5,7.2,13.1,0.8,10.8,15.7,5.3,72
Tennessee,Lake County,28.3,44.4,19.9,30.7,59.7,19.2,7.6,9,5.9,7.1,8.9,4.7,65.5,50.9,77.1,90.4,20.4,24.2,27.8,47766,38066,23729,24086,23102,7187,95.4,67.1,25.9,0.7,0.2,0.2,1.3,4.6,2.7,2071,63,28,0,143,183,25,0,252,22.9,9.2,34.7,31.9,25.3,37.7,14.5,10,18.3,10.2,20.7,1,20.6,34.7,8.3,50
Tennessee,Lauderdale County,44.5,42.9,46,53.5,53.5,53.4,6.7,7,6.5,6.4,7.2,5.7,57.6,82.1,77,63.5,56.8,15.7,18.6,53897,46897,36888,29365,42364,25406,96.8,61.2,34.1,0.5,0.4,0,0.7,3.2,2.7,9144,511,153,40,850,1143,331,261,1581,24.1,17.6,31.5,14.6,11.3,18.3,19.3,10.8,29.1,9.9,17.7,0.8,32.2,42.6,20.2,50
Tennessee,Lawrence County,52.3,47.1,57.8,65.7,60.2,71.3,7.9,8.2,7.6,7.8,8.1,7.5,65.5,78.5,77,64.4,77.2,14.6,16.3,64867,49836,34855,24322,43102,43967,97,94.1,1.6,0,0.4,0.1,0.7,3,2.5,16483,1247,908,111,749,3637,1700,79,1271,28,19.9,37.4,17,10.8,24.3,18.3,11.6,26,13,23.2,1.2,23.7,34.6,11.1,50
Tennessee,Lewis County,47.3,44.7,50,59.2,58.4,60,5.4,4.5,6.2,5.7,3.8,7.6,60.7,61.9,73.4,95,64.9,14.2,20.6,65929,42144,27971,22306,37354,12485,96.5,93.5,1.2,0,1,0,0.9,3.5,2.5,4842,355,202,3,118,650,67,266,436,27.5,25.2,30,17.5,11.6,23.9,22.8,8.7,38.1,8.4,16.1,0,23.8,38.3,8,50
Tennessee,Lincoln County,56.1,49.9,62.5,70.3,63.9,76.7,4.9,5.1,4.7,4.1,5,3.3,67.2,77.5,78.9,72.9,79.6,8.4,11.1,79445,62626,40712,36256,46157,35042,96.1,87.6,6.5,0.2,0.6,0,1.1,3.9,3.8,14032,659,311,16,840,2491,674,57,1357,32.4,27.6,38.1,12.3,10.1,14.9,20.4,10.5,32.4,14.5,24.5,2.4,20.4,27.3,12.1,50
Tennessee,Loudon County,53.9,48.2,59.9,73.6,67.1,80.4,3.3,4.5,2.2,3.4,4.5,2.4,70.3,63.5,71.7,80.3,82.8,10.1,12.2,87106,72105,37881,30625,44568,54349,95.4,91.6,1.4,0.2,0.9,0,1.3,4.6,9.4,21801,1003,948,60,760,3308,1615,330,993,33.2,28.2,39,15.7,13.1,18.7,21.3,14.1,29.9,10.9,18.2,2.3,18.9,26.4,10.1,72
Tennessee,McMinn County,51.7,47.4,56.3,66.1,60.7,71.6,5.5,5.1,5.9,4.8,4.8,4.7,63.8,76.7,69.3,50.9,75.4,11.8,15.9,67728,55866,37034,28768,44129,53065,96.4,90.8,3.8,0.2,0.8,0,0.8,3.6,4.4,21163,1340,654,11,866,2455,1642,364,1625,30.7,25.6,36.3,15.2,13.1,17.5,19.7,10.8,29.5,9,15.3,2.1,25.4,35.2,14.6,50
Tennessee,McNairy County,45.8,40.5,51.4,61.8,55.1,68.5,6,4.7,7.1,5.1,3.7,6.2,57.2,34.2,74,65.9,74,13.4,16.4,60597,46533,37092,29575,42352,25916,98.1,91,5.8,0.3,0.5,0,0.5,1.9,2.4,9818,479,512,58,323,1714,777,104,615,29.3,18.6,42.3,13.6,9.8,18.2,18.1,12.4,25,10.9,17.1,3.5,28,42.2,10.9,50
Tennessee,Macon County,57.2,53.6,61.1,67.9,62.8,73.1,5.1,5.3,4.9,4.9,5.8,4,66.7,78.3,62.1,59.7,76.1,11.5,18,68416,47529,33131,29451,37425,24954,96.7,94,0.6,0.2,0.3,0,1.6,3.3,5.3,9266,884,315,22,344,1355,965,232,530,24.9,18,32.3,17.5,14.8,20.5,17.1,8.4,26.6,13.8,26.2,0.3,26.7,32.6,20.2,50
Tennessee,Madison County,55.4,53.6,57.4,68.5,67.3,69.7,7,7.8,6.2,6.9,7.9,5.8,73.1,80.6,78.2,74.8,74.2,14.5,18.7,70187,56163,34521,30323,39951,98373,96.6,56.1,37.1,0.1,0.9,0,2.4,3.4,4.1,38699,2648,1165,54,3077,4764,1685,317,5143,35.8,32,39.3,18,14.6,21.2,22.4,15.9,28.6,5.9,11.7,0.5,17.9,25.8,10.4,72
Tennessee,Marion County,52.1,43.9,60.7,66.3,57.9,74.6,5.5,7.8,3.7,5.2,6.8,3.9,62.1,38.6,82.3,65.7,77.6,12.6,16.6,66353,57931,35932,29311,44160,28679,97,92.7,3.2,0,0.4,0,0.6,3,2,11718,543,253,4,732,1547,689,251,795,26.5,20.3,34.7,16.7,13.4,21.2,17.9,9.5,29,13.8,23,1.6,25.1,33.9,13.4,50
Tennessee,Marshall County,58,52.5,63.8,71.8,64.9,79,5.9,7.8,4.2,5,6.7,3.5,69.6,78.9,84,57.2,81.9,11.8,15.1,75766,65439,39532,35212,44228,33909,96.7,89.6,5.2,0.3,0.5,0,1.2,3.3,5.8,12718,1067,558,5,330,2451,990,81,1205,29.3,24.5,34.9,15.4,14.2,16.8,22.1,10.8,35,11.4,20.8,0.7,21.7,29.7,12.7,50
Tennessee,Maury County,63.3,57.2,69.9,77.6,70.9,84.7,2.9,3.9,2,2.8,3.8,1.9,73.7,69,82.3,74.7,86.3,6.8,9,82998,72325,40491,34725,47603,99011,95.3,82.4,11.3,0.2,1,0,0.4,4.7,6.4,38532,3208,1681,123,1883,7857,2008,328,3598,34.5,29,40.7,14.9,12.7,17.5,22.4,13.6,32.4,10.9,19.9,0.6,17.3,24.8,8.8,72
Tennessee,Meigs County,47,38.1,56.1,61.2,50,72.5,8.6,9.4,8,7.4,9.6,5.8,55.3,59.9,73.1,59.4,77,10,15.8,66465,59318,34390,25856,41880,12622,95.9,92.3,2.5,0.3,0.1,0,0.6,4.1,2.4,5129,231,167,0,240,972,216,11,268,24.6,19.1,32.5,15.2,9,24,17.2,11,26.2,16.2,27.4,0.2,26.8,33.5,17.1,50
Tennessee,Monroe County,47.8,44.4,51.2,62.7,59.2,66.2,6.2,6.2,6.2,5.2,5.5,4.8,62.8,77.7,82.9,61.1,69.9,12.6,16.3,65385,52852,34289,29820,38415,46041,95.3,91.6,2.2,0.1,0.4,0,1.1,4.7,4.5,18574,866,527,18,610,2899,663,125,1340,23,15,32,19.3,14.8,24.3,18,10,27,12.1,21.8,1,27.7,38.3,15.7,50
Tennessee,Montgomery County,56.2,55.3,57.1,64.4,64.4,64.3,5.8,6.2,5.4,5.4,5.9,5,70.5,57.9,73,62.9,82.9,9.1,12.1,81085,69507,38770,31255,45056,216172,91.9,67.1,19.8,0.4,2.2,0.3,2,8.1,10.5,77460,6354,6111,720,4908,13603,7527,1513,9709,34.6,27.6,41.7,18.9,15.5,22.3,21.4,16.2,26.7,9.7,18.5,0.8,15.4,22.2,8.4,72
Tennessee,Moore County,54.5,47.5,61.8,67,60.7,73.4,4,4.3,3.8,4.3,4.1,4.4,63.3,16.7,73.4,62.7,78.2,4.6,8,87300,70769,41310,34790,48793,6481,98.5,92.6,1.7,0.8,3.2,0,0.2,1.5,0.2,2475,125,263,0,15,454,132,0,133,32,31.7,32.3,12,7.1,18.2,20,12.8,29,12.2,21.3,0.7,23.8,27,19.9,50
Tennessee,Morgan County,40.3,40.6,40,48.8,51.1,47.2,8.6,6.8,10.1,7.3,6.2,8.2,54.6,71.2,58.5,83.8,51.4,16.9,21.8,57821,49195,35456,27432,41027,21158,98.3,91.9,5.6,0.2,0.2,0.1,0.4,1.7,1.5,7110,376,126,0,245,892,548,29,524,28.6,19.8,39.4,22.3,21.3,23.6,18.4,10.2,28.5,14.2,25.3,0.3,16.6,23.3,8.1,50
Tennessee,Obion County,52.9,48.2,58,67.5,62.7,72.4,4.9,5.7,4.2,4.6,4.9,4.4,65.9,65.8,74.5,80.3,76.2,12.7,17.5,62724,49711,34072,28928,40371,30722,95.5,82.2,10.8,0.1,0.4,0.1,1.8,4.5,4.9,12526,782,194,38,825,2077,670,146,1121,28.1,22.7,34,17.4,14.9,20.1,18.6,10,28.2,10.2,19,0.4,25.8,33.4,17.3,50
Tennessee,Overton County,52.6,46.9,58.4,68.8,63.9,73.7,3.5,2,4.7,2.8,2.1,3.4,65.3,86.5,79.9,77.7,76.3,15.2,17.3,63134,43313,35065,29280,41031,22364,98.1,96.6,0.7,0,0.2,0.4,0.1,1.9,1.7,8731,651,185,13,374,1668,377,55,880,28.3,21.4,36.5,15.8,9.4,23.5,17.7,9.4,27.6,14.7,26,1.1,23.6,33.8,11.2,50
Tennessee,Perry County,45.1,41.8,48.5,62,55.8,68.5,9.1,5.9,11.7,9.2,6.5,11.3,59.7,37.6,92,46.1,77.2,12.6,22.2,63076,56447,37464,23008,49238,8313,96.2,91.4,0.7,1.2,2.3,0,0.5,3.8,1,3052,172,354,0,80,197,239,252,190,29,32.7,24.7,13.4,7.6,19.8,14.6,3.2,27.4,12.8,20.5,4.1,30.3,36,23.9,50
Tennessee,Pickett County,41.2,33,49.2,56.7,43.3,69.5,4.9,9.6,1.5,5.5,11.5,1.5,48.9,83.1,22.8,91.3,70.7,15.6,21.5,55425,46795,33527,27445,35112,5021,97.6,96.9,0.1,0,0,0,0.7,2.4,2.7,2161,200,79,8,93,233,143,34,35,37.9,30.3,49.3,12.7,11.2,15,17.2,12.3,24.6,14.6,24.3,0,17.6,21.9,11.1,50
Tennessee,Polk County,51.6,46.7,56.3,68,62.1,73.6,6.6,6.1,6.9,6.8,6.1,7.3,66.1,77.2,69.8,85.2,79.4,7.6,11.6,69976,53896,34177,25589,43863,17502,94.9,93.1,0.9,0.2,0.2,0,0.5,5.1,2.2,7006,503,200,0,169,840,378,12,306,30.2,19.2,44,18.9,15.8,22.7,13.1,7.5,20.2,16.4,28.5,1.2,21.5,29.1,11.9,50
Tennessee,Putnam County,57.2,52.2,62.2,72.4,67.2,77.6,4.9,4.6,5.1,3.6,3.7,3.5,69.7,61.5,80.5,60.4,80.9,10.2,16.3,68593,53659,33368,29265,37103,78955,96.7,91.1,2.4,0.2,1.1,0,1.9,3.3,6.6,31933,1761,1230,113,975,3789,2356,334,2427,34.4,32,37.1,18,14.3,22.3,21.9,14.3,30.8,8.4,14.7,1,17.4,24.7,8.7,72
Tennessee,Rhea County,48.8,41.9,55.8,61.3,52.6,69.9,8.4,8.1,8.7,7.9,7.9,7.8,57.1,55.8,77.3,55.8,75.8,13,16.8,60966,53270,31953,24376,38888,32723,96,91.4,1.8,0.1,0.6,0,2,4,5.3,12756,521,761,4,484,1677,813,199,1478,25.5,19.1,33.9,16.6,12.6,21.8,19.5,10.6,31,13.5,22.9,1.2,24.9,34.8,12.1,50
Tennessee,Roane County,51.7,47.2,56.4,67.1,61.9,72.5,5.3,4.6,6,5.5,4.4,6.6,64.7,56.2,71.4,67.1,77.8,9.6,13.7,82209,65448,36708,28555,46211,53313,97.6,93,3,0.5,0.8,0,0.3,2.4,2.1,21773,821,691,52,361,2465,1545,233,1434,38.8,34.3,44,17.2,14,20.8,19.4,12.6,27,9.3,16.6,1,15.3,22.4,7.3,50
Tennessee,Robertson County,61.2,55.9,66.6,74.1,68.1,80.1,4.9,5.1,4.7,4.4,4.9,4,71.6,66.9,78.9,69.1,83.6,9.8,12.1,84849,73681,41222,35013,47842,72309,96.8,84.5,7.2,0.2,0.7,0,4.1,3.2,7.4,26536,1951,1615,188,1224,5048,1936,211,2511,35.6,30.9,41.1,13.2,10,16.9,21,12.9,30.4,12.2,22.3,0.5,18,23.8,11.1,72
Tennessee,Rutherford County,68.1,62.8,73.7,79.1,73.3,85,4,3.7,4.2,3.5,3.4,3.7,75.9,73.4,79.9,63,88.9,6.4,10.2,92015,79554,41030,35050,47160,335595,94.8,73.3,15.2,0.2,3.6,0.1,2.4,5.2,8.7,118955,10065,6947,373,5383,26472,10878,1147,11497,37.1,32.7,42.1,14.9,13,17.1,21.8,15,29.5,8.2,14.9,0.7,17.9,24.3,10.6,72
Tennessee,Scott County,46.8,46.2,47.3,58.5,57.5,59.6,9.9,9.2,10.7,9.1,6.6,11.3,61.5,60.2,78.2,64.8,67.1,19.2,23.2,47364,41866,31303,26658,36551,21855,98.4,97.3,0.4,0.2,0.5,0,0.1,1.6,0.5,8533,436,386,34,382,878,278,455,850,27.7,19.1,36.2,15.7,9.6,21.7,16.9,13.9,19.9,10,18.8,1.3,29.7,38.6,20.9,50
Tennessee,Sequatchie County,49,45.2,52.8,61.7,58.5,64.6,4.5,2.2,6.3,3.4,0.9,5.4,59.1,68.3,53.1,67.4,68.3,18.3,20.1,63416,52140,29606,21647,34705,15727,97.9,95.2,0.4,0.2,0,0.1,1.9,2.1,3.8,5866,122,296,62,226,532,465,110,532,26.5,21.8,32.3,19,16,22.7,18.6,6.8,32.9,16.7,30.5,0,19.2,25,12.1,50
Tennessee,Sevier County,57.3,52.8,62,70.5,66.1,75,4.4,4.3,4.5,4.4,4.3,4.6,69.1,64.8,76.2,59.5,78.8,10.5,13.8,70717,59256,30718,26876,35187,98088,96.7,92.5,1.1,0.2,1.1,0,1.7,3.3,6.6,36817,1660,1465,75,1379,5153,2244,564,3480,26.8,24,30,24.2,21.6,27.1,26,18,34.9,9.6,17.5,0.8,13.3,18.9,7.2,72
Tennessee,Shelby County,59.3,55.7,63.4,71,68,74.4,7.6,7.8,7.4,7.2,7.2,7.2,73.5,75,79.7,68.7,80.7,13.7,18.6,77612,59966,38130,34689,42844,929178,97.2,37.5,53.8,0.2,2.8,0.1,2.8,2.8,6.6,354736,19642,12566,1143,32553,45927,22319,2857,61908,36.9,33,40.8,17.3,15.6,19,21.6,15.3,27.9,6.2,11.5,0.8,18,24.5,11.5,72
Tennessee,Smith County,57.2,53.2,61.3,71.1,68.2,73.8,4.5,5.5,3.6,4.5,5.1,3.9,72,62.1,84.8,68.7,76.8,10.9,14.2,70291,56700,37777,35659,41832,19820,95.5,91.4,2.3,0.2,0.4,0,1.1,4.5,3,7473,386,200,97,401,1283,229,132,684,28.4,21.9,35.8,15.6,13.4,18.2,22.8,15.6,31,11.7,21.1,1.1,21.4,28,13.9,50
Tennessee,Stewart County,52.3,49.7,55,69.1,66.4,71.8,4.6,2.1,6.7,4.5,1.6,7.1,67.5,78,70.1,84.5,78.6,10.4,13.6,73409,56091,31731,28481,34767,13569,95.5,92.7,0.3,0.1,0.4,1.3,0.8,4.5,3.4,5091,206,132,38,193,801,295,62,334,32.6,26.7,39,16.5,12.5,20.9,20.4,13,28.4,14,24.8,2.2,16.6,23.1,9.6,50
Tennessee,Sullivan County,51.5,47.3,56,67.5,63.4,71.6,6.7,7.1,6.3,6.2,6.7,5.6,68,79.9,74.8,61.7,76.2,12.3,15.6,72281,54130,34333,28488,40729,157843,97.3,93.8,1.9,0.2,0.7,0,0.7,2.7,2.1,67025,3903,1355,188,2104,7313,3388,880,5898,36.6,31.4,42.3,16.8,13.5,20.6,22.3,15.9,29.3,8.6,15.5,0.9,15.7,23.7,6.9,72
Tennessee,Sumner County,64,59.7,68.5,77.1,73.1,81.3,3.7,3.5,3.9,3.5,3.2,3.8,75.6,71.4,80.7,57.6,84.6,7.3,9.8,95192,80134,42000,34929,50789,193036,95.9,84,8,0.2,1.5,0.1,2,4.1,5.4,72638,6033,3484,230,2851,14182,5286,1006,6246,38.2,34.2,42.6,14.7,12.7,16.8,24,17.5,31.1,8.3,15.3,0.8,14.8,20.4,8.7,72
Tennessee,Tipton County,57.1,52.3,62.1,71.6,66.7,76.7,5.2,5.2,5.2,4.6,4.7,4.5,70.1,82,78.5,70.6,81.4,9.4,11.3,79329,69523,41480,34078,47724,60868,96.6,76.2,18.4,0.1,0.7,0,1.1,3.4,2.9,21860,1472,923,87,1048,4505,1876,283,2783,31.3,22.5,41.3,14.7,12.9,16.7,22.2,13.2,32.5,14,25.5,1,17.7,25.9,8.6,50
Tennessee,Trousdale County,52,59.7,47.5,55.8,69.8,47.4,3,2.8,3.2,3.7,3.1,4.3,72.1,81.2,67.8,44.3,49.5,12.4,12.5,69087,63519,36587,36296,37095,11463,95.8,82.6,10.7,0.5,0.2,0,1.9,4.2,3.1,3349,29,225,0,352,321,346,130,278,24.5,22.2,27.6,17.4,17.4,17.4,25.6,23.4,28.6,11.5,15.6,5.9,21,21.4,20.5,50
Tennessee,Unicoi County,51.3,46.8,55.6,67,63.4,70.3,5.2,4.7,5.6,5.6,4.6,6.3,66.4,59.3,73.9,67.9,75,11,15.4,68853,51895,33338,27207,37106,17891,97.1,94.7,0.4,0.2,0.1,0,1.7,2.9,5.6,7583,188,126,0,344,918,272,148,366,31.5,20.5,45,15.3,14.1,16.8,19.2,13.1,26.8,11.1,19.5,0.7,22.9,32.9,10.7,50
Tennessee,Union County,51.1,45.7,56.7,64.5,57.2,72,5.8,6.9,4.9,5,5.8,4.3,60.7,52,80.7,45.6,75.2,13.5,16.3,61839,55446,34469,29247,40769,19597,97.3,96.3,0.6,0,0,0,0.3,2.7,1.8,7411,331,207,34,355,1422,417,149,698,24.9,15.8,35.9,16.1,11.4,21.7,20.9,12.3,31.2,17.1,30,1.5,21,30.5,9.6,50
Tennessee,Van Buren County,48.7,48,49.4,65.1,65,65.2,3.9,4.9,2.9,3.3,3.4,3.1,67.3,64.4,81.9,58.6,67.2,10.7,17.3,67249,48444,32554,21763,35391,6083,96.8,95.3,0.1,0.8,0,0,0.6,3.2,1.1,2412,108,196,10,50,352,143,60,129,27.4,26.4,28.6,21.3,11.6,31.5,14.2,5.9,23.1,12.2,22.8,0.8,24.9,33.3,16,50
Tennessee,Warren County,55.8,49.3,62.2,69.7,63,76.3,3.5,4.6,2.7,3.3,4.5,2.3,65.9,66.2,83.1,53,78.4,13.9,19.1,64424,50346,34218,30727,38658,40801,96.1,88.7,3.1,0.3,0.7,0.1,3.2,3.9,9.4,15790,922,1001,19,855,2268,1358,93,1554,27.4,23.3,32.5,16.5,13.1,20.6,18.4,9.2,30.1,13.4,23.5,0.6,24.3,30.8,16.1,50
Tennessee,Washington County,55.9,52.6,59.3,70.2,66.5,74,5.1,4.8,5.4,4.7,4.1,5.3,69.4,68.9,75.7,58,78.3,10,15.3,78309,57228,34211,28566,40894,132067,96.5,89.5,4.1,0.2,1.7,0,1.1,3.5,3.7,54913,2774,1815,163,1952,6681,3642,498,4363,41.3,38,44.9,17.2,13.6,21.1,22,16.1,28.3,7.9,14.5,0.9,11.5,17.8,4.8,72
Tennessee,Wayne County,43.4,44.8,42.3,54.9,59.6,51.7,5.6,8.1,3.4,4.9,7.2,3,64.3,53,74.6,45.3,53.3,12.4,17.8,70199,49488,34049,30582,37333,16350,97.6,90.5,5.8,0.1,0.4,0.2,0.6,2.4,2.2,5671,288,236,0,299,744,304,48,313,31.7,26.4,38.2,19.7,12.7,28.2,17.1,12.7,22.3,12.7,22,1.5,18.8,26.3,9.7,50
Tennessee,Weakley County,50.9,46.5,55.5,64.8,61,68.6,3.8,4.5,3.2,3.2,3.8,2.7,63.4,66,73.7,55.3,70.6,12.8,19.3,64735,47713,31861,26386,36358,32948,98.1,87.8,7.9,0.3,1.1,0.1,0.9,1.9,2.9,13213,823,499,0,526,1845,666,176,974,34.7,24.7,46,15.9,13,19.1,17.2,12.3,22.8,11.6,20.2,1.9,20.6,29.8,10.2,50
Tennessee,White County,49.6,46.1,53.5,65.2,61.5,69.1,5.8,7,4.6,5.5,7.4,3.6,66.4,69.2,71.5,65.8,71.7,10.5,15.9,61464,48807,31502,26486,37252,27134,97.3,94.5,1.8,0.1,0.3,0.2,0.4,2.7,2.8,10306,564,344,50,429,1547,737,237,812,28,19.8,36.7,17.7,11.4,24.2,19,13.3,24.9,8.8,16.7,0.5,26.5,38.9,13.6,50
Tennessee,Williamson County,66.8,58.9,75.1,79.9,71.4,88.8,2.3,2.5,2.1,2.2,2.5,2,73.2,71.1,74.8,60.6,90.8,2.4,3.9,146924,126976,59450,44026,84731,242386,96,85.8,4,0.2,4.9,0,1,4,5,85311,8769,5761,410,1176,25135,13525,1507,5585,56.4,57.3,55.4,11.3,8.6,14.6,22.5,19.1,26.6,4.1,7,0.5,5.7,7.9,2.9,72
Tennessee,Wilson County,63.2,57.7,68.9,77.2,72.4,82.2,3.8,4.4,3.3,3.4,3.7,3,75.2,79.7,82.4,72.2,84.9,5.7,8.4,105460,89624,47109,38622,56798,144748,95.9,85.1,6.8,0.3,1.8,0,1.9,4.1,4.7,52983,5204,1979,352,2151,11289,3388,885,4235,41.3,37.3,46,13.2,12.7,13.8,24.1,16.7,32.5,7.9,14.3,0.6,13.5,19,7.1,72
Texas,Anderson County,40.2,46.8,36.4,46.6,61,39.9,4,5.6,2.8,4,5.4,2.9,64.5,80.2,75,62.5,41.1,10.6,15.3,64627,54212,33945,26001,43646,58133,92.5,67.7,20.8,0.4,0.8,0.1,2.7,7.5,18.3,16477,696,654,176,1180,2687,1329,35,2417,23.9,18.8,30.9,22,17.9,27.6,21.1,12.8,32.4,14.1,24,0.6,18.9,26.5,8.4,114
Texas,Andrews County,67.9,59.2,76.7,79.6,70.4,88.6,2.9,3.2,2.7,2.9,3.1,2.7,72.7,72.6,87.4,50.5,91.1,10.8,12.3,98668,87765,45684,34307,58676,18184,88.2,74.5,2.2,0,0.5,0.2,10.9,11.8,57.4,6263,470,736,0,414,1687,809,24,900,29.6,26,34.1,18,8.4,30.4,18.3,9.5,29.7,19.8,34.9,0.4,14.3,21.2,5.4,135
Texas,Angelina County,55.3,51.5,59.3,70.4,67.4,73.6,6.3,6.7,5.9,5.1,4.7,5.5,70.7,65.5,81.1,76.4,77.8,12.7,17.3,64900,57091,33357,26080,40898,86584,92.1,73.8,13.8,0.9,1,0,2.7,7.9,22.7,31151,1932,1015,86,2585,6174,1901,244,4791,31.8,25.7,38.5,20.3,16.1,25,20.1,12.2,28.8,12.2,22.6,0.9,15.5,23.5,6.9,116
Texas,Aransas County,45,41.1,49.1,64.1,60.6,67.6,8.2,9.7,6.8,4.9,6.2,3.7,64.6,66.7,73.6,77.2,70.2,14.8,22.5,74224,56145,30536,26557,36366,24149,92.8,86.8,0.2,1.2,1.4,0,3.2,7.2,28.6,10452,230,227,0,567,569,501,0,1862,33.2,29.9,37,21,13.8,29.5,20.9,15,27.7,14.9,26.3,1.6,10,15,4.2,119
Texas,Archer County,60.1,55.4,64.7,76.8,71.5,81.9,3.2,1.8,4.4,3.4,1.5,4.9,72.6,62.6,78.5,84.9,86.2,8.1,11.5,94391,73120,41743,35158,48012,8616,95.6,92.9,0.5,1.2,0.1,0,0.8,4.4,8.4,3371,339,62,7,125,647,169,58,332,35.5,28.8,43.6,15.3,11.8,19.4,20.4,9.5,33.3,16.5,29.9,0.6,12.3,20,3.1,116
Texas,Armstrong County,57.5,50.5,65,78.4,75,81.8,1,1.5,0.6,0.4,0,0.8,75,75,97.3,45.8,83.9,3.6,3.8,87672,77538,49016,38037,61858,1980,96.7,93.6,0.7,1.1,0.2,0,1.2,3.3,8.7,708,47,67,0,17,242,56,9,50,36.4,26.7,47.9,18.8,14.6,23.7,11.7,5.5,19.1,20.3,36.4,1,12.9,16.7,8.3,131
Texas,Atascosa County,54.3,47.8,60.8,69.8,63.2,76.3,6.3,6.2,6.4,6.1,6.1,6.1,67.4,62.5,79.7,69.6,81.3,10.7,12.5,79597,69096,35320,28793,43293,48684,81.4,76.4,0.4,0.2,0.5,0,3.9,18.6,65.3,15899,1546,1009,0,1233,3912,1174,196,2065,27.5,19,38,17.2,11.7,24,20.1,14.1,27.6,20.4,33.7,3.8,14.9,21.5,6.6,154
Texas,Austin County,60.4,52.9,68,75.3,66.3,84.4,5.5,5.4,5.5,5.9,5.6,6.1,70.3,79.2,77.4,52.2,89.9,8.6,9.4,89977,74556,41906,30785,52607,30132,95.6,75.7,8.9,0.1,0.7,0,10.1,4.4,27.9,11841,838,549,15,313,2548,1154,207,587,31.8,28.2,36.4,15.8,11.4,21.3,21.6,11.6,34.1,14.2,24.8,0.7,16.7,23.9,7.5,159
Texas,Bailey County,57.1,40,75.3,70.6,54.9,85.4,2.3,5.3,0.5,2.3,5,0.6,57.7,88.9,43.9,80.3,85.9,3.6,10.9,81884,69808,35308,27914,41330,6968,100,86.7,0.2,0.9,0.7,0,11.4,0,66.5,1952,166,126,0,202,226,428,0,406,19.3,14.7,27.5,5.5,2,11.7,25.2,16.9,39.9,26.7,38.1,6.6,23.2,28.3,14.3,127
Texas,Bandera County,50.7,45.4,56.1,66.1,60.6,71.7,6.7,8.5,5.2,7.6,9.4,5.9,66.9,58.3,76.8,77.1,76.2,9.2,12,84720,70300,35202,26841,42231,20839,91,85.4,1,0.5,0.4,0,3.7,9,20,8383,505,128,9,130,1099,299,22,736,38.1,35.9,40.7,18.7,12.5,26.2,19.6,10.6,30.5,16.2,29.6,0,7.4,11.4,2.6,154
Texas,Bastrop County,59.9,55,64.5,73.2,68.8,77.3,4,4,4,3.9,3.8,4.1,71.5,68.7,71.7,62.8,80.6,8.6,10.9,96475,85390,41090,34368,47002,94887,90.3,62.2,7.4,1,0.8,0,18.9,9.7,40.1,31271,2616,1703,249,1536,6995,3960,349,3288,33.9,28,41.2,16.8,13.7,20.7,18.9,9.7,30.3,16.2,28.8,0.7,14.1,19.9,7.1,166
Texas,Baylor County,49.2,47.7,50.9,65.3,61.1,70.8,3.5,2.9,4.2,4,3.4,4.7,63.3,100,76.6,100,74.3,10.8,15.3,65627,47638,32700,25587,47354,3491,93,85.4,4.1,0.2,0,1,2.2,7,14.2,1509,100,0,0,30,346,24,0,151,33.6,34.9,32.6,19.3,3.4,33.4,20.2,17.7,22.4,14.6,27.4,3.2,12.3,16.6,8.5,116
Texas,Bee County,39.8,50,34.1,45.1,65.5,35.7,7.3,10.9,4,7.9,11.6,4.5,74.1,71.6,72,73.9,37.4,15.7,17.9,67718,53216,33414,26479,39810,31191,85.4,74.1,7.3,0.7,0.2,0,3.2,14.6,59.5,8497,769,181,146,810,2202,601,90,1035,29.6,18.6,42.9,24.9,20.6,30,17.2,13.3,22,13.2,23.9,0.2,15.1,23.6,4.8,119
Texas,Bell County,54.3,53.4,55.2,63.8,63.8,63.8,7.7,7.8,7.6,7.4,7.6,7.2,71.1,69.8,77,66.4,82.7,11.1,14.3,75844,63146,36045,29232,42163,364703,89.6,57.8,23.7,0.6,2.9,0.6,4.1,10.4,25.8,130523,11127,7888,1450,10020,22879,10699,2736,20463,35.1,29.3,41.1,19.2,15.8,22.7,22.2,15.1,29.3,10.4,19.6,1,13.1,20.2,5.9,116
Texas,Bexar County,61,56.4,65.8,72.7,68.2,77.1,5.6,5.7,5.5,5.2,5.5,5,73,68.5,75.9,64,83.6,11.6,15.1,81062,67764,37578,33325,42444,1990522,83.3,64,7.6,0.7,3,0.1,7.9,16.7,60.9,717124,52785,37330,3381,48843,117386,62729,10324,102227,37.4,33.3,42,18.6,16.1,21.6,23.2,16.3,30.9,9.6,17.5,0.7,11.2,16.8,4.8,154
Texas,Blanco County,57.1,52.1,62.1,75.5,70,81.1,4.3,3.6,4.8,4.3,4.1,4.6,72.9,71.8,88.2,75.1,85,10,10.6,86171,77609,38432,33242,45569,11313,89.7,81.1,0,0.5,0.9,0.3,6.9,10.3,20.1,4749,141,86,44,137,718,279,29,230,32.3,29,36.3,17.6,12,24.3,24.4,17.2,32.9,18,32.1,1.2,7.7,9.7,5.3,166
Texas,Borden County,50.3,38.8,62,76,64.6,88,4.4,6.2,3.3,2.9,1.4,4,65.5,0,82.4,84,91.7,2.8,2.4,80501,74665,39141,31883,59269,550,94.2,94.2,0,0,0,0,0,5.8,11.8,196,36,30,0,0,60,0,0,18,39.5,31.9,51.3,7.2,0,18.4,13.8,5.9,26.3,28.2,46.2,0,11.3,16,3.9,135
Texas,Bosque County,53.2,48.8,57.7,71,64.6,77.7,3.8,2.8,4.8,3.7,3.1,4.3,66.7,60.8,79.4,65.8,81.6,10.4,14.5,72858,64668,36205,29304,44446,18275,92.4,87.2,1.8,0.4,0.7,0,2.3,7.6,19.3,7037,290,324,7,392,1111,569,115,693,30.3,25.5,35.7,17.5,12.2,23.5,21.2,8.6,35.4,16.4,30.6,0.4,14.6,23.1,5,117
Texas,Bowie County,52.9,53.5,52.3,65.3,68,62.9,4.1,3.9,4.4,3.9,3.7,4.2,70.6,62,79.9,70.8,65.7,12.6,16.4,79215,59894,39277,33721,45577,92957,96.5,67.7,25.2,0.6,1.3,0,1.7,3.5,8,33983,2021,1289,201,2334,6297,1937,423,4548,31.9,23.9,39.8,19.7,16.5,23,23.5,14.7,32.3,10.5,19.6,1.4,14.4,25.4,3.4,110
Texas,Brazoria County,60.4,55.5,65.1,72.5,68.2,76.6,5.1,4.8,5.3,4.4,3.7,5,70.9,67.6,74.3,69.9,81,5.7,7.4,110419,95874,53941,42211,63661,368575,91.1,63.6,14.9,0.6,6.8,0,5.2,8.9,31.6,124284,13261,8500,274,5037,31917,13924,1147,13692,43.7,37.8,50.8,13.1,9.9,16.9,18.8,12.1,26.9,11.8,20.7,1.1,12.7,19.6,4.4,159
Texas,Brazos County,58.8,56.5,61.1,69.5,67.5,71.5,4.4,4,4.7,3.8,3.7,3.9,70.1,71.2,77.6,62.4,74.8,12.5,23.6,83674,57397,29871,24412,35789,231095,93.3,72.9,11.1,0.3,5.9,0.1,2.9,6.7,26.4,83627,6367,4316,332,4227,11417,6128,858,9615,43.7,41.2,46.3,17.4,13.1,22.3,20.4,14.8,26.5,8.4,15.7,0.3,10.1,15.2,4.6,141
Texas,Brewster County,62.3,55.3,69.2,81.2,77.5,84.8,3.4,3.9,2.9,3.7,4.2,3.4,80.9,93.3,74.1,79.5,87.7,9.3,14.1,75710,53060,42544,36854,44934,9501,90.5,80.7,0.3,0.8,3.9,0,4.8,9.5,45.5,4706,512,21,0,58,493,199,14,77,42.9,44,41.5,22.4,25,19.1,20.7,10.1,34,8.1,13,1.8,6,7.8,3.6,112
Texas,Briscoe County,54.4,43.1,62.3,72.2,63.6,77,1.8,1,2.2,2,1.2,2.4,64.4,100,81.1,80,78.9,16.8,19.3,49731,41931,33392,21165,34659,1266,90.8,85,2.4,0,0,0.9,2.4,9.2,36.4,557,47,3,0,9,68,11,7,28,29,26.3,34.6,12.4,4.8,28.3,23.7,21.2,28.8,25.6,37.9,0,9.4,9.8,8.4,131
Texas,Brooks County,48.9,50.1,47.7,63.7,65.5,62.1,1.7,1.5,1.8,1.8,1.7,1.9,66.6,0,66,93.5,63.4,30.7,37.5,36898,29241,20374,23170,16831,7100,80.7,68.5,1.8,0,0,0.1,10.3,19.3,91.6,2425,106,84,0,114,316,180,17,658,28.2,9.5,46.1,29.7,25.3,33.9,17.9,17.3,18.4,10.7,21.5,0.5,13.4,26.5,1.1,138
Texas,Brown County,54.2,51.4,57.1,69.6,67,72.2,5.2,4,6.4,4.7,3.8,5.5,69.6,74.1,80,66.6,76.8,10.3,13.2,69123,53663,33204,27465,41252,38085,90.5,84.1,3.6,0.4,0.6,0,1.8,9.5,23.1,14651,701,459,153,827,2367,806,211,1488,30,24.8,35.6,19.1,16.2,22.4,20.7,9.6,32.7,10.5,19.5,0.9,19.7,30.1,8.4,107
Texas,Burleson County,53.3,46.5,60.3,68.8,60.4,77.5,5.5,3.3,7.2,6,3.8,7.8,62.8,55.6,67.2,63.9,84.1,8.9,13,84996,69879,41122,30352,45699,17687,91.3,75.6,13.2,0.9,0,0,1.6,8.7,21.3,7178,516,228,0,145,1378,463,78,319,33.2,27,40.9,14.8,8,23.4,18.6,9.6,30,17.4,31,0.4,15.9,24.3,5.4,141
Texas,Burnet County,55.1,51.9,58.4,71.1,66.2,76.2,3.7,3.9,3.4,3.9,3.8,4,68.9,77.5,74.9,47.8,79.6,5.9,7.2,84667,71246,35073,28253,43447,48424,93.8,85.4,1.5,0.3,0.7,0.2,5.7,6.2,22.7,17941,1041,888,18,477,3363,1621,119,1170,31.9,30.4,33.6,20.8,13.4,28.7,23,14.3,32.4,14.3,26.9,0.8,9.9,15,4.5,166
Texas,Caldwell County,56.2,49.7,62.5,68.5,60.8,75.9,2.4,2.1,2.6,2.3,2.2,2.4,62.1,79.2,68.3,36.1,77.8,7.8,13.3,77694,69084,36810,28602,43126,45286,83.9,69.7,5.2,0.6,0.9,0,7.4,16.1,54.1,14315,1116,869,92,803,2105,2142,94,1691,28,23.7,33.5,20.8,18,24.4,20.9,11.5,33.1,17.5,30.3,0.9,12.8,16.4,8,166
Texas,Calhoun County,60,53.3,66.3,77.7,69.5,85.1,4.1,3.7,4.4,3.5,3.8,3.3,72.2,46,88.1,81.5,88,6.3,9.7,81674,67457,41414,33073,52957,20367,86.5,74.8,2.6,0.3,4.5,0,4.3,13.5,49.8,7748,777,384,0,278,1493,343,10,1029,31,21.1,44.2,17.6,15.2,20.8,15.3,5.7,28.1,18.5,30.9,1.9,17.6,27.2,4.9,119
Texas,Callahan County,54.6,50.4,59,69.1,60.7,77.9,4.5,2.9,5.9,4.2,2.6,5.4,62.3,56.5,73.8,54.8,82.3,4.7,8.3,70826,60844,32751,27537,43016,13781,94.7,92,1,0.1,0.4,0,1.3,5.3,10.3,5247,326,407,0,116,905,362,89,242,36.6,27.2,47.2,14,7.7,21,21.6,17.2,26.7,13.8,25.9,0,14.1,22,5.2,107
Texas,Cameron County,53.7,48.2,59.6,68.6,61.9,75.5,6,5.9,6,5.6,5.4,5.7,65.5,69.4,70.8,55.3,80.2,23.1,26.3,55002,46932,28050,23216,32433,420554,80.8,73.7,0.6,0.2,0.7,0,5.6,19.2,90,130030,10131,9303,1141,13429,24441,18144,2988,28060,29.1,24.8,34.1,26.4,20.9,32.8,21.5,16.6,27.2,10.6,19,0.8,12.3,18.7,5,123
Texas,Camp County,52.9,50.4,55.7,67.7,64.1,71.8,8.2,9.2,7.1,7.3,7.8,6.8,69.5,64,83.8,64.6,77.1,15.4,19.5,67561,55532,35348,25484,49348,12498,94.6,69.9,15.6,0.2,0.7,0,8.1,5.4,26.2,4385,398,210,18,413,954,431,60,491,29.1,19.4,38.8,16.1,13.1,19.1,18.8,10.7,26.9,12.2,23.9,0.6,23.8,32.9,14.8,114
Texas,Carson County,62.3,55.4,69.5,81,76.1,86.2,2.2,4.4,0.3,1.9,3.6,0.3,78.9,68.5,93.4,37.6,86.5,3.3,8.8,116774,83697,48054,34310,66122,5856,98.1,91.8,1,2.5,0.3,0.4,2.2,1.9,10.6,2282,215,118,0,61,594,82,0,189,46.7,42.4,51.8,11.9,10.2,13.9,19,11.4,28.1,9.8,16.3,2,12.7,19.7,4.2,131
Texas,Cass County,47,44.4,49.9,64.2,61.5,67.1,8.8,8.3,9.2,7.7,7.4,8,66.5,82.6,66.9,73.7,73,13.1,18.4,63996,54092,35986,29885,43031,28692,97,77.5,17.3,0.2,0.7,0,1.3,3,5,11371,629,304,9,776,1441,927,75,638,30.9,23.4,38.4,17.5,10.6,24.4,19.8,10.7,28.9,10.8,21.4,0.2,21,33.8,8.1,110
Texas,Castro County,64.2,52.8,75.4,74.4,62,85.8,4.1,5.5,3,4.8,6.5,3.7,66.3,77,85.3,74.6,89,12.5,11.4,64559,58371,39251,33880,43137,7450,81.7,74.6,1.2,0.5,1.3,0,4.1,18.3,65.5,2417,252,133,33,227,568,259,102,457,34.2,30.2,40.1,18.6,16.9,21.1,16.9,8.8,28.9,13.9,22.1,1.7,16.4,22,8.1,131
Texas,Chambers County,60.8,50.8,70.9,70.8,57.3,84.2,8.4,7.9,8.8,7.8,8,7.7,62.3,64.5,62.4,71,91.7,12.5,15,130461,102141,51447,38026,70458,45257,93.7,79.2,7.6,0.1,0.7,0,6.1,6.3,24.2,14905,1683,1025,0,751,3367,1970,136,1798,41.2,32.2,53.4,13.3,11.3,16.2,15.8,9.2,24.9,13.7,22.9,1,16.1,24.5,4.5,159
Texas,Cherokee County,52.5,48.5,56.3,65.1,61.2,68.6,6.6,7,6.3,6.1,6.9,5.4,65.7,65,71.4,58.9,72.6,12.4,14.8,65026,59102,32285,25184,43376,50564,91.8,72.4,13.8,1.6,0.5,0,3.6,8.2,23.9,18173,1178,1321,36,1041,3593,1940,18,1967,31.2,25.2,38.5,16.5,13.9,19.7,19.5,10.1,31.1,14.4,24.5,2,18.3,26.2,8.7,114
Texas,Childress County,50.5,62.4,44.6,55.4,76.6,46.6,7.2,3.5,9.6,5.9,1.5,8.7,77.8,50,95.7,56.6,51,12.9,13.1,63397,57870,34991,24609,44086,6784,88.5,74.3,8.8,0.4,0.1,0,5,11.5,34.2,2070,45,133,29,116,400,54,15,157,32.2,31.4,33.4,16,10.9,23.5,19.1,8.3,34.8,20.4,34.4,0,12.3,15,8.3,131
Texas,Clay County,56.7,51.6,61.8,73.3,67,79.4,1.8,2,1.6,2,2.2,1.8,68.5,55.1,73.8,57.1,81.5,6.2,10.3,90436,76264,50433,38664,63420,10236,95.2,92.8,0.4,0.9,0.9,0.1,0.1,4.8,6.9,4119,233,86,1,69,650,260,19,384,34.9,26.6,45,12.2,10,14.8,20.4,11.7,31,14.3,24.1,2.5,18.2,27.7,6.7,116
Texas,Cochran County,55.5,47.7,63.1,71.4,61.8,80.2,8.4,10.5,6.9,6.9,7.6,6.4,66.8,76.2,71,45.7,85.6,19.9,27.1,52397,41641,38431,27591,43925,2553,77.1,65.5,6.1,0.3,0.1,0,5.2,22.9,59.7,973,47,74,0,56,226,135,0,64,29.6,23.6,37.7,10.5,5.5,17.4,20.6,8.7,36.7,21.8,32.6,7.2,17.5,29.7,1.1,127
Texas,Coke County,51.4,50.4,52.6,74.4,75.7,73.1,2.8,2.7,3,3.3,3.1,3.5,78.1,100,78.4,46.7,75.7,4.7,14,77273,46477,32648,24397,45966,3288,94.1,87.8,1,0.2,0,0,5,5.9,22.6,1384,93,28,0,10,196,111,0,88,30.9,19.1,41.7,23.1,17.5,28.1,16.4,6.3,25.4,17,35.8,0,12.6,21.2,4.9,112
Texas,Coleman County,51.5,49,53.9,70.4,68.1,72.5,6.6,2.1,10.1,7.5,2.3,11.7,69.7,53.2,87.5,94.1,82.2,14.2,17.7,62216,51465,34324,28429,37459,7848,91.7,82.8,2.6,0.8,1.2,0,4.3,8.3,18.1,3222,113,105,0,145,647,60,4,159,38.9,33.2,45.3,18.4,12.8,24.8,18.4,14.7,22.5,9,15.8,1.2,15.4,23.4,6.2,107
Texas,Collin County,67.4,59.6,75.5,78.4,70.1,86.8,4.3,4.5,4.1,4,4.4,3.7,73.4,65.5,73.8,61.4,90.2,4.7,6.5,133925,113716,59378,46756,75472,1039812,92.8,62.9,10.1,0.4,16.3,0.1,3,7.2,15.6,369168,34505,24663,1464,10687,94440,49897,4680,28701,54.9,54.8,55.1,12,10,14.6,21.2,16.7,26.6,5.2,9.1,0.5,6.6,9.4,3.2,162
Texas,Collingsworth County,62.9,60.4,65.9,76.2,74.6,78,4.6,6.1,3,4.3,7.4,0.9,80.6,94.7,72.6,75,78.7,22.9,20.6,61241,46266,27464,26596,29870,2948,88.2,69.7,9.3,1.8,0,0.8,6.6,11.8,31.5,1053,21,24,0,69,209,104,47,110,31.9,25.2,38,21.6,20.4,22.7,23.3,11.1,34.5,14.4,28.3,1.5,8.9,15.1,3.3,131
Texas,Colorado County,54.2,47.9,60.6,73.5,67.4,79.4,4.5,1.5,6.7,3.6,1.4,5.3,68.4,90.3,73.7,57.4,83.8,4.3,8.9,72149,60980,36948,28875,45214,20559,97.4,68.3,12.5,0.2,0.7,0,15.6,2.6,31,6999,539,503,0,247,1079,1005,13,668,37.2,28.3,48.3,13.2,9.7,17.6,20.3,14.9,27.1,14.9,24.7,2.7,14.3,22.3,4.3,159
Texas,Comal County,58.5,51.4,65.8,73.9,65.6,82.2,3.6,3.5,3.6,3.3,3.3,3.2,68.1,74.5,73.9,60.1,85.9,4.3,6.7,110749,93644,48204,40254,54700,156257,90.8,84.1,2.3,0.3,1.3,0.1,2.9,9.2,28.3,60714,4192,2925,557,1249,11399,6821,773,3262,45.3,40.2,51.8,13.7,12.4,15.4,21.7,16.3,28.6,8.6,15.1,0.5,10.6,16,3.8,154
Texas,Comanche County,55.5,54.7,56.3,73.6,72.3,75,7.5,2.7,11.7,7.3,2.7,11.4,74.3,63.8,84.3,56.7,84.6,8.9,13.4,76176,60760,35132,30820,39673,13540,84.3,80.2,0.5,0.8,0.4,0,2.4,15.7,28.8,5138,271,228,0,306,1066,414,6,483,35.1,25.9,44.5,14.2,10,18.5,18,8.8,27.4,16.6,32.1,0.8,16.1,23.3,8.8,107
Texas,Concho County,34.3,50.8,23.9,43.1,78.5,24.7,1.3,2.2,0,0.1,0.2,0,78.7,50,59.4,100,24.7,6.6,13.7,65218,50924,27262,29365,18939,3181,90.7,85.5,2,0.5,0.5,0,2.1,9.3,34.6,803,108,6,0,5,205,23,0,178,40.1,23,52.8,15.1,9.1,19.5,17.9,8.4,25,23.3,52.2,1.7,3.7,7.3,0.9,112
Texas,Cooke County,61.5,54.3,68.8,76.9,68.5,85.3,3.8,4.1,3.5,4,4.6,3.5,71.8,72,77.6,70.7,88.4,10.8,14.1,88649,69038,40730,34304,48007,41215,92.1,86.3,2.8,0.8,0.8,0,1.3,7.9,18.7,16106,1067,899,16,821,2949,979,217,1328,30.6,23.7,39.1,17.1,13.8,21.3,18.2,11.2,26.9,13.9,23.1,2.4,20.2,28.3,10.2,117
Texas,Coryell County,40,39.6,40.4,45.3,45.3,45.3,6.1,7.1,5,5.9,6.9,4.8,52,55.9,74.5,60.9,75.9,7.9,10.8,71838,63671,32540,27957,35149,81692,87.5,67.3,14.2,0.8,2.1,0.7,2.4,12.5,19.3,23954,2137,2352,88,1305,4920,1916,844,2561,33.5,29.2,37.9,19.4,16.8,22,22,11.8,32.4,10.6,20.4,0.6,14.5,21.7,7.2,116
Texas,Cottle County,62.9,60.2,66.1,81.8,82.6,80.8,3.8,2.5,5.2,2.5,1.6,3.8,83.9,66.7,95.9,85.3,84,18.4,23,57770,47583,30170,23399,36958,1560,87.8,73.3,7.1,0.1,0,0,7.2,12.2,20.6,654,35,2,0,117,123,2,0,92,25.8,22.6,28.6,29.1,17.8,39.1,21.5,15.5,26.9,15.7,33.2,0,8,10.9,5.4,116
Texas,Crane County,59.3,40.6,77.5,73,50,91.9,3.5,5.5,2.4,4,6.9,2.7,53.7,38.1,75.3,41.6,94.4,3.8,5.4,85326,73906,46479,28079,60624,4654,92.7,49.2,1.2,0.3,3.2,0.1,38.7,7.3,65.6,1614,146,205,0,52,579,301,0,60,23.8,16.6,38,15.7,11.7,23.5,18.5,10.5,34.3,26,38.3,1.8,16,22.8,2.5,135
Texas,Crockett County,64.7,67,62.6,82.5,84.7,80.3,1.6,0,3.1,1.8,0,3.5,84.7,100,87.9,100,83.3,8,7.3,59407,57477,36898,31521,51641,2939,98,47.3,1.6,0,0,0,49.1,2,60.5,1297,72,0,26,0,219,19,0,71,26.1,17.6,34.5,15.4,10.5,20.4,14.9,0,29.7,26.6,47.5,5.7,17,24.4,9.7,112
Texas,Crosby County,58.2,49.5,66.7,74.5,65.8,83.3,4.7,5.7,4,4.5,4.7,4.4,69.1,76.3,83,66.2,87.1,18,23.4,62383,48291,28796,23197,36837,5265,92.2,77.4,4.1,0,0.6,0.3,9.7,7.8,56.7,1934,100,59,0,148,304,133,18,302,25.1,17.5,35.6,23.5,21.7,25.8,19,10.3,31.1,18.2,31.6,0,14.2,19,7.6,127
Texas,Culberson County,44.7,40.5,48.1,53.9,51.1,56,12.5,1,19,14.5,1.2,21.9,51.7,100,22.2,0,71.6,26.2,28.1,44201,37321,25262,18384,26535,2209,81.1,71.9,0.1,4.1,0.9,0,4.1,18.9,82.9,634,45,0,0,177,50,25,0,249,27,27.1,26.9,29.9,11.6,56.3,3.3,0,8.1,22,37.1,0,17.9,24.2,8.7,112
Texas,Dallam County,71.7,61.1,80.7,82.2,69.9,93.3,2.5,4.5,1.2,2.2,5,0.3,73.5,55.6,87.6,70.8,93.6,6.4,15,77877,66565,35194,21736,46652,7135,89,79.1,0,0.5,0,0,9.3,11,47.1,2367,247,253,0,171,629,428,0,193,24.8,22.3,28.6,16.7,12.9,22.6,17.6,8.6,31.6,12.4,20,0.6,28.5,36.3,16.6,131
Texas,Dallas County,65.4,58.5,72.5,76,68.9,83.2,5.2,5.8,4.6,4.8,5.5,4.1,72.9,65.9,71,62.2,87,11.1,14.2,80340,70862,40910,35412,44975,2604722,90.2,51.8,22.5,0.5,6.6,0,8.8,9.8,40.7,947046,70093,57124,3042,65786,141812,103002,8289,139912,36.9,33.5,41,16.3,12.9,20.3,21.6,15,29.4,11.4,20.3,0.9,13.8,18.3,8.4,157
Texas,Dawson County,45.2,51.5,40.2,51.9,65.3,43,8.2,7.6,8.7,8.5,7.7,9.3,70.7,76.1,72.4,70.9,47.4,19.3,22.5,61539,46628,28436,23095,39837,12371,84.1,63.5,8.4,0.8,0.1,0,11.2,15.9,58.6,4214,254,201,65,418,739,337,20,732,28.2,22.4,34,21.3,14.3,28.4,20.3,10.8,29.9,17.7,34.8,0.6,12.5,17.8,7.1,135
Texas,Deaf Smith County,64.1,50.8,77.6,76.3,61.6,90.5,3.6,5.1,2.6,2.6,2.9,2.3,63.5,58.5,69,50.9,92.7,12.1,15,56506,54076,35339,25842,42153,18675,85.9,76.5,0.8,0.7,0.9,0,7,14.1,74.4,6064,452,779,0,385,968,1297,29,852,22.5,15.5,33,14.9,11.4,20,18.1,11.4,28,20.1,29.7,5.7,24.5,31.9,13.3,131
Texas,Delta County,55.6,52.6,59.1,69.6,67.4,72.2,4.2,1.7,6.7,4.7,2,7.5,68.8,82.9,87.6,80,78,10.1,15.9,83238,63988,39752,37905,47415,5251,93.2,83.6,8.5,0,0.3,0,0.7,6.8,8.9,2057,317,97,0,13,552,22,52,76,40.3,34.3,46.1,14.7,12.9,16.4,19.9,7.3,32,12.8,25.9,0.3,12.3,19.5,5.3,110
Texas,Denton County,69.3,63.6,75.3,80.2,74.2,86.4,4.1,3.9,4.3,3.7,3.5,3.9,76.9,72.7,77.7,65,90,4.5,7.2,126765,104929,53727,42979,63999,885012,91.7,68.2,10.3,0.5,9.5,0.1,3.1,8.3,19.6,321447,31770,17447,710,10069,76326,33072,3363,25975,49.6,48.2,51.3,12.4,10.2,15,22.8,18.3,28,5.7,10.1,0.7,9.4,13.2,5,162
Texas,DeWitt County,46.7,45.5,47.9,59.9,62.2,58.2,6.3,4.2,8,5.3,4.3,6.1,65.2,73.8,69.2,62.1,62,13.3,16.1,74634,63082,37197,29394,46196,19834,94.9,62.3,8.1,1.4,0.1,0,22.9,5.1,36.2,6610,525,548,14,329,1514,748,60,246,28.4,20,38.3,15.2,9.7,21.7,22.9,13.6,34,15,27.6,0.1,18.5,29.2,5.9,119
Texas,Dickens County,42.3,33.5,49.9,53,48.9,55.8,8.9,9.8,8.4,8.8,5.8,10.5,52,16.7,83.9,17.4,62.4,10.4,14.9,62062,46043,28158,24385,33101,1569,96.5,83.7,2.1,0.3,0.5,0.3,9.5,3.5,33.8,635,20,70,0,0,84,43,0,59,29.6,20.8,44.8,20.2,17.1,25.6,12.6,8.3,20.2,23.3,36.8,0,14.3,17.1,9.4,127
Texas,Dimmit County,38.8,41,36.4,46.1,46.4,45.7,5.9,4.4,7.8,6.2,4.5,8,48.6,51.4,74.2,13.2,49.7,36.8,46.5,29888,27250,23027,21744,32864,8840,69.1,60.4,0.2,0.2,1.6,0,6.7,30.9,87.8,2902,18,26,0,706,377,73,15,902,19.9,22.6,17.8,31.2,14.3,44.9,26.7,13.5,37.4,12.1,27.1,0,10.1,22.6,0,111
Texas,Donley County,54.2,48.8,59.9,70.2,64.1,76.6,0.1,0.1,0,0.1,0.2,0,64.3,71.2,85,72,76.6,7.8,13.1,73626,57648,34697,32952,36229,3266,97.4,87.6,6.8,0.2,0.2,0,2.5,2.6,11.8,1193,41,42,0,89,209,30,14,111,31.3,25.8,37.4,20.8,17.1,25,19.8,12.5,28.1,20.2,30.5,8.3,8,14,1.2,131
Texas,Duval County,48.4,41.2,54.9,59.7,52.9,65.2,10.3,12.2,8.9,9.4,11.9,7.7,60.1,66.7,89.6,24,70.6,18.6,23.6,66485,47781,29626,18885,35621,10001,84.9,82.8,1,0.4,0,0,0.7,15.1,89.3,2842,91,203,0,490,366,308,24,765,24.9,22.6,28.3,23.4,13.6,37.9,19.2,11.4,30.5,21.5,34.9,1.9,11,17.5,1.5,138
Texas,Eastland County,49.5,43.4,55.4,65.2,58.4,71.6,5.5,3.8,6.7,5.3,3.9,6.3,60.8,54.2,71.9,67.5,76.5,13.2,18.7,66455,47909,34126,25646,41427,17785,93.7,88.9,2.2,0.5,0.4,0,1.6,6.3,17.1,6697,615,283,25,160,1060,379,117,606,35,35.6,34.3,18.5,12.9,25.9,18.3,6.7,33.3,14.6,25.5,0.6,13.5,19.4,6,107
Texas,Ector County,63.4,51.1,75.3,73.4,59.8,85.9,6.1,8.8,4.4,5.9,8.6,4.1,65.4,57.8,72.1,57.2,89.7,11.4,14.1,80034,70823,45752,33132,57508,161258,88.7,66,4.8,0.7,1.2,0.1,15.9,11.3,62.7,59019,4328,5529,135,5057,11601,8839,286,8177,25.6,19.8,34.4,14.1,8.3,23,21.4,12.8,34.5,18.2,29.1,1.4,20.8,30,6.8,135
Texas,Edwards County,57.7,58.6,57.1,74.5,70.3,79.3,0,0,0,0,0,0,70.3,50,100,100,79.3,14.1,13.1,47780,43600,19168,15202,22967,1366,99.8,98.8,0.1,0.1,0,0,0.7,0.2,45.3,558,26,0,0,0,42,0,0,68,22.1,28.6,13.2,35.2,21.8,53.6,10.6,0,25,29.2,44.6,8.2,2.9,5,0,111
Texas,Ellis County,65.3,58.5,72.5,78,70.8,85.3,4,4.3,3.8,3.6,3.8,3.4,73.6,74.8,81,64.7,88.4,6.3,8.2,104845,92946,45248,36719,54560,187984,91.8,73.8,11.3,0.6,0.7,0,5.3,8.2,27.2,62708,6217,3908,303,2878,16876,6892,531,7674,37.2,31.4,44,13.5,11.4,15.9,23.2,16.2,31.6,10.9,19.1,1.1,15.3,21.9,7.4,162
Texas,El Paso County,56,50.5,61.7,68,63,73.1,6.8,7,6.5,6.3,6.7,6,68.3,60.6,72.6,61.4,83.7,16.6,19.3,61813,55502,30875,25776,35556,860485,79.6,59.6,3.2,0.6,1.2,0.2,14.9,20.4,82.9,288186,19987,19744,1522,23097,49553,33308,4230,49523,32.1,27.9,37,20.9,17.1,25.5,23.8,17.4,31.3,9.9,17.8,0.5,13.3,19.8,5.7,112
Texas,Erath County,57.8,50.7,65.5,70.8,64.4,77.3,5.6,5.2,5.9,5.2,4.2,6.1,67.5,64.3,79.8,76.1,82.3,7.9,16.9,82837,61793,30797,24545,38254,42288,96.5,86,1.4,1.4,1.1,0.1,6.4,3.5,21.7,14926,1002,650,27,1082,2605,953,42,1444,34.9,28.9,42.1,17.9,13.8,22.7,21.1,13.3,30.4,12.8,22.8,0.8,13.3,21.1,4,162
Texas,Falls County,41.7,36.3,48,50.9,43.7,59.2,8.1,7.4,8.6,8.9,8.3,9.5,47.7,59.2,81.8,48.2,65.8,20,22.9,63378,38496,32817,33558,32303,17074,92.9,65.4,22.6,0.4,1.7,0,2.8,7.1,24.3,5419,243,499,0,316,844,624,74,528,28.6,21,37.5,17.3,12.5,22.8,20.7,10.4,32.6,13.9,25.8,0.1,19.5,30.3,6.9,117
Texas,Fannin County,51.4,50.3,52.4,63.4,64.2,62.7,4.8,6.4,3.5,5.2,6.9,3.8,68.9,66.2,74.9,55.3,65.2,8.4,12.8,82150,65058,40514,34037,47176,35453,95,86.2,5.9,0.7,0.5,0.1,1.7,5,12.1,12470,749,749,43,469,2230,1415,58,913,34.3,28.3,41.5,16.7,11.8,22.4,22.2,15,30.8,13.8,24.6,0.9,13,20.3,4.3,117
Texas,Fayette County,53.1,49.8,56.6,70.8,65.5,76,3.5,3.3,3.7,3.1,2.8,3.4,67.4,86.5,74.9,89.1,78.7,6.9,9.8,89127,72620,38545,31021,44545,24445,97.2,86.8,6.2,0.1,0.5,0,3.6,2.8,21.9,8720,992,161,0,203,2020,595,52,448,29.2,24.4,34.4,15.1,7.8,23.1,21.4,13.9,29.4,14.9,26,3,19.4,28,10.1,166
Texas,Fisher County,62.1,53,70.3,80.6,76,84.1,3.8,4.1,3.6,3.5,4.6,2.7,79.7,85.2,80,91.9,86.5,11.5,11,76755,60890,38513,28130,46240,3720,89.9,83.4,2.1,0.5,0.2,0,3.7,10.1,29.1,1533,183,13,2,48,339,28,28,62,38.2,32.7,46.1,12.8,6,22.7,17.1,9.3,28.6,15.5,26.1,0,16.4,25.8,2.5,107
Texas,Floyd County,56,53.2,58.8,73.2,71.3,75.1,4.5,3.1,5.7,4.7,2.8,6.4,73.4,76.6,95.2,54.6,80.3,12.7,13.3,63583,58868,32598,24346,42514,5478,92.6,83.3,4.7,0.1,0.2,0,4.2,7.4,59.3,1894,147,129,0,109,422,141,31,305,24.7,21.2,28.4,23.7,7.7,41.2,20.7,12.9,29.1,16.3,31.3,0,14.6,26.9,1.3,127
Texas,Foard County,50,48.6,51.4,70.4,75.3,65.1,10.1,3.5,15.5,9.8,4.1,15.9,78.5,100,60,0,77.4,10.4,12.3,47688,41070,27795,22562,41518,1087,80.6,74.8,0.1,0.7,0.8,0,4.1,19.4,21.6,471,58,0,0,3,0,18,30,15,47.7,44.6,51.1,22,11.3,33.6,2.8,0.8,4.9,12.5,24.2,0,14.9,19.2,10.3,116
Texas,Fort Bend County,63.3,57,70,75.4,68,83,5.5,5.2,5.6,5.1,5.1,5.2,71.7,62.9,76.7,63.5,87.7,5.7,7.2,123489,111823,52128,41407,64940,806497,91.4,44.8,20.2,0.3,21,0,5.1,8.6,24.9,259106,29634,19130,1156,10479,80005,34058,2660,26388,50.9,48.7,53.5,12.4,9.6,15.6,21.7,17.7,26.4,6.1,10.9,0.5,8.9,13,4,159
Texas,Franklin County,56.2,56.5,55.9,74.4,74.5,74.2,6.6,3.6,9.7,4.2,2.5,5.9,76.5,86.9,86.5,72.7,78.8,4.6,8.7,74912,66916,39392,33909,45065,10413,93.5,83.3,4.8,0.1,0,0,5.2,6.5,15.3,3546,335,140,42,132,1050,360,9,182,41.4,31.9,50.4,15.4,13,17.7,18,11.3,24.5,9.4,18.9,0.4,15.8,24.9,7.1,110
Texas,Freestone County,46.2,44.4,47.9,59.7,59.6,59.8,2.7,2.6,2.8,2.5,2.5,2.5,61.1,76.3,73.4,60.7,61.4,9.8,13.3,81089,60942,40407,33385,53859,19478,91.4,75.5,14.9,0.2,0.4,0,0.5,8.6,16.4,6567,435,334,0,470,1175,694,67,662,27.6,21.7,34.7,21.9,11,34.9,18.5,11,27.5,15.3,28,0.2,16.6,28.3,2.7,117
Texas,Frio County,45.4,43.5,46.5,51.8,55.9,49.6,5.1,4.4,5.6,5.9,4.9,6.4,58.8,62.2,61.7,77.5,53,20,25,67220,63717,31299,22123,40648,18428,83.9,72.2,4.1,0.2,1.1,0,6.4,16.1,79.8,4763,255,123,0,443,607,298,36,1101,19.3,12.4,31.2,25.7,18.6,37.9,15.6,10.7,24,22.7,35.9,0,16.8,22.4,7,154
Texas,Gaines County,58.7,35.1,80.7,67.4,41.3,91.9,3.3,7.3,1.6,3.1,6.9,1.4,44.4,50.1,40.3,28.7,93.1,12.2,14,87507,73824,43915,27580,56411,21167,91.8,85,2.2,0.7,1,0,2.9,8.2,42.4,6775,353,1656,0,571,1028,2415,93,718,26.2,21.3,38.5,12.9,5.9,30.1,15.3,11.8,24,29.9,40.8,3.1,15.6,20.2,4.4,135
Texas,Galveston County,60.1,54.7,65.8,72.9,67,78.9,5.7,6.1,5.4,5.4,5.7,5.1,71.2,69,77.8,63.9,83.6,7.9,10.8,107448,86468,48413,39228,60332,347084,90.9,72.3,12.3,0.3,3.4,0,2.6,9.1,25.5,131877,9791,6950,435,5636,25661,11948,1083,13543,43.9,39.2,49.3,16.2,12.9,20,19,13.7,25.1,8.5,15.3,0.7,12.4,18.9,4.9,159
Texas,Garza County,34.3,37.8,32.3,42.5,51.9,37.9,6.9,0.9,10.5,7.3,0.9,11.1,52.4,89.5,71.8,13.5,42.7,8.3,13.8,88140,70709,39739,29002,46792,5734,89.2,72,7.3,0.6,2.3,0,7,10.8,49.9,1705,78,73,0,0,278,215,0,27,28.2,15,48.3,16.1,13.7,19.7,14.8,7.2,26.2,12.3,20.5,0,28.6,43.6,5.9,127
Texas,Gillespie County,54.9,49,61.2,77.3,71.7,83.2,4.7,5.5,4,4.2,5.4,3,75.8,64.3,84.3,76.9,85.8,8.6,11.2,91685,70237,33295,28212,39267,26730,95,88,0.2,2.5,0.4,0,4,5,24.2,11205,607,520,0,295,1664,556,154,883,34.8,27.7,43.1,20.4,17.9,23.2,20.6,14.8,27.4,13,23.6,0.9,11.1,16.1,5.4,154
Texas,Glasscock County,58.3,32.5,78.4,68.3,41.2,88.2,0,0,0,0,0,0,41.2,18.2,100,0,88.2,11.1,12.4,88989,93105,41154,25596,41693,1221,81.2,62.3,0,0,0,0,18.9,18.8,44.1,457,10,77,0,0,48,46,0,17,38.2,34.4,49.7,12.6,4.2,38.6,4,3.6,5.5,22.4,29.6,0,22.9,28.2,6.2,135
Texas,Goliad County,51.7,46.8,56.7,70.1,63.7,77.1,3.8,2.4,4.9,4,2.6,5.3,65.4,57.8,76,82.3,81.4,6.7,10.8,93406,57045,41738,37491,52201,7085,90.9,83.2,4.9,0.3,0.2,0,2.3,9.1,36.2,2671,170,105,38,68,537,211,78,232,34.9,26.5,44.5,10.3,9.1,11.7,21.8,9.7,35.7,17.4,31.8,0.7,15.6,22.8,7.3,119
Texas,Gonzales County,58,52,63.9,73,68.5,77.2,0.8,0.6,1,0.9,0.6,1.1,68.9,66.6,79.2,62.2,78,10.3,13.9,69149,60711,38672,31316,47786,19720,89,65.2,6.8,0.1,0.7,0.2,16,11,51.8,7496,636,444,29,392,1255,685,175,1054,21.6,18.3,25.8,15.4,9.7,22.4,20.8,10.8,33.2,15,25.5,1.9,27.2,35.7,16.7,119
Texas,Gray County,55.8,53.6,57.6,66.2,65.7,66.6,5,4.8,5.1,4.7,4.7,4.7,68.9,52.7,87.8,73.4,69.9,13.6,16.3,70051,55192,33986,28315,40182,21398,94.5,80.1,5.1,1.9,1.1,0.3,6.1,5.5,30,7881,619,352,44,496,1917,519,234,435,27.5,19.6,37.5,17.6,12.4,24.2,20.9,15.1,28.2,17.8,29.6,2.9,16.2,23.3,7.2,131
Texas,Grayson County,60.1,55.5,65.1,75.5,70.2,81,3.9,4.8,3.1,3.9,4.9,3,73.7,74.8,84.1,67.7,83.6,8.6,12,81739,67665,37840,31175,44265,134205,92.5,82.4,5.6,0.7,1.6,0,2.2,7.5,14.2,51021,3519,2170,209,1982,9826,3370,708,4594,30.3,24.4,36.7,18.2,14.4,22.4,23.5,15.9,31.8,11,20,1.1,17,25.3,8,117
Texas,Gregg County,59.2,54.1,64.7,72.4,67.7,77.2,3.7,2.9,4.5,3.6,2.6,4.5,69.5,71,74.5,56.2,81,12.7,17.3,73721,61657,35544,28693,44654,123744,89.9,67.4,19.5,0.1,1,0.1,1.8,10.1,19.4,46654,2392,2405,347,3675,7179,5326,573,6341,31.8,25,39.4,16,12,20.3,23.2,14.7,32.7,11.3,20.7,0.8,17.7,27.6,6.8,114
Texas,Grimes County,46.9,48.3,45.8,57.8,63.3,53.7,4.9,4.6,5.2,3.9,4.4,3.5,66.2,65.4,72.3,61.4,55.7,12.8,16.7,81540,64404,33891,23911,44385,28878,91.3,70.8,14.7,0.3,0.4,0,5.1,8.7,24.5,9469,570,526,0,483,1484,1071,10,1158,33.2,28.6,38.7,16.4,12.3,21.4,19.6,9,32,15.2,27.3,0.9,15.6,22.9,7.1,141
Texas,Guadalupe County,60,55.8,64.4,73.2,68.9,77.6,4.4,3.6,5.1,4.3,3.5,5,72.3,71.5,75.1,65.3,84.2,7.4,9.2,98011,87251,43701,36071,51391,169477,87.2,69.4,8.6,0.2,1.7,0,7.3,12.8,38.7,58439,5140,3299,249,2584,11461,6661,954,6799,34.6,30.7,39,15.4,13.2,17.8,23.8,15.6,32.9,10,17.8,1.2,16.2,22.6,9.1,154
Texas,Hale County,57.5,50.4,63.7,68.5,62.3,73.6,4.5,5.7,3.6,4,4.3,3.8,65.1,70.1,79.5,70.2,76.6,12.9,17,62255,53027,33836,27194,40698,32879,85.8,74,4.3,0.2,0.4,0,6.9,14.2,60.6,11070,868,529,13,570,2271,1211,113,2144,26.9,22,33.8,19.3,15.9,24.2,21,13.1,32.3,13.2,21.7,1.3,19.5,27.4,8.4,127
Texas,Hall County,52.3,47.6,57,65.6,59,72,9.7,9.7,9.7,9.5,8.2,10.6,64.2,53.7,77.9,47.5,80.5,10.2,17.3,52500,45199,31630,33206,30034,2875,86.5,71.3,5.7,0.6,0.2,0,8.9,13.5,34.5,1132,36,23,0,71,207,59,16,134,28.6,22.8,35.4,23.3,19.1,28.2,15.6,4,29.1,20.7,36.7,2,11.8,17.4,5.2,131
Texas,Hamilton County,48.5,41.9,55,68.1,60.9,75.1,3.7,1.5,5.4,1.9,0.5,3,61.2,53.1,81.7,39.9,77.5,15.9,21,67883,47993,30748,25089,36319,8211,93.8,91.9,0.3,0.2,0.1,0,1.3,6.2,13.6,2910,103,295,0,74,598,275,15,223,27.5,23.8,32.3,24,12.3,39.2,18.3,13.6,24.4,13.9,23.1,1.8,16.3,27.1,2.2,116
Texas,Hansford County,54.6,49.9,59.1,71.9,64.9,78.3,11.3,6.3,15,10.8,6.8,13.6,69.7,68.4,78.3,41.8,90.7,8,9.3,69488,51775,33930,26829,47323,5332,91.3,85,0.2,0.7,0.1,0,5.4,8.7,48.6,1764,154,160,0,77,635,242,15,119,40.7,39.5,42.2,16.1,9.1,24.9,20,16.7,24.3,13.4,22.6,1.7,9.8,12,7,131
Texas,Hardeman County,65.5,64.6,66.4,74.6,73.4,75.8,2.5,3.1,2,2.2,2,2.5,74.9,67.2,97.1,45.2,77.7,8.8,11.5,67548,61476,32241,23703,35165,3567,89.9,81.7,1.3,0.8,2.5,0,3.6,10.1,24.9,1222,73,25,0,44,298,25,15,75,28.1,23.6,32.9,22.5,22.4,22.6,18.1,5.1,31.7,13.7,26.8,0,17.6,22.1,12.9,116
Texas,Hardin County,53.8,45.5,62.4,68.3,59.3,77.3,4.2,5,3.7,4.3,5,3.8,62.5,69.8,69.4,60.7,80.7,8.4,11.6,90094,71228,44644,28411,59339,56124,96.6,88.8,6.1,0.3,0.5,0,1,3.4,6.3,20568,1432,1021,45,1117,3588,2101,363,1834,34.4,27.6,43.3,15.2,9.9,22.2,21.2,14.1,30.5,11.6,20.3,0.2,17.6,28.1,3.9,123
Texas,Harris County,63,55.6,70.6,73.7,65.8,81.6,6.5,6.8,6.2,6,6.3,5.7,70.3,65.7,71.7,57.2,86.7,12.6,15.6,84072,71709,40525,33973,46758,4697957,88.7,52,18.9,0.5,7,0.1,10.2,11.3,43.6,1658503,127164,110802,6529,114253,284791,197402,17333,233993,37.7,33.9,42.4,16.7,12.3,22,20.6,14.2,28.5,11.5,20,0.9,13.6,19.6,6.1,159
Texas,Harrison County,54.2,50.3,58.2,68.5,64,73.2,6.6,5.6,7.5,6.1,4.8,7.2,67.2,75.4,65.9,64.6,78.9,12.2,17,77547,63216,34402,27446,43390,68674,94.1,69.4,20,0.3,0.8,0,3.6,5.9,13.7,24276,1402,964,135,1500,4270,2124,288,3600,31.1,26.5,36.1,16.9,10.5,24,19.8,12.9,27.2,13.7,23.7,2.7,18.5,26.3,10,114
Texas,Hartley County,47.6,60.6,40,52.7,77.3,40.6,0.8,0.5,1,0.9,0.6,1.2,77.7,88.1,79.2,87.5,41.1,7.2,5.6,83741,66704,45801,39952,49474,5465,91.4,80.6,7.8,0.4,0.5,0,2,8.6,27.6,1704,259,30,0,52,500,160,14,105,39.6,38.7,40.7,12.4,10.7,14.4,20.5,6.2,36.7,14.2,22,5.4,13.2,22.4,2.9,131
Texas,Haskell County,48.9,46.2,51.4,65.7,61.9,68.8,6.8,5.7,7.6,5.4,6.7,4.3,66.4,59.4,77.8,90,71.9,8.5,12.4,67267,52791,32991,26536,41027,5420,94.1,81.6,5.4,0.3,0,0,6.7,5.9,28.8,2030,55,13,0,25,486,78,8,171,30.6,25.9,36.5,22.7,16.6,30.6,20.4,13.9,28.7,16,28.3,0.3,10.2,15.2,3.9,107
Texas,Hays County,63.8,58.2,69.4,75.3,69.8,80.7,5.6,6.2,5.1,5.1,5.5,4.6,73.9,62.1,75.9,62.2,85,7.7,13.6,98266,77456,38904,32795,45476,234573,86.5,76.6,4,0.7,1.5,0.1,3.5,13.5,40,84924,7038,5240,552,3089,15699,7494,1413,7241,40.1,35.8,45.1,17,13.7,20.9,22.9,18.5,28,9.2,16.1,1.1,10.8,15.8,5,166
Texas,Hemphill County,61.7,48.5,72.5,72.7,64.9,78.7,6.2,1.7,8.5,6.2,1.8,8.7,66.1,40.7,78.2,59.6,86.2,2.8,6.2,111195,59805,38504,27553,47715,3450,91.8,77.8,1.6,0.2,0,0,12.2,8.2,35.5,1387,120,74,0,0,313,179,26,0,30.1,22.1,44.7,17.1,12.8,24.9,14.9,8.8,26,26.8,41.1,0.7,11.1,15.2,3.7,131
Texas,Henderson County,48,42.4,53.9,63,57.1,69.2,6.3,5.3,7.1,6.5,5.4,7.4,60.4,51.8,67.4,50.9,74.8,12.6,17,68673,56640,35015,28050,41755,81717,93.6,85.4,5.9,0.3,0.7,0,1.3,6.4,13.6,31267,1438,1528,246,1524,3960,2787,240,2726,30.8,27.3,35,19.3,13.9,25.8,21.4,13.9,30.4,13.7,24.2,0.9,14.9,20.7,7.8,114
Texas,Hidalgo County,54.1,46.7,61.9,67.1,58.8,75.8,7.8,7.1,8.3,7.2,6.5,7.8,62.9,58.2,66.2,53.7,82.4,25.1,28.1,54520,48686,27202,21413,32811,865677,76.8,64.4,0.6,0.2,1,0,10.7,23.2,92.5,251916,22460,28224,1703,28382,53102,51887,3810,61225,28.2,23.6,34.1,23.3,17.5,30.5,22.5,17.1,29.2,13.7,23.6,1.3,12.3,18.2,4.9,122
Texas,Hill County,56.1,49.9,62.3,72.2,65.7,78.7,5.5,4.7,6.1,5.1,4,6,68.5,71.3,73.9,71.8,83.7,9.4,12.3,75133,63002,35097,27144,44268,35686,95.3,82.2,6.2,0.7,0.8,0.1,5.1,4.7,21.6,13043,951,553,10,798,2624,927,90,1322,26,19.3,34.3,16.3,11.7,22,22.5,13.3,34,15.6,26.7,1.7,19.6,28.9,8,117
Texas,Hockley County,57.4,49.6,65.1,71.3,63.1,79.2,5.8,5.6,6,3.9,3.5,4.2,65.5,62.5,80.6,46.9,82.7,13.1,15.8,62586,53673,34670,25740,41313,21670,87.3,77.9,3.3,0.4,0.4,0.1,5.2,12.7,49.3,7935,395,450,0,491,1500,881,400,693,32.9,25.6,42.6,16.5,10.1,24.9,17.2,9,27.9,17.4,29.5,1.4,16,25.8,3.1,127
Texas,Hood County,52.9,45.4,60.9,70.6,60.2,81.5,6.2,7.4,5.2,5.8,7.5,4.4,65.1,68.4,71.8,60.1,85.3,6.1,8.6,96938,82678,44779,33873,56676,60521,95.4,91.9,1,0.6,0.6,0.1,1.1,4.6,12.9,24195,1627,1005,55,775,4016,2446,160,1167,36.8,32.3,42.3,12.8,9.7,16.5,21.3,14.3,29.9,10.9,19.1,0.7,18.3,24.5,10.6,162
Texas,Hopkins County,59.7,54.5,65.2,73.4,68.3,78.7,4.5,4.4,4.7,4.8,4.4,5.1,71.5,78.3,73.9,72.7,83.6,9.5,12.5,77601,62942,34760,28156,43414,36666,96,82.3,7,0.4,0.8,0.1,5.4,4,17.5,13746,1343,379,47,519,3069,975,228,975,31,23.6,39.5,14.7,8.7,21.6,20.4,12.6,29.4,14.5,26.6,0.7,19.3,28.6,8.8,110
Texas,Houston County,39.9,45.9,35,51.2,62.9,42.8,4.5,2.6,6.3,5,3,7,64.8,77,77.1,55.8,46.1,11.7,19,59284,47572,28910,23410,35991,22288,95.2,67.6,24.9,0.3,0.3,0,2,4.8,11.9,7353,427,220,23,621,1107,361,80,736,32.8,28.2,37.1,20.6,12.2,28.5,20.2,9.6,30.3,8.2,16.3,0.6,18.2,33.7,3.5,116
Texas,Howard County,50.3,47.4,52.4,58.9,58.6,59.1,5.4,6.3,4.8,4.5,5.8,3.7,62.4,65.5,69.8,62.9,61.5,11.2,16,76490,65683,37577,26268,50510,34620,92.1,76.8,5.5,0.8,0.9,0,8.1,7.9,44,12062,569,631,29,724,1985,942,183,1307,29.8,24.2,38.3,19.8,16.3,25.2,17.6,9.8,29.6,17.6,29,0.3,15.2,20.8,6.7,135
Texas,Hudspeth County,26.3,35,19.3,29.2,45.1,16.9,7.5,0,16.4,8.7,0,22.6,45.1,100,91.3,38.2,21.9,19.6,27.8,47688,35320,16630,33254,12604,3322,66.4,46.7,1.4,1,0.8,0,16.6,33.6,77.7,869,16,43,0,26,197,21,20,165,25.7,23.1,27.5,29.1,13.8,39.7,25.3,18.3,30.1,10.7,23.8,1.7,9.2,21,1,112
Texas,Hunt County,57.7,50.5,65.1,70.9,63.7,78.2,5.4,6.4,4.6,5,5.8,4.2,67.6,61.5,75.3,56.6,81.8,9.6,13.6,79210,66548,37231,29677,46356,98783,93.7,77.7,7.4,0.8,1.1,0,6.7,6.3,17.9,35756,2015,2376,117,1754,6588,3879,200,3191,33.2,29.5,37.9,18.8,14,24.6,21.2,13.4,30.8,11.9,20.9,0.9,14.9,22.3,5.9,162
Texas,Hutchinson County,56.5,52.4,60.5,70.4,65.8,74.8,7.3,4.8,9.4,8.2,5.1,10.6,69.4,29.1,83.4,44.9,83.7,9.1,12.6,75297,62444,34538,23907,44607,20801,90,80.6,2.2,1.8,0.5,0.5,4.2,10,24.2,6881,245,511,6,435,1763,521,9,961,28.7,21.3,37.5,15.5,9.8,22.4,18.3,5.9,33.1,14.4,25.6,1,23.1,37.4,6,131
Texas,Irion County,53.8,48,59.3,68.8,59.7,77.1,6.9,0,11.5,4.1,0,6.8,59.7,100,100,80.2,82.7,13.6,15,74767,43349,36924,23649,56089,1555,96.6,69.9,5.5,0,0,0,21.2,3.4,26.4,677,38,29,0,15,179,28,0,54,17,14.7,19.9,20.4,11.4,32.2,24.4,9.2,44.2,12.6,22.2,0,25.6,42.5,3.6,112
Texas,Jack County,44.7,41.9,46.9,54.4,58,51.9,6.6,4.5,7.9,6.8,5,8.1,61,71.3,61.1,31.3,56.5,10.6,15.5,74183,62038,37719,29283,49824,8494,96.2,90.1,4.3,0,0.6,0,1.1,3.8,17.5,2914,116,204,0,184,298,440,13,377,25.8,19.1,35.4,16.7,13.7,21,24.5,15.7,37.1,15.8,25.7,1.7,17.2,25.9,4.7,116
Texas,Jackson County,53.5,40.8,66.5,67.3,52.3,82.1,4.3,4.6,4.1,4.6,5.3,4.2,55.1,40.2,54.8,59.4,85.7,9.1,12.5,78853,66280,40288,26075,50338,14971,93.8,81.2,7.5,0.1,0.6,0,4.5,6.2,33.7,5155,481,431,0,246,997,627,32,404,28.7,19,44.2,15.9,9.3,26.5,15.4,8.7,26.2,20.6,32.8,1.3,19.4,30.3,1.8,119
Texas,Jasper County,45.9,42.7,49.3,58.1,53.6,62.6,13.7,13.2,14.2,13.6,14.2,13.1,62.5,55.8,66.5,75.8,72.7,20.5,24.2,61825,48348,32800,22052,48195,33369,95.3,75.8,15.5,0.2,0.4,0,3.3,4.7,7.1,12776,471,439,65,660,1685,892,304,1449,31.5,23.7,40.1,19.9,15.6,24.7,17.6,9.5,26.7,14.7,25.8,2.5,16.2,25.3,6.1,116
Texas,Jeff Davis County,41.1,46.9,35.3,58.6,62.8,53,0,0,0,0,0,0,62.8,100,94.7,0,53,16.8,22,44366,42138,24472,24014,27477,2021,94.5,90.9,1.8,0,0,0,1.7,5.5,23.9,1010,69,3,14,0,73,11,0,151,38.8,36.5,40.5,25.4,19.3,30.1,16.2,9.6,21.3,14.5,25.6,6.1,5,9,2,112
Texas,Jefferson County,52.6,50.6,54.5,63.5,63,64,5.6,4.4,6.7,5.5,4.1,6.7,65.7,67,68.2,59.7,69,14.6,18.2,72183,58438,37981,29870,45496,256755,92.5,51,33.4,0.4,3.8,0.1,3.9,7.5,21.9,92751,5254,5284,398,7056,12136,9061,1056,13213,28.4,23.1,34.4,20.9,15,27.7,21,14,29.1,14.4,25.1,2,15.3,22.8,6.8,123
Texas,Jim Hogg County,63.3,53.6,73.8,75.9,63.4,87.4,4.3,2.9,5.4,3.8,3.7,3.9,65.8,79.5,64,58.1,90.9,24,30,47688,40703,18429,13559,28874,4864,87.1,82.9,0.3,0,0,0,3.8,12.9,93.3,1423,78,127,0,472,200,166,0,221,16.8,9.9,25.4,21.8,10.2,36.4,18.6,6.5,33.8,17.5,31.4,0,25.3,41.9,4.4,118
Texas,Jim Wells County,52.8,48.2,57.5,66.1,61,71.1,4.3,2.8,5.6,4.6,3,5.9,62.9,44.8,69.1,67.1,75.6,16,21.2,61989,51916,34919,27633,45439,39203,94.7,90.5,0.8,0.7,0.1,0.4,2.2,5.3,80.5,12835,755,541,70,1459,1782,1705,250,2818,30.4,22.3,39.9,18.2,13.6,23.6,21.1,12.1,31.7,15.3,27.2,1.1,15.1,24.8,3.6,138
Texas,Johnson County,61.1,54.5,67.8,73.3,66.3,80.1,3.3,4,2.7,3.2,3.9,2.7,69.1,71.8,77.9,59.4,82.6,7.5,10.4,87318,77136,44290,35331,52722,177022,94,85.6,4.4,0.3,1.1,0,2.5,6,22.8,60915,6082,3838,172,2532,13022,7082,1013,7261,29.6,23.7,37,14.1,10.8,18.3,18.7,12.4,26.4,10.6,17.7,1.8,27,35.4,16.6,162
Texas,Jones County,33.9,50.3,25,38,63.6,26.8,5.8,6.4,5.1,5.9,6.9,4.7,68.5,42,89.9,34.6,28.2,9.8,12.4,68721,60577,31692,27948,36308,19721,90,69.7,12.3,0.4,0.3,0,7.3,10,28.1,5792,158,338,0,320,1290,406,128,281,30.4,20.1,39.8,23.3,17.2,28.8,17.9,10.1,24.9,13.1,26.5,1,15.3,26.1,5.5,107
Texas,Karnes County,40.3,45.1,37.3,47.4,58.7,41,3.3,2.9,3.7,2.3,0.3,3.9,58.9,88.3,77,42.7,42.7,14.2,18.2,68705,53983,29397,24048,33314,14823,85.7,75.1,5.7,0.5,0.6,0,3.9,14.3,56.3,4431,64,125,67,592,1118,308,40,571,26.4,24,29.6,23.4,18.4,29.7,22.6,11,37.5,15.4,27,0.4,12.3,19.6,2.8,154
Texas,Kaufman County,64.1,57.5,71.1,76.3,69.9,82.9,4.9,5.4,4.4,4.6,5.1,4.1,73.7,78.8,77.9,61,87,7.9,10,94840,81954,45602,37482,53174,140145,90.5,71.7,13.6,0.3,1.3,0.1,3.5,9.5,23.7,46189,5417,2759,286,2790,11065,5376,557,6245,36,30.2,42.9,16.9,15.7,18.2,21.8,12.9,32.4,11.9,21.2,1,13.4,20,5.5,162
Texas,Kendall County,59.3,52.2,66.5,74.7,64.5,85.5,4.2,3,5.2,3.9,2.7,4.8,66.3,84,65.8,64.5,89.9,3.1,4.8,131527,109770,51336,35692,68424,43842,90.7,82.9,0.3,0.5,1,0.3,5.6,9.3,24.8,16261,1103,502,36,390,3337,2523,355,958,49.8,47.6,52.4,13.1,10.6,16.2,22.7,19.4,26.7,8.8,15.7,0.3,5.6,6.6,4.4,154
Texas,Kenedy County,62.1,34,88.7,83.3,68,96.6,0,0,0,0,0,0,68,36.4,100,100,96.6,0,1.8,46628,46628,36398,29294,37955,169,86.4,84.6,0,0.6,0.6,0,0.6,13.6,98.2,48,15,29,0,0,22,0,0,0,20.3,27.7,0,14.1,10.6,23.5,10.9,0,41.2,45.3,61.7,0,9.4,0,35.3,138
Texas,Kent County,46.5,36.4,57.5,81.3,76.4,84.6,0.5,1.1,0,0.6,1.4,0,77.5,100,100,100,84.6,9.1,13,92650,69753,43373,25491,56204,632,92.7,85.1,1.1,0,0,0,6.5,7.3,16.6,243,39,0,0,0,113,0,0,0,40.8,27,60.9,17.4,22.2,10.3,16.4,8.7,27.6,16.9,28.6,0,8.5,13.5,1.1,107
Texas,Kerr County,53.5,50.5,56.7,74,71.2,76.9,3.7,4.1,3.2,2.8,2.7,2.9,73.2,81.4,87,72.7,79.2,7.6,11.6,82182,67802,35090,32290,40943,52411,90.3,80.4,1.4,0.4,0.8,0,7.2,9.7,27.9,21842,1222,714,51,856,3050,846,162,1651,33.6,28.1,39.2,21.4,18.2,24.6,22.9,15.7,30.4,12.1,22.4,1.6,10,15.5,4.2,154
Texas,Kimble County,59.6,56,63.3,80.2,75.1,85.1,2.1,4.3,0,2.6,5.4,0,79.4,76.9,96.3,68.9,85.1,11.4,13.9,85189,60688,29856,23367,38771,4295,88.1,82.6,1,0.5,0,0,4.1,11.9,25.4,1797,79,56,0,71,374,36,39,70,35,32.7,37.5,18,15.8,20.3,19,6.4,32.9,19.7,34.2,3.6,8.4,10.9,5.7,112
Texas,King County,57,57.5,56.5,58.3,58.3,58.2,4.9,0,8.8,5.4,0,9.8,58.3,75,75,77.8,64.6,27.4,29.3,44554,45916,37469,36106,44963,229,92.1,88.6,0,0,0,0,3.5,7.9,34.9,83,7,1,0,8,11,14,0,16,26.5,17.3,37,21.4,23.1,19.6,20.4,0,43.5,24.5,46.2,0,7.1,13.5,0,127
Texas,Kinney County,42.4,51.5,36.1,53.8,69.9,44.3,1.5,0,3,1.7,0,3.3,69.9,24.5,100,100,45.8,7.7,18.2,68744,64228,47168,46451,47668,3199,94.2,94.1,0,0.1,0,0,0,5.8,65.7,1039,0,153,0,30,0,0,32,0,38.3,31.4,45.2,34,20.2,47.8,8.4,11.7,5,2.4,4.9,0,16.9,31.9,1.9,111
Texas,Kleberg County,53.8,49.4,58.1,68.1,62.4,73.5,5.4,4.7,5.9,4.3,4.6,4.1,66.3,41.9,74.5,76.9,80.2,21.9,28.6,62933,54485,33185,24878,44545,31015,77.6,68.6,3.1,0.4,1.6,0,4,22.4,73.5,11559,438,329,91,1140,1498,755,131,1628,30.3,24,38,21.3,17.9,25.5,21.9,13.6,32,12.9,23,0.7,13.6,21.6,4,138
Texas,Knox County,55.5,45.8,65.8,73,62.7,82.9,3.6,1.3,5.3,3.9,1.4,5.7,63.5,82,85.5,43.9,88,7,9.8,65400,54678,31698,24959,37629,3384,89.2,77,6.1,0,1.7,0,4.4,10.8,35.2,1251,93,126,0,13,190,222,19,145,21.6,16.1,29.2,12.7,5.8,22.1,23.3,15,34.6,22.2,32.9,7.7,20.1,30.2,6.4,107
Texas,Lamar County,58.1,52.8,63.9,74.4,69.7,79.4,3.3,2.7,3.8,3.1,2.8,3.3,71.7,70.1,73,73,82.2,12.4,16.9,69649,56201,34614,28532,43657,49932,95.1,78.6,13.4,0.9,0.8,0,1.3,4.9,8.4,19930,1246,1043,78,1386,2645,1164,85,2458,31.3,27,36.1,16.7,11,23.1,20.7,11.2,31.2,13,23.3,1.5,18.3,27.5,8,110
Texas,Lamb County,55.6,48.5,63,71.4,63.6,79.3,3.1,2.3,3.7,2.9,2.4,3.4,65.1,88.5,75.9,72.4,82.2,13.8,18.3,68813,54545,33690,24976,41848,13147,88.2,80.6,3.4,0.5,0.6,0.3,2.8,11.8,56.5,4604,439,159,0,333,776,373,70,640,34.8,32.3,38.1,15.4,7.8,25.1,17.2,8,28.9,16.3,28.2,1.3,16.2,23.7,6.6,127
Texas,Lampasas County,48.5,43.7,53.4,64.3,60.3,68.2,6.7,6.9,6.4,6.4,6,6.8,64.1,71.9,71.9,59.5,76.1,4.9,9.2,84398,72492,36809,29574,46153,21443,90.4,82.2,3.7,0.7,1.3,0.2,2.3,9.6,20,7928,532,281,61,480,1395,407,157,632,34.4,31.8,37.5,17.3,12,23.6,22.8,16.3,30.7,10.2,18.2,0.5,15.3,21.6,7.8,116
Texas,La Salle County,45.4,41.4,47.8,58.1,57.5,58.5,1.5,1.3,1.6,1.7,1.4,1.8,58.3,56.8,64.1,100,59.5,19.7,22.9,63320,66536,25926,26778,24440,6956,76.2,65.2,2.1,0,0.1,0,8.7,23.8,84.8,1868,156,46,0,31,212,399,5,314,19,10.3,35.6,30.2,30.3,30,18.7,13.2,29.2,25.3,36.1,4.7,6.8,10.1,0.5,111
Texas,Lavaca County,58.2,52.7,64,79,73.5,84.5,3.2,3.1,3.2,2.9,2.8,3.1,75.6,73.5,76.6,63.7,87.2,8,9.4,82500,62786,40230,32056,48037,20287,95.3,78.3,6,0.1,0.4,0,10.4,4.7,19.7,8012,570,337,0,435,1565,614,52,566,33.9,28.5,40.3,13.1,6.2,21,19.6,9.4,31.4,13.3,23.8,1.1,20.1,32.2,6.2,119
Texas,Lee County,57,51,62.9,72.4,67.4,77.4,2.8,2.9,2.7,2,1.6,2.4,68.5,94.6,65.9,68.5,79.3,10.2,11.8,71150,66218,38266,27134,46692,17393,93.9,79.6,11.1,0.1,1.2,0,1.8,6.1,24.4,6148,417,231,3,333,927,559,49,406,32.6,29.8,36,19.6,12,29.2,17.8,9.1,28.8,14.5,23.3,3.4,15.5,25.7,2.6,166
Texas,Leon County,48.1,41.4,54.9,68.6,58.5,78.6,6.3,4.2,7.9,5.9,4.8,6.8,61.4,41.6,77.6,60.9,84.4,14.3,18.3,71952,53057,40942,24620,50180,15877,97.5,84.8,6.2,0.4,0.9,0.3,5,2.5,15.3,6136,214,343,0,366,831,733,7,669,28.3,24.2,33.6,20.2,16.6,24.8,22.3,11.5,36.3,15.9,26.2,2.5,13.3,21.5,2.7,141
Texas,Liberty County,47.5,37.1,58.3,57.1,44.6,69.9,8.1,6.5,9.1,7.3,6.3,8,47.6,54.3,60,44.7,76,11.5,15,72805,58719,38824,29918,47268,89948,90.9,71.8,9,0.5,0.4,0,9.2,9.1,29.3,27688,1844,2882,136,1782,4475,5710,399,3351,23.3,16.1,34.5,16.5,11.9,23.6,19.2,10,33.2,19.8,31.6,1.7,21.2,30.5,7.1,159
Texas,Limestone County,47.4,42.4,52.1,60,53.5,65.7,4.3,4.3,4.4,4.1,4.6,3.8,56,52.5,65.4,62.9,68.3,15.2,19.1,66865,53963,32782,28602,40467,22252,89.5,69.2,16.9,0.5,1,0.2,1.7,10.5,22.7,8027,356,358,28,621,1101,867,146,662,25.9,18.2,36,19.9,11.6,30.9,17.2,10.2,26.5,17.6,29.5,1.9,19.4,30.5,4.7,117
Texas,Lipscomb County,63.1,54.6,73.1,77.4,68.3,88.2,5.9,6.9,5,2.7,2.1,3.2,69.8,72,63.6,79.9,91.1,11.3,11.4,77663,72213,40339,29878,54245,3138,89.4,75.3,1.1,0.7,1.2,0.2,11,10.6,33.8,1144,133,56,2,81,274,81,4,206,33.8,23.6,45.4,16.9,9.9,24.7,17.6,10.3,25.8,15.1,28.4,0.1,16.6,27.7,4,131
Texas,Live Oak County,41.9,39.3,44.1,50.9,50.4,51.3,3.6,4.3,3.1,3.2,2.8,3.5,51.8,38,50.8,69.6,53.2,16.3,19,70331,57628,37497,26488,51714,11378,97.4,91.7,2.3,0.2,0.7,0,2.6,2.6,40.7,3857,70,271,0,251,524,272,118,405,29.2,27.6,31.5,15.2,10,22.3,22.5,12.1,36.6,19,31.7,1.7,14.1,18.7,7.9,138
Texas,Llano County,45.9,42.4,49.7,71.1,66,76.7,4.2,3.3,5,3.6,2,5.1,67.4,84.2,81.9,31.4,81.1,5.7,9.1,86263,68495,35670,28680,44662,21246,95.3,90.2,0.6,0.9,0.4,0,3.2,4.7,11.3,9220,315,265,0,162,643,336,65,847,32.2,31.5,33,17.6,12.8,22.9,24.1,13.5,35.6,14,26.3,0.6,12.1,16,7.9,166
Texas,Loving County,50,13.6,76.7,65.4,25,100,0,0,0,0,0,0,25,0,76,62,100,0,1.2,131556,50445,18861,72104,18636,83,100,98.8,0,0,1.2,0,0,0,0,33,0,31,0,0,0,0,0,0,61.5,69.6,0,0,0,0,11.5,0,100,0,0,0,26.9,30.4,0,135
Texas,Lubbock County,62.4,58.3,66.8,74.6,70.7,78.5,4.4,4.4,4.4,3.9,4,3.9,73.7,65.3,80.7,75.1,82,11.2,17.7,81157,61617,33824,27657,40788,308580,90.5,74.1,7.3,0.7,2.3,0.1,6,9.5,36.4,118704,8877,4852,231,6591,20522,6967,1285,14124,38.8,35,42.9,18.6,15.2,22.2,22.6,16.9,28.8,8.7,15.9,0.7,11.4,17,5.3,127
Texas,Lynn County,61.6,56.6,66.1,75.8,69.5,81.5,3.3,1.7,4.5,3.1,1.9,4,71.5,92.9,78.7,65,84.9,15.8,15.9,70169,54224,36006,29173,42482,5587,82.5,76.3,1,0.2,0.4,0.2,4.4,17.5,46.4,2104,234,54,0,69,502,223,16,246,38.2,30.4,48.2,16.1,14.7,17.9,18.9,10.2,30,17.1,28.4,2.6,9.7,16.3,1.2,127
Texas,McCulloch County,54.9,51.6,58.2,71,71.3,70.8,7.7,1.2,12.6,8.5,1,14.6,71.9,97.8,73.7,100,82.9,13.2,15.9,59344,50742,28912,24903,34852,7676,85.8,79.2,1,0.3,0.9,0,4.4,14.2,32.9,3138,114,0,0,92,380,375,0,319,28.6,25.4,32.3,22.7,14.9,31.7,14.8,6.2,24.7,18.4,33.3,1.3,15.5,20.2,10.1,112
Texas,McLennan County,58.7,54.9,62.8,72.5,69.4,75.7,4.7,4.7,4.7,4.4,4.4,4.4,72.6,68.4,79.5,64.1,79.4,12.8,17.8,78208,58558,33685,28542,39265,258031,91.4,71.9,14.3,0.4,1.7,0.1,3.1,8.6,27,94194,6032,4870,620,6969,16161,7295,1045,11832,34.1,30.2,38.2,17.4,12.7,22.5,22.2,14.7,30.2,10.3,19.1,0.8,16,23.2,8.2,117
Texas,McMullen County,54.5,39.5,68.8,59.1,46.9,71,3.4,0,5.1,3.8,0,6.2,46.9,13.2,89.2,0,75.7,12.9,12.2,74256,68731,42919,17810,56862,729,87.5,83.3,0,0.7,0,0,3.6,12.5,64.3,186,8,37,0,5,45,48,0,28,40.9,47,29.7,21.7,10.8,41.6,9.1,1.6,22.8,17.1,26.5,0,11.2,14.1,5.9,138
Texas,Madison County,41.5,50.4,35.2,50.3,65.3,40.8,7.3,1.9,12.1,4,1.7,6.3,66.4,52.3,74.6,83.1,43.5,9.8,12.6,71029,65316,33172,26660,39205,13579,92.6,71.3,16.1,0.3,1.3,0,3.6,7.4,24.1,3985,323,142,0,379,694,393,89,477,24.3,14.8,33.9,16.9,12.7,21.1,21.5,11.2,31.9,20.1,31.8,8.5,17.1,29.5,4.7,141
Texas,Marion County,42.2,41,43.4,55.9,54.2,57.6,11.7,7.9,15.1,11.3,7.5,14.7,58.6,53.6,62.8,29.1,67.6,9.7,18.3,59370,47037,30092,26525,38639,9748,97.1,72.2,22.5,0.2,0.2,0.5,1.5,2.9,4.5,4036,53,168,0,172,230,487,0,272,28.2,29.1,27.3,16.2,5.7,26.9,25.8,14.9,36.9,11.3,20.4,2.1,18.4,29.9,6.9,114
Texas,Martin County,61,51.5,69.9,76,64.5,87.4,5.7,3.6,7.1,6.1,3.7,7.7,67,36.3,85,59.1,94.7,7.1,13.3,89147,75421,46539,34434,56856,5213,96.1,83.5,0.5,0,0.2,0.2,11.7,3.9,46.3,1868,178,218,0,0,587,312,21,240,33.4,22.3,49.6,8.2,5.5,12,23.8,16.2,34.7,16,26.3,1.1,18.6,29.7,2.6,135
Texas,Mason County,53.2,47.8,59.4,77.4,72.6,82.3,3.5,2.8,4.2,4.3,3.5,5.1,75.2,100,88.2,77.8,86.7,2.4,4.9,98287,79773,35350,35072,35902,3948,97.1,85.9,0,1.9,0.8,0,8.5,2.9,19.8,1490,247,44,0,34,404,74,11,76,40,39.4,40.5,10.6,8.7,12.6,28.2,11.7,45.9,17.8,34.3,0,3.6,5.9,1,112
Texas,Matagorda County,52.7,45.7,59.6,67,59.6,74.2,6.3,7.7,5.2,6.6,8.2,5.4,65.6,84,71.6,55.6,78.7,15.8,20,64945,52937,33865,24056,42968,36323,93.3,62.5,10.1,0.3,1.9,0.3,18.3,6.7,43.8,13686,841,617,77,1065,1721,1399,232,1385,27.2,20.1,36.6,17.9,11.3,26.8,17,8.1,28.8,20.3,35.1,0.7,17.5,25.4,7.1,159
Texas,Maverick County,53,44,62.3,65.5,55.8,75.1,7,5.9,7.8,7.2,6.4,7.8,59.6,52.3,69.6,54.3,81.6,22.2,25,58474,48507,31025,23733,40177,57769,77.2,67.3,0.4,2.2,0.1,0,7.2,22.8,95.1,17690,1439,1387,0,2599,3375,2142,77,4460,22.4,14.9,32.7,29.1,23.8,36.3,18.6,11.8,27.9,13.2,22.7,0.2,16.8,26.8,2.9,111
Texas,Medina County,54.5,52.3,56.5,68.6,68.3,68.9,3,1.6,4.2,2.9,1.3,4.2,69.5,79.8,80.8,77.8,72.9,10.1,11.9,89915,73226,38024,30983,46087,50458,87.4,78.5,2.5,0.7,0.9,0,4.8,12.6,52.8,16765,1700,375,168,880,3575,1141,439,2076,35.2,33.7,37,15.7,9.4,23,22,12.4,33.2,13,23.4,0.8,14.1,21.1,6,154
Texas,Menard County,52.2,53.8,50.7,76.6,67.7,86.1,8.6,9.8,7.4,11,13.7,8.7,78.4,100,68.8,100,94.2,16.1,18.9,79298,43972,30064,23895,38570,1981,87.8,78.7,0.1,1.7,0,0,7.4,12.2,35.5,904,55,0,0,11,180,29,0,30,30.6,23.6,37.5,14.5,19.4,9.7,21.4,7.9,34.7,16.8,26.9,6.9,16.7,22.2,11.3,112
Texas,Midland County,68.8,58.4,79,79.2,68.8,88.9,3.3,2.3,3.9,3.2,2.1,3.9,70.3,69.8,72.5,51.1,92.8,9.4,11.1,111290,96149,53799,38295,69476,166964,90.6,73.3,6.4,0.7,2,0,8.1,9.4,46.3,63506,5746,5241,90,4230,11893,8107,268,6549,37.5,34,42.3,13.5,9.5,19,22.5,15.3,32.4,14.3,23.9,1,12.2,17.2,5.3,135
Texas,Milam County,53.7,49,58.4,71.6,66.6,76.8,6.3,6.6,6.1,4.5,4.3,4.7,69.6,72.9,79.8,74.2,80.6,12.8,16.2,71568,57563,33657,28060,42499,24895,95.1,80.7,9.8,0.2,0.7,0.2,3.6,4.9,27.1,9740,779,291,19,371,1788,502,69,1001,32.1,28.6,36.4,14.7,9.2,21.1,21.8,10.1,35.7,19,34.3,1.1,12.3,17.8,5.7,116
Texas,Mills County,52.3,48.4,56.2,76.1,76.3,75.9,2.4,2.7,2.2,1.4,0.4,2.4,76.6,34.5,90.3,74.4,77.7,6.5,8.5,68125,58296,33463,33159,34744,4520,89.1,84.6,0.5,0.1,0.2,0,3.6,10.9,23.9,1695,42,9,0,55,375,48,2,115,36.9,28.3,46.8,19.9,10.1,31.1,14.9,10.5,19.9,17.1,31.2,0.9,11.2,19.8,1.3,116
Texas,Mitchell County,46.3,48.7,44.8,53.2,68.8,44.3,2,0.5,3,2.4,0.5,4,69.2,19.8,93.2,89,46.1,5.5,9.9,95348,54657,29357,19036,35640,8903,89.9,78.2,6.6,0.7,0,0,4.5,10.1,40.7,2258,255,73,3,315,435,147,5,447,20.3,13.3,30.7,29,32.2,24.3,26.7,17.8,39.9,16.6,27.9,0,7.3,8.8,5.1,107
Texas,Montague County,51.3,44.5,58.4,66,57.6,74.7,7,4.9,8.5,6.7,5.3,7.8,60.9,60.8,71,53.4,81.1,9,12.4,82164,64448,38741,28264,54218,19850,96.1,92.4,0.7,0.4,0,0,2.5,3.9,11.4,7835,432,368,0,279,1131,722,57,704,25.3,19.4,32.8,17,12.8,22.2,24.1,13.6,37.3,19.7,34.4,1.2,13.9,19.8,6.4,116
Texas,Montgomery County,62,54,70.2,74.9,66.1,83.8,4.6,5.1,4.2,4.3,4.6,4,69.3,68.5,70.2,61.3,87.6,6.6,8.8,114575,96571,50908,38899,62492,607999,91.2,78.9,5.4,0.4,3.2,0,3.4,8.8,25.2,214328,21366,14078,776,8254,49649,30440,2593,18358,41.9,38.5,46.1,14.5,11.4,18.4,21.6,16,28.8,10,17,1,12,17,5.7,159
Texas,Moore County,64.8,53.5,75.1,76.9,63.1,88.5,2,1.9,2.1,2.1,2.2,2,64.5,61.4,62.4,66.8,90.4,12.1,11.7,69859,60542,40278,31774,45490,21494,89.6,69.8,3.9,0.7,4.5,0,10.7,10.4,57.7,6893,926,802,51,444,1685,1273,33,1160,22.8,18,30.2,14.4,12.1,18,14.5,6.3,27.2,16,24.3,3.2,32.2,39.3,21.3,131
Texas,Morris County,52,46.2,58.5,70.4,64.7,76.6,5.7,7.7,3.9,5.4,7.1,3.8,69.7,62.6,67.3,90.6,79.6,9.6,14.6,64640,50650,33503,28155,36788,11988,97.6,69,22.3,0.3,1.5,0,4.6,2.4,10.7,4784,269,105,74,178,943,432,96,420,27.7,15.2,42.1,18.3,13.1,24.3,19.1,16.7,21.9,8,14.9,0,26.9,40.1,11.7,110
Texas,Motley County,60.9,49.6,70.4,76.8,64.9,87.2,3.6,5.8,2.3,4.2,6,3,69.1,20.8,100,95.3,90,7.1,7.2,73934,64622,32505,29330,35803,1269,93.6,85.8,1.2,0,0,0,6.6,6.4,13.4,458,29,5,0,46,80,4,4,55,35.7,29.9,45.6,15.7,2.6,37.7,9.1,5.5,15.4,29,45.5,1.3,10.4,16.6,0,127
Texas,Nacogdoches County,55.3,49.3,62,69.5,64.1,75.2,7.4,8.1,6.9,6.7,7.1,6.2,69.1,80.1,71.2,64.3,80.2,15.8,23.1,69131,51564,26050,19098,32910,64822,92.8,69.7,18.4,0.9,1,0,2.8,7.2,20.1,24179,1708,1111,27,1386,3350,1719,281,3011,30.3,26.5,34.5,18.6,13.3,24.5,23.5,16.4,31.5,12.5,23.5,0.2,15.1,20.3,9.4,116
Texas,Navarro County,57.1,50.8,63.7,70.9,64.5,77.4,5.1,3.3,6.5,4.6,3,5.9,66.5,63.7,73.7,71.7,82.4,10.6,14.1,69230,55008,31339,25902,36750,51908,93.6,69.4,11.2,0.2,0.7,1.6,10.5,6.4,28.8,17602,1429,874,81,1378,3340,2028,294,1828,27.1,19.5,36.3,19.7,13.5,27.2,17.8,13.3,23.3,13.3,23,1.5,22.1,30.6,11.7,162
Texas,Newton County,45.9,44,47.7,61.3,57.6,64.7,10.4,9,11.5,7.3,8.1,6.6,62.7,37.2,77.3,84.4,69.4,16.3,24,56333,41546,32589,20743,45414,12532,96.4,74.2,20.5,0.5,0.7,0,0.5,3.6,4.1,4728,230,83,2,134,986,274,0,510,25.9,16.5,36.8,19,7.7,31.9,18.9,10.6,28.4,18.8,35.1,0,17.5,30,3,116
Texas,Nolan County,53.9,45.9,61.6,70.7,60.2,80.6,8,10.4,6.1,7,9.3,5.3,66.4,59.9,62.3,76.8,85.1,12.6,16.2,58858,48723,28272,23428,34271,14727,92.4,80.8,4.9,0.3,0.4,0,5.9,7.6,39,5548,406,235,13,443,1056,358,57,552,25.5,19.5,33.9,20.8,16,27.6,17.8,9.3,29.8,13.9,23.3,0.7,21.9,31.8,7.9,107
Texas,Nueces County,57.6,52.3,63.2,71,65.7,76.4,6,5.7,6.2,5.4,5.1,5.6,69.4,65.3,78.9,59.8,82.7,13.2,17.2,78954,64830,37654,30729,44676,353594,81.8,72.3,3.6,0.3,2.1,0,3.5,18.2,64.6,129845,7532,6211,241,10261,22476,8498,1398,17680,31.9,26.4,38.3,20.2,16.6,24.3,22,14.7,30.5,13.6,23.8,1.7,12.4,18.4,5.2,138
Texas,Ochiltree County,66.7,56.4,77,79.1,70.5,87.3,1.9,1.7,2.1,1.7,1.9,1.6,71.9,89.7,74,59.7,88.7,8.4,12,77351,62580,39110,22982,48784,10063,89.3,76.4,0.8,0.7,0.5,0,10.8,10.7,55.6,3605,441,245,0,257,682,460,24,643,22.9,19,28.2,15.1,4.8,29.3,16,6.6,28.9,25.4,39.7,5.8,20.6,29.8,7.9,131
Texas,Oldham County,61.1,56.6,64.9,78.8,71.1,86.4,1.5,0.5,2.3,1.7,0.5,2.6,71.5,45.8,85.7,53.7,88.7,11.1,12.2,81555,74204,36017,28494,52010,2251,94.5,88,4.6,0.2,1,0,0.7,5.5,23.5,648,56,35,3,29,134,19,7,24,35.1,33.3,37.6,13.9,13.3,14.6,20.2,6.1,39,13.6,23.6,0.2,17.2,23.6,8.6,131
Texas,Orange County,57.5,50.5,64.7,70.8,62.3,79.3,5.4,5.5,5.3,5.1,5.8,4.5,66.2,64.1,76.9,53.4,83.1,8.8,12,94844,74944,46447,33074,61551,85045,94.6,83.7,8.7,0.2,0.8,0,1.1,5.4,8.5,30636,2312,1923,47,1826,5660,3230,242,3528,32.9,26.9,40.3,13.8,9,19.8,21.3,12.3,32.6,14.8,25.2,1.8,17.3,26.7,5.5,123
Texas,Palo Pinto County,54.2,48.2,60.6,69.8,62.9,77.2,6.9,7,6.8,6.6,7.6,5.6,68,57.7,74.7,54.1,81.8,10,13.9,78793,65178,37486,30593,45377,28303,95.4,87.9,2.5,1.1,1,0,2.9,4.6,20.3,10383,467,540,20,496,1541,989,116,888,30.3,26.4,35,15.9,12.4,20.1,21.9,11.6,34,13.6,23.6,1.8,18.2,26,9.1,162
Texas,Panola County,53.6,49.6,57.8,69.2,64.2,74.3,2.8,2,3.5,2.8,2,3.6,65.6,74.4,73.2,59,77.2,9.7,13.6,76971,59790,35064,28317,47062,22583,92.7,78,13.1,0.1,0.8,0,0.7,7.3,9.1,8186,411,481,2,518,1281,823,8,865,29,23.1,35.6,19,11.9,26.9,17.8,8,28.9,13.9,25.6,0.7,20.3,31.4,7.9,114
Texas,Parker County,60.7,55,66.4,74,67.4,80.7,4.3,3.7,4.8,4.1,3.2,4.8,69.8,73.5,73,69.4,85.2,5.9,7.8,111908,96503,47793,34544,62457,144803,94.2,89.4,1.6,0.5,0.7,0,2.1,5.8,13.3,50815,5386,2684,238,1268,12234,6431,824,3431,39.2,35.1,44.1,15,12.5,18,22.4,14,32.3,11.2,20.1,0.6,12.2,18.2,5.1,162
Texas,Parmer County,64.9,53,75.8,79.6,66.9,91,2.2,2.9,1.8,1.4,1.5,1.3,67.9,61.3,64.1,49.6,92.2,6.9,10.9,80842,68545,38619,32407,40984,9874,83.9,78.1,1,0.5,0.2,0,4.1,16.1,64.7,3172,245,437,0,183,683,629,21,214,28.4,21.1,39.9,16,13.1,20.6,15.2,10.7,22.2,21.2,31.9,4.3,19.2,23.1,12.9,131
Texas,Pecos County,50.6,56.5,46.6,57.3,70.1,49.5,1.3,0.5,2,1.4,0.6,2.1,70.5,52.3,68.6,62.4,51,17.6,21.9,67135,60661,39141,30913,49531,15202,87.9,73.5,3.9,1.1,0.9,0.2,8.3,12.1,69.4,4995,215,445,41,522,492,646,251,846,22.8,17.3,29.4,21,10.6,33.6,19.1,9.1,31.3,23.1,41.5,0.7,14.1,21.5,5,135
Texas,Polk County,44.8,45.3,44.3,56.3,57.9,55,9.5,8.7,10.1,8.8,7.2,10.1,62.4,81.7,79.9,60.5,61.2,12.9,15.9,67514,57580,33584,26991,42522,49372,93.5,79.9,9,1.4,0.9,0,2.3,6.5,15.5,17028,921,623,52,1306,2339,1142,59,2297,25.1,18.6,32.9,18.8,15.5,22.6,22.4,10.3,36.7,16.4,29.9,0.5,17.3,25.8,7.3,116
Texas,Potter County,55.6,52.3,58.7,66.1,64.4,67.6,3.6,3.6,3.5,3.5,3.4,3.6,66.7,56.7,70.9,57.7,70.5,16.7,20.5,61073,49155,32964,27707,37582,119043,91.9,72.1,10.2,0.8,5.2,0.1,3.5,8.1,39.4,43103,2208,2697,80,3146,7239,4788,596,5799,25.2,20,31.3,23,18,29.1,18.7,9.4,29.8,13.6,24.2,0.8,19.6,28.4,8.9,131
Texas,Presidio County,53.1,42.5,63.3,68.9,56.6,81.5,7.8,10.5,6,8.6,9.7,7.8,62.7,43.8,39.5,59.4,88.4,35.3,33.9,38368,28771,20471,18916,21358,6328,76.5,69.6,0,1.9,1.4,0,3.7,23.5,80,2195,72,106,0,421,251,212,0,605,33.9,27.6,43.7,16.4,16.4,16.4,12.1,7,20.1,34.8,45.3,18.6,2.7,3.8,1.1,112
Texas,Rains County,51.3,48.4,54.4,70,65.4,75,3.9,3.2,4.5,4,3.3,4.7,67.7,68.3,84.6,61,78.7,5.3,11.6,75399,60776,37565,28397,48335,12013,98.6,92.1,2.8,0.9,1.1,0,1.6,1.4,9.5,4585,142,85,25,276,790,157,73,436,33.3,25,41.9,15.4,9.8,21.3,19.1,9.2,29.4,15.3,29.1,0.9,16.9,26.9,6.5,114
Texas,Randall County,65.7,59.6,72.1,79.8,73.8,85.8,3.2,3.4,3,2.8,3.2,2.4,76.3,74.5,84.2,72.4,88.1,7,9.7,96724,76893,43946,34714,54291,139176,92.8,83.7,3.3,0.8,2,0.2,2.9,7.2,23.3,54480,4554,2477,74,1936,11319,3605,556,4351,39,32.7,46.3,16.9,15.4,18.7,22.5,16.1,29.9,9.9,17.7,0.8,11.7,18.2,4.2,131
Texas,Reagan County,65.4,52.2,76.8,74.1,60.2,86.3,6.4,8.8,4.9,6.2,9.5,4.1,66.5,65.2,59.2,48.3,90,5.3,8.2,75619,68484,43321,22319,49776,3363,87.7,50.9,2.5,0,1.8,0,32.4,12.3,69.4,1069,149,166,0,16,299,318,0,110,30.8,25.5,39.9,12.2,6,22.8,13.2,3.8,29.3,26.1,40.7,1.1,17.7,24,6.9,112
Texas,Real County,38.9,38.5,39.5,56.4,59.4,52.8,1.4,0,3.1,1.9,0,4.5,59.4,58.1,87.5,28.6,55.3,8.9,26.1,67123,48050,23649,22213,31437,2852,99.2,95.8,1.4,0,0,0,2.1,0.8,23.1,893,37,30,0,50,120,32,59,33,28.9,33.2,25.5,21.5,13.5,27.9,30.8,12.5,45.3,9.6,21.7,0,9.3,19.2,1.4,111
Texas,Red River County,47.2,43.6,51.2,63.4,59.5,67.4,4.3,3.5,5.1,4.7,4.1,5.4,62,48.4,74.2,32.6,71.3,17.3,21.4,60135,44335,31186,25122,42908,11685,96.9,78.4,14.7,1.8,0.6,0,1.5,3.1,7.6,4591,105,298,6,149,634,282,55,370,26.5,18.8,34.8,19.9,13.6,26.5,19.6,11.4,28.3,18.4,33,3,15.6,23.3,7.4,110
Texas,Reeves County,56.6,57,56.4,63.7,67.5,61.7,6.5,0.9,9.4,5.3,1,7.8,68.2,49.3,80.5,64.1,66.9,12.5,17.4,67589,58367,36370,35858,36653,14584,86.5,68,2.2,0.1,1.2,0.2,14.8,13.5,75.1,4070,78,187,6,551,1160,293,18,758,17.3,7,35.6,17.5,12.5,26.5,9.6,3.7,20.2,26.9,41,2,28.6,35.8,15.8,135
Texas,Refugio County,49.2,42.6,56.1,63.1,57,69.4,5.6,6.2,5.1,6.4,6.7,6.2,61,54,68.1,72.7,74,11.9,15.5,62434,55312,26803,24076,29319,6822,87,76.1,7,0.2,0.2,0,3.5,13,51.2,2189,55,45,6,321,235,96,33,506,20,13.5,28.3,28.5,26.4,31.2,25.8,16.9,37,12.5,21.7,0.9,13.2,21.6,2.6,119
Texas,Roberts County,61.7,56.3,66.7,84.3,84.9,83.9,0,0,0,0,0,0,84.9,25,100,100,83.9,6.4,11.8,70084,68362,29369,25888,34063,724,96.1,95.9,0,0.3,0,0,0,3.9,13.8,310,5,7,0,0,38,0,24,0,43,33.5,55.3,12.4,3.7,23.5,17.3,15.6,19.4,9.5,17,0,17.8,30.3,1.8,131
Texas,Robertson County,50.9,48.4,53.6,66.8,62.2,71.9,9.4,11.4,7.5,9.5,12.3,6.6,70.9,78.2,69.6,84,76.9,11,15.8,75590,60723,34767,25108,48830,16839,93.6,70.5,20.5,0.1,0.3,0,2.1,6.4,21.8,6310,402,190,0,453,1054,626,29,677,25.5,22.1,29,24.1,16.7,31.6,21.1,14.2,28.2,13,25,0.8,16.3,22.1,10.4,141
Texas,Rockwall County,66.9,60.4,73.6,79.5,72.1,87.1,3.6,3.2,4,3.1,3.2,3,74.5,56.4,78.1,69.2,90,3.3,3.9,130996,121639,59318,46595,71725,105227,92.5,77.4,7.2,0.9,3.1,0,3.8,7.5,18.8,35771,3480,2193,84,1273,11166,4341,502,2831,49.7,47.7,52,13,11.2,15.2,22.7,16.9,29.6,6.5,11.7,0.3,8.1,12.4,2.9,162
Texas,Runnels County,58.3,51.3,65.2,79.3,73.7,84.5,2,0.7,3,1.7,0.3,2.8,74,77.9,89.8,70.7,87.1,11.5,13.1,66803,56792,35660,28430,41037,9887,91.1,84.2,2.7,0.6,0.1,0,3.4,8.9,35.1,3746,242,173,0,157,768,174,19,400,34.4,29,41.3,16.7,11.2,23.9,19.9,10.6,31.9,15.4,27,0.6,13.5,22.2,2.2,107
Texas,Rusk County,51.8,47.3,55.4,63.3,60.6,65.3,6.1,6.7,5.7,5.3,5.6,5.1,64.2,61.9,69.8,39.2,68.8,8.4,11.7,76128,65760,37470,27094,45266,52542,92,73.1,16.4,0.1,0.5,0.1,1.8,8,17.6,17656,1064,968,16,822,3106,1990,201,1971,29.8,22.3,40.6,14.8,9.7,22.1,18.1,9.5,30.3,15.5,26,0.7,21.8,32.6,6.3,114
Texas,Sabine County,36.5,36.1,36.9,56.6,57.5,55.7,10.2,5.6,14.6,9.4,4.9,13.8,60.5,71.8,72.5,72.7,64.5,17,19.5,63349,45026,32913,23936,40833,9974,96.7,88.2,5.5,0.5,1.2,0.3,1.1,3.3,4.8,4317,238,153,37,60,449,200,93,317,26.2,17.2,34.7,18.9,13.2,24.3,24.2,10.3,37.3,14.6,30,0,16.2,29.3,3.8,116
Texas,San Augustine County,40.5,40.7,40.3,59.7,60.9,58.4,11.4,6.8,15.8,11.3,4.6,17.8,63.9,91.2,68.5,25.5,71,17,25.1,52518,47012,29776,22022,44101,7964,98.8,71.7,22.4,0.5,0.1,0,4.2,1.2,7.6,3167,82,81,36,126,293,244,3,424,25.5,20.1,30.4,16.8,8.9,24.1,22.4,11.7,32.3,14,28.8,0.4,21.4,30.5,12.9,116
Texas,San Jacinto County,45.6,34.8,56.8,59.3,46,72.5,7.7,6.8,8.3,7.7,6.9,8.3,49.4,57.5,64.1,24.2,79.1,13.2,17,71758,50879,36788,29419,44443,27380,90.5,78.2,9.5,0.5,0.2,0,2.1,9.5,14.3,9451,189,510,95,546,1660,1167,120,714,31.1,26.6,38.3,16.6,10.3,26.6,16.1,7.4,29.7,16,25.5,0.9,20.3,30.2,4.5,116
Texas,San Patricio County,55.8,50.6,60.8,70.2,64.5,75.7,4.3,4.2,4.4,4.2,4,4.3,67.4,55.5,75,72.8,79.6,13.2,15.7,76791,64890,37233,26955,46552,68600,87.9,80.9,2,0.1,1,0.2,3.7,12.1,58.5,23808,1353,1181,91,2124,4602,2155,336,3545,30.4,25.2,36.9,21.7,16,28.6,19.5,10.5,30.7,12.4,22.1,0.4,16,26.2,3.4,138
Texas,San Saba County,45,36.6,52.4,61.8,56.7,65.7,3.4,3.9,3.1,3.2,2.7,3.5,58.2,88.2,65.7,82.5,68.8,5.9,11,63718,51150,28167,20809,33443,5775,92.1,81.6,1.8,0.1,0.1,0.2,8.3,7.9,30.7,1960,145,30,0,147,226,184,26,121,29.3,25.5,35.6,21.8,17.3,29,18.9,13.3,28,14.3,23.1,0,15.6,20.8,7.3,116
Texas,Schleicher County,47.4,40.2,54.6,66.6,60.9,71.2,16.4,9.8,20.7,17.7,11.8,21.3,70.1,15,88.5,72.8,93.7,10.3,11.7,86581,66592,43709,24401,58315,2547,98.6,62.8,1.2,0,0,0.5,34,1.4,54.3,883,68,126,0,0,294,34,0,42,30.4,21.9,41.9,10.1,6.4,15,21,7.8,38.7,19,33,0,19.6,30.8,4.4,112
Texas,Scurry County,50.1,43.3,55.4,60.9,58.5,62.5,2.9,2.9,2.9,2.3,2.9,1.9,60.2,56.7,80,46.3,63.7,8.4,13.2,75921,58180,36762,27848,43951,16985,91.9,79.2,4.3,0.1,0.6,0,7.8,8.1,41.6,5973,522,452,0,200,958,523,54,457,21.9,14.9,33.5,19.2,13.6,28.4,20.9,13,34,20.4,32.4,0.9,17.5,26.2,3.3,107
Texas,Shackelford County,58.4,53.3,63.6,73.8,67.9,80.1,7.2,8.3,6.3,7.2,9,5.6,74.6,79.4,85.8,69,84.8,8.6,10.6,74665,59837,36240,30273,38831,3145,96.5,93.2,0.2,0.6,0.2,0,2.3,3.5,12,1269,100,45,0,61,261,105,6,75,34.2,29.9,39.1,14.6,12.2,17.3,27.3,20.8,34.9,15,24.1,4.6,8.9,13,4.1,107
Texas,Shelby County,52.7,43.3,62.4,67,56.1,78.6,6,6.5,5.6,5.9,5.9,5.9,59.6,75,71.9,61.9,83.5,18.8,23.6,62823,48509,34485,23708,44529,24254,96.7,73,18.6,1.4,0.5,0,3.2,3.3,18.8,8898,606,344,0,527,1157,752,67,1209,26.2,21.2,33,18.6,12.8,26.5,20.4,9.5,35.6,16.7,28.7,0,18.2,27.8,4.8,116
Texas,Sherman County,59.1,44.7,73.2,70.3,51.9,89.6,1.8,4.6,0.1,1.4,3.7,0,53.9,55.2,50.8,62.7,89.6,10.1,11.6,68125,60677,40490,35265,42089,2357,90.9,79.1,0.1,0,2.3,0,9.4,9.1,45.2,810,26,49,0,40,156,128,28,52,32.7,28.3,40.1,16.5,9.5,28.2,17.9,11.9,27.9,21.5,33.2,1.7,11.5,17,2.1,131
Texas,Smith County,59.3,54.5,64.5,73.7,68.9,78.8,4.9,4.3,5.4,4.6,4.3,5,71.9,65.7,81.1,65.7,83.2,9.7,13.6,82185,68145,37569,32352,44871,231429,95.8,74.2,17,0.4,1.7,0.1,2.3,4.2,20.1,81377,7243,4808,331,3819,18710,6553,554,8219,34.2,28.8,40.1,18.4,14.7,22.3,21.9,16.3,27.9,9.6,17.6,1,15.9,22.7,8.7,114
Texas,Somervell County,56.1,45.3,67.3,72.7,59.1,85.8,5.4,7.2,4.1,3,4.7,1.8,62.1,76,84.4,39.9,87.4,6.4,10.8,104387,97286,44305,34831,64750,9170,90.3,82.4,2.1,0.3,1.1,0,4.5,9.7,18,3227,150,115,0,62,920,206,0,167,40.6,39.3,42.4,13.2,13,13.5,16.7,10,26.4,15.5,23.5,3.8,14.1,14.2,13.9,162
Texas,Starr County,51.2,46.7,55.9,64.2,59.7,69,12.1,12.7,11.5,11.6,12.2,11.1,68,70.1,76.8,55.2,77.6,30.1,32.6,43330,36334,22736,17705,30738,65568,76.2,70.7,0.1,0.1,0,0,5.3,23.8,96.3,18599,1654,1962,0,3438,3690,2611,177,5856,25.2,16.8,34.7,26.9,16.8,38.3,14.9,9.3,21.1,16.9,31.7,0.4,16.1,25.4,5.6,122
Texas,Stephens County,51.6,45.2,57.5,65.1,59.2,69.9,6.5,4.4,8,6.6,4.6,7.9,62.1,78.8,68.9,57.7,75.9,12.2,15,67994,50725,37670,29679,42996,9142,92.8,85,3.2,0,0.9,0,3.7,7.2,24.6,3385,220,170,0,224,370,249,43,424,32.5,35.4,28.5,20.1,10.1,33.7,18.8,8.2,33.3,10.9,18.5,0.5,17.7,27.8,3.9,107
Texas,Sterling County,64,62.9,65.2,85.6,80.9,91.5,0,0,0,0,0,0,80.9,13.9,90.9,32.1,91.5,3.3,4.5,64986,60474,41915,29823,64038,1391,85.2,76.9,0.1,0.2,0.9,0,7,14.8,36.4,397,19,78,0,0,112,109,0,73,26.8,29.4,24.3,22.5,3.2,40.1,22,7.2,35.5,13.6,28.3,0,15.3,31.9,0,112
Texas,Stonewall County,65,58,73.5,76.2,68.1,86.1,2.1,4.2,0,2.8,5.5,0,72,46.4,77.9,57.7,86.1,4.9,7.2,79511,67878,28040,20523,50157,1358,97.5,92,1,2.7,0,0,1.9,2.5,25.3,472,32,60,9,56,175,38,3,49,21.5,23,19.9,20.6,3,39.2,19.7,13.1,26.6,14.6,28.4,0,23.7,32.5,14.2,107
Texas,Sutton County,60.2,50.3,70.1,74,65.8,80.9,4.1,6.2,2.5,4.7,7.2,2.9,70.9,68.8,74.8,76.5,83.3,12.8,12.2,69376,67076,42547,29026,62692,3417,95.1,53.6,0.1,0.7,0,0.1,40.5,4.9,70.2,1124,151,151,0,109,293,115,12,180,29,19.9,41.8,12.3,6.8,19.9,29.9,24,38.2,19.6,33.5,0,9.2,15.8,0,112
Texas,Swisher County,46.9,48.6,45.4,57.6,62.8,53.7,6.2,0.8,10.5,6.4,0.9,10.8,63.3,44.9,77.8,61.6,60.2,20.8,24.9,52062,43257,35462,22606,41556,7055,92.4,79.9,8.1,1.3,0.7,0.1,2.4,7.6,45.2,2477,177,100,25,32,528,233,67,361,38.4,34.2,43.1,24.1,14.5,35,10.7,5.2,16.9,15.9,28.5,1.6,11,17.7,3.4,131
Texas,Tarrant County,65.1,58.4,72.3,76.8,69.9,83.9,5.1,5.3,4.8,4.6,4.9,4.4,73.6,69.1,75.9,63.7,88.1,8.4,11.3,94820,80164,43431,36162,49392,2091953,91.4,59.5,17,0.5,5.7,0.2,8.6,8.6,29.5,739804,62603,42741,2997,43315,147217,80007,7737,97377,38.5,34.5,43.1,15.1,12.1,18.6,22.6,16.9,29.3,9,16.1,0.8,14.7,20.4,8.1,173
Texas,Taylor County,60.7,57.7,63.9,73.1,71.5,74.6,2.8,2.3,3.1,2.4,2,2.8,74.5,70.9,81.1,73,84.8,9.6,14,79513,63014,34332,28570,41427,141739,92.5,73.7,7.8,0.3,2.3,0,8.3,7.5,25.3,53292,4888,2260,207,3280,10056,3044,502,6412,34.7,29,40.7,20.3,15.7,25.2,22.1,14.8,29.6,10.8,20.5,0.7,12.1,20,3.8,107
Texas,Terrell County,39.2,39.5,39,58.2,59.3,57.1,0,0,0,0,0,0,59.3,100,34.3,27.3,57.1,0,5.1,64870,51243,40875,35970,64719,979,92.2,88.5,1.4,0,0,0,2.3,7.8,54.1,426,20,14,0,0,17,39,0,29,21.2,21.2,21.2,11.3,8.8,13.9,15.5,9.4,21.8,21.8,40,3,30.1,20.6,40,135
Texas,Terry County,54.2,52.3,55.9,67.3,67.5,67.2,8,9.2,6.9,5.8,8.3,3.7,73.6,86.5,86.2,53,69.8,17.9,22.3,59552,52030,32687,22978,38711,11937,82.3,75.6,2.1,0.1,0,0,4.5,17.7,56.2,4082,209,425,64,347,492,346,135,816,22.6,14.2,33,20.2,11.7,30.9,20.2,12.2,30.2,23.2,38.9,3.7,13.7,23,2.3,127
Texas,Throckmorton County,58.9,47.4,70.1,76.3,69,83.3,5.9,8,4.5,7.3,8.9,6,75.7,94.8,100,50,88.6,12.7,18,67785,51775,26833,22009,31426,1426,93.4,92.4,0.4,0,0,0,0.6,6.6,13.3,618,61,10,0,59,91,18,5,14,40.9,31.2,55.6,13.9,11,18.4,17.6,12.1,26,12.6,21,0,14.9,24.8,0,107
Texas,Titus County,58.3,50.2,66.9,73,62.1,84.2,5,4.9,5.1,3.9,4.1,3.8,64.8,81.1,70.2,59.5,87.6,13.1,16.9,69288,58662,33177,26419,40743,31327,91,67.1,9.5,0.3,0.8,0,13.3,9,44.4,10654,775,647,67,974,1888,1514,80,2153,22.1,17.4,28,19.8,15.7,25,19.9,10.7,31.5,10.8,18.3,1.2,27.5,37.9,14.2,110
Texas,Tom Green County,60.3,56.8,63.9,74.3,71.5,77,3.7,4.4,3.2,3.1,3,3.1,75.1,74.1,82.7,61.6,84.9,8,11.8,82905,67637,35871,29854,42110,119048,89.3,77,4,0.5,1.4,0.1,6.2,10.7,41.2,44814,3636,2323,71,2258,8614,2929,457,4617,34.1,30.4,38.2,17.7,14.3,21.6,24.5,15.1,35,12.6,22.7,1.2,11.1,17.5,4,112
Texas,Travis County,69.9,64,75.6,79.8,74.1,85.2,4.3,4.8,3.9,4.1,4.5,3.7,77.5,72.3,75.7,63.9,88.7,7.5,11.2,118649,92697,50432,44110,57605,1267795,91.1,66.2,8.3,0.7,7.1,0,8.8,8.9,33.6,514227,38981,24082,986,18498,79015,38485,3317,40086,52.9,51.1,55,13.5,11.2,16.3,19.7,15.7,24.5,6.5,11.6,0.5,7.4,10.4,3.8,197
Texas,Trinity County,42,37,47.3,58.8,51.6,66.8,8.4,11.2,6,9,12,6.3,58.6,74.1,72,63.1,71.3,14.1,16.8,61113,49477,34520,28120,44878,13695,95.9,83.9,8.5,0.2,0.1,0,3.3,4.1,11.1,5879,164,268,49,336,700,320,56,225,32.1,20.2,46.3,20.6,20.8,20.5,18.6,11.7,26.8,15.4,28.2,0,13.3,19,6.4,116
Texas,Tyler County,36.9,36.6,37.1,47.4,51.3,44.6,16.2,13.1,18.5,15.6,11.8,18.6,58.1,54.1,54.6,52.2,54.8,12.1,19.1,62418,53552,35840,23097,45025,20032,95.9,83.6,10.3,0.1,0.6,0,1.3,4.1,8.3,6525,158,313,10,203,654,710,12,750,27.9,26.7,29.3,19.9,13.1,28.3,20.7,10.1,34,15.2,27.4,0,16.3,22.7,8.3,116
Texas,Upshur County,52.8,47.6,58.2,67,60.2,74,4.8,2.6,6.6,4.4,2.3,6.1,61.7,63.7,60.3,61.8,78.8,10.9,15.5,73806,60000,35184,25855,46935,40781,95.9,84.8,8.1,0.4,0.4,0,2.2,4.1,9,14576,982,873,149,679,2433,1922,128,1592,28.7,23,35.6,15,10.4,20.5,24.5,14.9,35.9,14.6,25.5,1.7,17.1,26.1,6.4,114
Texas,Upton County,54.7,46.4,62.9,67.6,57.8,76.5,5.2,6.1,4.5,5.7,7,4.9,62.2,68.6,72.1,34,80.5,13.1,16.9,76896,63583,41309,27298,59354,3340,96.3,42.7,3.8,0.5,0.5,0,48.9,3.7,56.3,1422,7,29,8,64,260,136,16,236,28.2,28.9,27.2,16.9,9.8,26.5,19.9,4,41.8,20.4,34.2,1.3,14.7,23.1,3.2,135
Texas,Uvalde County,54.7,54.6,54.9,68.8,69.4,68.1,5,3.5,6.6,4.9,2.4,7.4,71.2,70.7,78.7,49.3,73.6,16.4,19.2,66327,56246,29174,21078,36002,24918,92,84.4,1.1,0.6,1.1,0,4.8,8,72.3,8324,395,371,0,609,1453,672,167,1393,26.5,21.9,30.9,24.8,18.6,30.7,19.5,9.7,29,16.7,32.3,1.8,12.5,17.5,7.6,111
Texas,Val Verde County,54,51.8,56.1,67.4,64.6,69.9,4.4,3.3,5.3,3.7,3.4,3.9,69.5,67.1,85.9,48.8,82.3,14.1,17.1,65569,56624,29779,24011,35407,47767,88,78.6,1.2,0.3,0.7,0,7.2,12,82.6,16146,1391,939,7,1347,3819,918,130,2581,26.7,18.3,36.4,22.7,19.4,26.5,22.4,18.1,27.2,12.7,22.1,2,15.5,22.1,7.9,111
Texas,Van Zandt County,52.5,43.9,61.6,67.6,57.5,78.1,3.7,4.6,3,3.7,5,2.6,60.5,52.8,71.5,46.1,80.3,8.9,12.1,77403,66622,38757,28933,48006,58782,97.1,91.6,2.9,0.7,0.4,0,1.5,2.9,11.8,22047,1113,1457,166,1116,3096,1883,207,1885,33.5,28.4,40.3,15.9,11.1,22.2,20.7,12.5,31.5,16.4,27.2,2.1,13.5,20.7,3.9,114
Texas,Victoria County,59.7,54,65.7,74.2,68.4,80,4.6,5.6,3.8,4.6,5.8,3.7,72.6,69.9,78.4,58.6,83.1,11.8,16.2,79641,66052,36868,29373,45909,91280,87,75.3,5.8,0.6,1.2,0.1,4.1,13,48,34219,1902,1652,190,1845,6358,3186,696,3435,30.8,26,36.5,18.7,13.4,24.9,22.3,14.6,31.3,12.7,22.9,0.8,15.5,23.1,6.5,119
Texas,Walker County,42.9,43,42.8,51.1,54.6,48.9,4.6,5,4.3,4,3.9,4,56.8,55.9,71.9,52.2,51,13.2,20.6,68156,48073,31187,26328,34818,76506,94.5,68.2,22.9,0.2,1.1,0.3,1.7,5.5,18.3,23780,901,1299,99,1039,2186,2124,165,2272,27.4,22,35.3,27.7,26.9,29,19.5,12.3,29.9,10.6,17.6,0.3,14.8,21.2,5.5,159
Texas,Waller County,57.4,48.3,66.7,69.8,58,81.2,4.6,4.1,4.9,3.6,2.6,4.2,59.6,67.9,66.6,49.6,84.7,6.5,12.4,85882,71263,38258,27881,47277,55505,93.8,54.3,23.7,0.5,1.3,0,14,6.2,31.1,17286,1507,1251,16,1001,3227,3077,36,1735,35.4,31.4,40.8,16.8,14.3,20.1,24.1,16.3,34.6,12.5,21.7,0.1,11.2,16.2,4.4,159
Texas,Ward County,60.8,48.4,73.3,74.1,61.4,85.6,5.7,3.4,7.3,5.3,3.7,6.4,63.8,58.6,89.2,34.3,91.4,13.4,13.7,76877,72175,47107,25576,60271,11375,94.7,80.6,3.7,0.2,2.5,0,7.6,5.3,55.2,4299,251,401,0,278,1061,502,18,406,26.6,21.1,34.9,18.1,9.8,30.4,19.7,12.5,30.6,14,23.1,0.4,21.6,33.5,3.7,135
Texas,Washington County,56.5,54,59.2,74.5,72.4,76.7,4.8,3.9,5.7,4.6,3.7,5.6,75.2,59.6,85.2,71.8,81.6,6.9,9.8,91046,71845,37532,34130,44485,35561,94.8,74.7,17,0.2,1.3,0,1.7,5.2,16.8,13906,1144,589,20,482,2621,762,20,1083,37.4,29.3,45.6,16.1,12.4,19.8,22,14.1,30,11.5,22.3,0.6,13,22,3.9,141
Texas,Webb County,57.9,50.2,66,69.2,60.6,78,5.8,5.5,6,5.4,5.2,5.6,64,58,67.4,50.7,82.8,20.3,22.9,65134,59534,29928,23412,38390,266963,73.5,68.3,0.4,0.2,0.5,0,4.1,26.5,95.5,76207,6056,7867,282,10271,16815,14453,1420,18691,26.1,21.4,32,22.6,17.4,29,26,19.9,33.7,10.1,17.7,0.5,15.3,23.6,4.9,118
Texas,Wharton County,56.1,49.3,63.3,70.3,63.6,76.9,6,7.8,4.4,5.7,6.6,5,68.2,81.7,80.4,70.6,80.9,10.1,14.5,75118,58820,36420,29953,42525,41602,91.7,73.7,13.2,0.1,0.4,0,4.2,8.3,42.6,14991,1345,787,36,810,3229,1320,131,1602,26.8,18,37.5,17.9,12.5,24.3,19.8,11.3,30,17.1,28.2,3.6,18.5,30,4.6,159
Texas,Wheeler County,60.8,54.9,66.8,77,68.7,85.8,3.8,5.8,2.2,4,5.5,2.6,72.6,44.4,88.6,81.9,88.4,13.2,17.4,66729,56830,29421,21425,47709,5091,93.1,86,1.8,0.1,0.3,0,4.9,6.9,25.6,1935,95,182,0,132,382,106,0,301,22.1,21,23.4,23.9,12.5,37.7,23.9,15.9,33.6,19.9,34.6,2.2,10.2,16.1,3,131
Texas,Wichita County,54.8,55,54.7,65.7,68.7,63.1,4.7,4.3,5,4.2,3.7,4.6,73.1,72.3,77.8,66.7,75.4,10.9,16.6,76067,58066,32692,28260,37192,129419,93,75.5,10.3,0.9,2.1,0.1,4.1,7,20,48173,3474,2022,283,2732,7443,2904,497,4970,32.1,26.1,38.6,20.4,15.7,25.6,20.8,14.3,27.8,10.2,18.1,1.7,16.5,25.8,6.3,116
Texas,Wilbarger County,55.7,53.1,58.5,67,65.3,68.8,8.7,7.5,9.8,7.9,6.4,9.4,70.4,77.3,73.1,95.6,76,13.9,18.1,66081,49336,28997,29052,28800,12887,90.1,71.8,7.7,1.1,3.2,0,6.3,9.9,30.3,4586,482,140,12,272,867,124,33,690,23.3,18.5,28.4,27.5,23.8,31.3,23.6,17.3,30.2,8.8,15.7,1.6,16.8,24.7,8.5,116
Texas,Willacy County,50.4,43.7,55.4,60.8,55.8,64.3,7.9,11,6,7.9,10.4,6.4,62.2,64.7,61.8,71.3,68.7,23.6,26,53138,42947,27227,20239,32506,20423,83.4,79.5,0.6,0.6,0,0,2.7,16.6,88.2,5372,433,275,0,668,899,613,63,1063,20,13.5,30.9,23.8,16.2,36.8,19.8,16.5,25.5,21.8,32.2,4,14.6,21.6,2.8,122
Texas,Williamson County,67.2,60.3,74.3,79.6,72.4,86.8,4.5,5.1,4,4.2,4.8,3.7,76.1,71.5,79.9,65.2,90.6,4.5,6.3,119852,103228,52601,42548,63739,591759,90,71.9,6.5,0.4,7.5,0.1,3.6,10,25,217780,21522,12000,1166,6572,54564,20152,2089,17522,50,49.2,50.9,13,10.8,15.7,22.3,16.9,28.6,6.5,11.5,0.6,8.3,11.6,4.3,166
Texas,Wilson County,58.7,51.6,65.7,73.2,64.2,82.1,3.9,3.9,3.9,3.5,3.6,3.4,66.9,68,69.1,80.4,86.3,6.8,9.8,106117,91606,46811,37129,58169,49374,88.2,82.8,1.5,0.4,0.6,0,3,11.8,40.5,16949,1538,763,32,711,4531,1946,242,1001,34.4,30.8,39.1,15.2,12.4,18.9,24.2,15.3,35.7,13.6,23,1.3,12.6,18.5,5,154
Texas,Winkler County,59.4,42.3,76,73.3,57.3,86.1,2.2,1.8,2.3,2,2.1,1.9,58.5,26.6,80.3,21.5,87.8,9.2,12.2,82684,74015,47214,30764,60133,7629,86.3,75.6,1.9,3.7,0.8,0,4.3,13.7,62.2,2723,96,422,0,256,532,403,14,374,19.3,17.8,22.1,20.1,12.2,34.8,17.7,8.2,35.6,17.4,24.5,4,25.5,37.4,3.4,135
Texas,Wise County,61.7,54.9,68.5,75,67.1,82.6,4.6,4.5,4.7,3.6,3.4,3.8,69.5,59.4,79.5,55.5,85.8,7.6,10,95871,82275,40702,31508,54606,67877,96.3,88.3,1.4,0.7,0.4,0.1,5.3,3.7,20,23488,1313,1529,63,1157,4940,2344,356,2343,29.8,26.1,34.4,15.4,9.9,22.3,23.2,14.5,34.1,13,22.9,0.7,18.6,26.6,8.6,162
Texas,Wood County,46.1,41.1,51.1,65.4,59.2,71.4,4.6,4.4,4.7,4.4,3.7,4.9,61.5,65.4,66.9,59.1,75.1,10,13.6,78100,63676,36800,29829,44339,44615,94.7,86.6,4.7,0.2,0.6,0,2.5,5.3,10.5,17584,795,661,70,715,2064,989,308,1137,30.5,22.4,40.4,15.1,11.7,19.3,20.1,10.6,31.7,18.2,30.9,2.6,16.1,24.4,6,114
Texas,Yoakum County,61.3,44.6,77.2,70.9,53.1,89,3.6,0.1,5.4,3.2,0.1,5,53.1,22.5,62.7,36.6,93.6,8.3,11.3,89054,79681,53268,27891,71194,7707,86.5,74.3,1.3,0.9,0.6,0,9.3,13.5,67.8,2682,155,611,0,70,451,581,7,297,30.4,26.3,37.9,16.4,8.4,30.8,9.4,3,20.9,30,45.6,1.9,13.8,16.8,8.4,127
Texas,Young County,55.3,44.4,66.8,69.6,56.5,81.9,3.3,3.2,3.3,3.7,3.8,3.7,58.7,57.6,68.1,75.1,85,10.2,14.2,82121,56761,40016,27229,47742,17894,96.3,91.6,1.3,0.6,0.2,0,2.7,3.7,19.4,7409,393,240,11,373,1262,688,0,584,29.3,24.8,35.7,16.7,10.4,25.8,21.3,16.9,27.7,17.7,28.8,1.8,14.9,19.1,9,116
Texas,Zapata County,50.4,43,58.4,64.3,54,76.4,8.3,9.9,7.1,6,10.4,2,60.2,66.3,72.6,34.1,77.9,27.6,35.2,41290,37503,23984,21574,28737,13945,76.2,68.4,0,0,1.4,0,6.4,23.8,94.8,4390,140,190,48,750,718,501,150,680,21.7,11.4,34.7,22.5,12,35.8,19,11.9,28,20.7,36.5,0.7,16.1,28.3,0.7,118
Texas,Zavala County,55.5,48.5,61.8,70.8,63.2,77.6,3.7,3,4.1,2.5,2,2.9,64.5,49.7,55.1,83.3,80.3,20.6,29.7,51868,48585,24869,16944,36287,9900,79.4,74.7,0.4,0,0.3,0,3.9,20.6,93.9,3394,204,83,0,660,174,75,54,1226,24.6,15.3,37.7,22.6,17.2,30.1,18.5,9.4,31.3,17.8,30.4,0,16.6,27.7,1,111
Utah,Beaver County,59,57.6,60.4,75.3,72.2,78.3,5.1,3.7,6.4,5.4,4,6.6,75.2,82.3,61.6,75.6,83.8,3.8,5.7,92770,81280,41843,28595,56210,6962,96.3,90.8,0.2,0.7,0,0.2,4.6,3.7,12.3,2126,511,190,59,44,744,483,70,56,34.9,31,39.3,14.3,5.2,24.2,15.8,15.1,16.6,17.8,24.3,10.6,17.2,24.5,9.3,155.77
Utah,Box Elder County,63.5,53.8,72.9,76.5,65,87.6,2.7,3.6,2,2,3.1,1.2,67,47.3,70.1,55.6,89,5.6,7,86413,73560,37905,24270,51869,56891,95.9,91.4,0.5,0.7,0.9,0.2,2.2,4.1,9.7,18194,2311,2189,74,464,6182,3906,212,1122,33.1,31.8,34.9,15.1,11.3,20.3,18.8,10,31.2,10.5,16.9,1.6,22.5,30,12,155.77
Utah,Cache County,67.6,60.6,74.6,78.4,70.5,86.2,2.6,2.7,2.4,2.2,2.1,2.2,72,62.1,72.7,49.5,88.2,9,13.9,81434,71580,28815,19013,39665,131703,95.1,88.7,0.6,0.5,1.9,0.4,3.1,4.9,10.9,40362,4875,5349,307,1609,12896,7972,446,3636,38.4,38.4,38.3,16,10.2,23.1,21.6,16.6,27.6,7.3,12.4,1.1,16.8,22.3,9.9,155.77
Utah,Carbon County,52.9,48.4,57.5,69.6,63.8,75.3,6.8,5.9,7.5,5.6,4.1,6.8,66.5,58.5,79.8,40.4,80.9,12.6,16.3,71806,56380,29677,18269,50839,20208,95.2,90.4,1.4,0.5,0.5,0.3,2.1,4.8,13.6,7762,572,648,54,190,1545,755,72,721,27.1,24.5,30.1,15.6,11,20.9,25.6,14.1,39.2,15.5,27.6,1.3,16.2,22.8,8.5,155.77
Utah,Daggett County,48.1,50,46.8,59.2,63.5,56.2,2.1,0,3.5,2.4,0,4.2,63.5,100,72.2,21.4,58.6,1.7,6,86324,54273,37372,30520,43600,564,95,92.4,0.2,0.5,0,0,2,5,3.7,197,8,22,0,0,94,40,0,2,34.4,30.9,39.2,21.2,18.2,25.3,20.6,14.5,29.1,12.2,20.9,0,11.6,15.5,6.3,155.77
Utah,Davis County,68,60.3,75.6,78.4,70.3,86.4,2.4,2.4,2.5,2.2,2.1,2.2,72.2,61.4,74.6,51,90.3,4.3,5.5,113000,101114,43865,30518,59486,358831,94.2,88.2,1.2,0.4,1.8,0.7,1.9,5.8,10.2,109899,14020,14751,409,3714,36831,25051,668,10817,43.1,43,43.4,13.2,9.2,18.2,22.9,15.9,31.9,8.1,14.1,0.5,12.6,17.8,6.1,155.77
Utah,Duchesne County,56.9,47.5,66,69.6,58.4,80.4,5.3,3.6,6.4,4,3.5,4.4,60.5,49.5,69.7,44.7,84.2,10.2,13.2,80413,72445,40056,23509,54474,19651,96.7,88.8,0.2,4,0.4,0.4,2.9,3.3,8.4,6223,681,1064,64,262,1764,1419,75,578,30.9,26.3,37.4,13.9,7,23.8,17.5,9.7,28.6,18.1,29.8,1.5,19.6,27.3,8.6,155.77
Utah,Emery County,52.5,46.5,58.3,67.3,60.1,74.6,4.2,4.4,4,4.3,4.4,4.2,62.9,72,66.1,55.4,78.3,7.8,12.5,81410,66745,35199,19124,58610,9839,97.7,96.5,0.1,0.7,0,0.4,0.1,2.3,6.5,3450,292,295,19,133,655,727,62,354,26.9,21.7,33.4,19.8,13.6,27.7,18.5,8.2,31.4,21.2,37.2,0.9,13.7,19.3,6.6,155.77
Utah,Garfield County,54,51.7,56.2,71.9,67.5,76,4.9,4,5.6,2.3,3,1.8,69.6,71.6,68.5,64.2,77.4,11.1,15.6,75449,49839,27306,21585,32750,5061,99,92.5,0.1,4.3,0,0.6,1.5,1,6.2,1823,104,167,0,126,360,206,27,143,34.2,31.6,37.3,28.3,27.9,28.9,17.1,5.8,30.6,13.4,24.3,0.5,6.9,10.4,2.7,155.77
Utah,Grand County,68.8,65.9,71.8,86.8,82.6,90.9,1.2,2.1,0.4,0.6,0.8,0.4,83.2,92.8,90.7,79.8,91.3,9.1,14.8,76300,56062,29797,23106,40444,9630,97.5,90.2,0,3.7,1.5,0.6,1.6,2.5,10.5,4271,329,133,14,113,636,131,0,379,29.6,26.4,33.1,30.9,31.5,30.2,23.8,15.9,32.3,8.6,16.3,0.5,7,9.9,3.9,155.77
Utah,Iron County,60.3,55.7,65,73.9,67.8,79.9,4.2,3.8,4.4,3.8,3.7,3.8,70.5,56.7,77.5,49,83.1,9.3,15.3,75077,61376,28004,17490,36974,55839,95.8,90,0.7,1.8,1,0.2,2.1,4.2,9.3,17736,1663,2173,107,466,4886,2975,322,1816,31.2,32.9,29.3,20.5,13,29.1,23.8,15.1,33.7,12.1,21.7,1.2,12.4,17.3,6.7,155.77
Utah,Juab County,64.8,60.4,69.1,77.4,72.7,82,2.4,2.5,2.3,2,2.6,1.6,74.6,57.1,83.2,75.4,83.5,9.5,11.3,91979,81468,35194,29563,53138,11648,96.1,91.9,0.2,1.3,0.3,0,2.3,3.9,5.6,3500,476,376,28,202,1732,436,92,364,33.7,30.2,37.9,17.5,12.5,23.5,17.6,7.1,30.3,12.7,22.1,1.4,18.5,28.1,6.9,155.77
Utah,Kane County,56.4,59.3,53.8,73.2,76.4,70.2,3.5,4.9,2,4,5.6,2.3,80.9,80.5,87.2,58,73,6.5,12.5,84066,61471,34543,31489,37543,7635,99,91.3,0.3,4.6,1.1,0.3,1.3,1,3.2,3006,266,132,0,54,591,179,16,254,37,35.4,38.5,27,31.2,22.9,24.6,13.4,35.4,3.9,7.4,0.6,7.6,12.6,2.7,155.77
Utah,Millard County,59.7,52.8,66.4,76.2,68.9,83.1,3.1,4.5,2.1,2.2,1.9,2.4,70.3,51.2,95.3,53.1,85.1,11.6,12.6,80746,72271,33257,19130,47853,12860,96.4,86.5,0.3,1.2,1.4,0.1,6.9,3.6,12.7,4204,461,532,4,113,1696,505,39,298,27.6,24.7,31.4,18.7,12.2,27.3,18.4,8.8,31,17.7,29.2,2.6,17.5,25,7.7,155.77
Utah,Morgan County,63.1,53.9,71.8,76.3,62.8,89.1,1.3,1.6,1.1,1.5,1.8,1.2,64,65.4,71.5,41.5,90.2,1.7,1.8,128016,122866,47440,21996,79025,12162,98.2,94.9,0.7,0.2,0.2,0.5,1.6,1.8,3,3504,453,567,0,108,1486,1356,0,104,53.2,53.5,52.8,12.9,6.6,21.6,14,10,19.7,11.4,18.2,2,8.4,11.7,3.9,155.77
Utah,Piute County,40.3,40.7,40,58.6,59.3,58,5.6,4.2,6.9,4.8,5,4.6,62.4,75,83.1,38.5,60.9,13.4,19.9,48649,36636,28752,22967,29864,1809,96.7,94.5,0.3,0,0,0,1.9,3.3,4.5,538,32,45,0,0,138,34,44,5,48.1,32.4,65.3,8.4,1.2,16.2,11.8,5.6,18.5,21.9,42,0,9.8,18.8,0,155.77
Utah,Rich County,52,45.6,58.1,68.4,59.5,77.6,3.1,1.8,4,0.9,2,0,60.7,50,65.9,33.3,77.6,5.7,7.1,82356,73462,38263,28177,48212,2507,92.9,90,0,0,0,0,2.9,7.1,8.8,661,97,112,0,19,273,251,31,49,23.7,21.9,26.2,14.7,3.8,29.3,25.8,14.5,41.1,17.4,30.3,0,18.4,29.5,3.3,155.77
Utah,Salt Lake County,69.1,62.8,75.4,80,73.5,86.2,3.9,3.9,3.8,3.4,3.5,3.4,76.3,68.1,77.4,55.4,89.4,5.5,8.4,105268,89605,43289,34919,52412,1173331,93.5,76,1.9,0.9,4.1,1.5,9.1,6.5,18.8,399584,40560,32252,1654,14773,97902,53671,3013,35570,42.1,40.7,43.8,13.6,10.7,17.2,23.2,17.2,30.4,8.5,15,0.7,12.6,16.4,7.9,155.77
Utah,San Juan County,49.2,45.9,52.6,62,59.4,64.7,11.1,10.4,11.7,9.1,8.1,10.1,64.6,39.5,77.8,69.6,72,15.8,21.2,66529,57116,31060,24343,43104,14610,96.7,48.1,0.3,47.2,0.2,0,0.8,3.3,6,4438,368,330,8,329,1344,551,59,658,32.3,28,37.1,21.9,16,28.4,16.1,8.3,24.6,14.9,27.4,1.2,14.8,20.3,8.7,155.77
Utah,Sanpete County,53.1,51.7,54.3,62.6,62.8,62.5,3.9,3.8,3.9,2.9,2.7,3.1,64.6,60.3,77.7,47.5,65,7.6,13.2,77158,65603,29027,18570,43827,28458,97.8,87,0.9,0.6,0.7,0.6,8,2.2,9.6,8612,893,998,27,71,2573,1397,91,387,34.7,32.4,37.5,17.7,13.9,22.2,19.9,8.8,33.1,11.9,21.4,0.6,15.8,23.5,6.6,155.77
Utah,Sevier County,57.2,50,64,71.4,63.3,79,5.4,6.2,4.8,5.1,5.2,5,66.7,44.8,81,52.6,83.4,10.1,12.2,76784,65686,32861,20077,46478,21471,97.9,93.4,0.6,1,0.4,0.4,2,2.1,5.4,7250,636,782,45,93,2196,1027,116,660,31.1,29.4,33.5,18.5,13.1,25.7,22.4,14,33.7,13.6,22.5,1.5,14.5,21,5.6,155.77
Utah,Summit County,69,65.1,72.6,79.6,75.5,83.4,1.9,1.7,2.1,1.8,1.7,1.9,76.8,76.5,78.9,72.7,85.1,3.2,5.3,144378,126823,49827,39619,59170,42156,95,88.9,0.7,0.4,1.6,0.1,3.2,5,11.1,13475,1428,562,21,113,3818,1354,85,1291,48.9,46.1,52.2,16.5,14.6,18.7,20.8,17,25.5,7,12.4,0.5,6.8,9.9,3,155.77
Utah,Tooele County,68.3,60.9,75.6,79.5,71.4,87.2,4.1,5.2,3.2,3.3,3.8,2.9,74.3,65.9,81.5,54.7,90.6,3.7,4.8,102726,95437,44890,30989,58467,71340,93.5,87.7,0.9,0.4,0.7,0.4,3.4,6.5,13.1,21347,2500,2451,30,895,7629,4274,394,2418,32.8,29.8,36.6,14.1,11.2,17.8,21.9,11.7,34.8,11.3,19.7,0.6,20,27.6,10.2,155.77
Utah,Uintah County,55.7,50.8,60.6,65.6,58.7,72.5,6.3,5.5,6.9,5.2,5.4,5,62,50.9,75.9,51,76.3,8.2,12.4,84283,66809,34434,18021,52987,35488,94.7,85.4,0.5,6.7,0.7,0,1.4,5.3,8.6,11227,1170,1641,85,479,3328,2498,391,898,29.4,28.5,30.5,17.8,9.2,28.2,22,13.2,32.8,12.7,22.7,0.5,18.1,26.4,8,155.77
Utah,Utah County,67.8,58.3,77.1,76.5,65.3,87.3,3.6,4,3.3,3,3.4,2.7,67.6,54.5,67.6,41.4,90,6.2,9.3,98728,90353,33078,21428,46937,648265,94.4,88.2,0.7,0.5,1.4,0.8,2.8,5.6,12.2,179387,25062,35973,1271,5048,60524,57815,2032,14101,43.5,44.9,41.5,14.5,11.1,19.1,23.9,18,31.8,7.9,13.1,1,10.2,12.9,6.6,155.77
Utah,Wasatch County,68.9,62.3,75.2,81,72.5,89.2,2.3,2.7,2,1.4,1.7,1.1,73.7,62.3,75.6,64.3,90.9,3.4,5.1,119173,102508,42620,26338,56739,34028,95.6,91.3,0.5,0.1,1.9,0,1.8,4.4,13.8,10641,1381,1232,19,282,4124,2104,15,967,39.2,39.8,38.5,20.6,16.6,25.5,19.9,13.3,28.1,9.3,16.6,0.3,10.9,13.6,7.6,155.77
Utah,Washington County,54.8,48.8,61,72.6,65.2,80.3,3.2,2.7,3.6,2.5,2,2.9,66.5,55.8,75.3,45.9,82.8,6.2,9.2,86934,70894,33875,25501,42190,176533,96.2,89.2,0.7,1.1,0.9,0.7,3.7,3.8,10.9,61377,4649,5881,449,1417,13896,9882,1499,4200,35.6,35.2,36,18.1,13.5,23.6,25.2,18.5,33.4,8.6,15.6,0.3,12.4,17.2,6.8,155.77
Utah,Wayne County,56.9,54.4,59.2,76.7,71.9,81.3,0.5,0,1,0.6,0,1.1,71.9,54.3,95,74.6,82.2,6,9.8,76357,60609,38037,33041,47547,2500,98.5,97.7,0,0.6,0,0,0.2,1.5,6.2,1055,67,66,10,24,282,40,14,30,33.1,31.3,35.1,18.8,13.1,25.3,19.5,8.9,31.9,14.9,27.8,0,13.7,18.8,7.7,155.77
Utah,Weber County,66.4,59.7,72.9,77.9,71,84.6,3.4,3.5,3.3,2.9,3.1,2.8,73.6,68.9,78.9,63.1,88,5.6,8.4,92527,81036,39919,31264,49337,259390,94.1,85.9,1.1,0.7,1.4,0.3,4.8,5.9,18.6,87802,8595,6532,472,3784,22401,10307,986,9031,34.7,31.5,38.7,14.4,11,18.5,23.7,16.6,32.6,10.5,18,1.2,16.7,22.9,9,155.77
Vermont,Addison County,63.6,61,66.2,78.9,76.8,80.9,4.1,2.9,5.1,3.6,2.5,4.7,78.8,80.3,82.8,74.2,85.3,4.1,7,105078,84996,38796,34440,44171,37306,96.8,92.7,1.2,0.3,2,0.1,0.6,3.2,2.5,14468,982,333,33,281,2344,667,146,811,42.2,35.4,49.3,14,10.4,17.8,19.3,15.1,23.8,12.3,22.5,1.5,12.1,16.5,7.6,250.34
Vermont,Bennington County,57.1,56.3,58,72.2,72.5,71.8,4.4,3.4,5.4,4,3.2,4.8,74.9,77.3,79.5,72,75.5,6.4,11.3,94082,69158,37306,34709,41302,37235,97.5,94.4,0.9,0.2,1.2,0.1,0.7,2.5,2.3,14513,1010,317,24,385,2005,521,154,1518,42,35.4,48.1,17.9,13.8,21.7,20.5,16,24.8,7.7,14.9,0.9,11.9,19.9,4.5,205
Vermont,Caledonia County,59.9,57.6,62.3,75.4,75.2,75.6,3.6,2.8,4.2,3.4,2.7,4.1,77.3,68.6,87.1,77.9,78.9,9.3,12.6,78143,60123,35857,32068,39047,30402,96.9,94.6,0.9,0.1,0.5,0,0.8,3.1,1.9,12525,753,244,33,405,1849,314,294,1014,37.3,27.7,47.5,16.9,15.8,18,18.6,11.1,26.5,14.1,24.7,2.8,13.1,20.6,5.1,194.69
Vermont,Chittenden County,66.6,64.1,69.3,80.4,79.4,81.5,3.8,3.1,4.5,3.5,3.1,3.9,82,85.1,85.6,78.4,85.4,5.1,11.3,117680,89333,43478,37589,49624,167523,96,88.8,2.6,0.1,4,0,0.5,4,2.5,68146,5250,1365,105,1841,11355,1943,244,3719,51.6,49.9,53.4,14.9,12.7,17.3,19.4,15.5,23.3,6,10,1.9,8.1,11.9,4.1,261.94
Vermont,Essex County,52.3,54,50.6,68.1,70.5,65.6,5.5,5.7,5.3,5,3.8,6.2,73.3,68.7,93.6,76.4,70,10.1,14.7,62350,52531,32356,26640,38122,5972,96.7,95.4,0.1,0.1,0.7,0,0.3,3.3,1.5,2729,104,65,17,81,333,19,11,250,34.2,28.2,39.8,19.6,13.8,25.1,17.6,9.5,25.3,12.9,24.3,2,15.7,24.1,7.7,214.74
Vermont,Franklin County,63.5,61.2,65.8,77,75.6,78.3,3.6,2.6,4.6,3.7,2.6,4.8,77.7,79.3,85.8,66.5,83.6,6.3,9.4,93155,74639,45008,41116,48805,49752,96.4,93.9,0.4,0.8,0.8,0,0.4,3.6,1.7,19073,1705,444,29,801,4172,590,214,1501,37.9,26.6,49.9,12.5,8.8,16.4,19.5,13,26.3,13.3,24.7,1.3,16.8,26.9,6.1,238.34
Vermont,Grand Isle County,59.9,60.1,59.8,75.8,78.1,73.6,4.1,3,5.1,3.5,2.4,4.5,80.1,87.6,80.8,62.5,77.3,3.7,6.5,113024,92818,47637,43089,53462,7249,96.4,92.8,1.1,1.4,0.5,0,0.6,3.6,2,2925,205,67,11,73,501,53,102,111,45.9,39.4,52.5,15.6,12.2,19,19.4,16.3,22.7,10,18.9,0.8,9.1,13.2,5,259
Vermont,Lamoille County,65.6,65.8,65.4,79.7,81.1,78.2,3.9,2.6,5.2,3.8,2.5,5,83.3,88.3,89.6,58.7,82.5,5.7,10.5,86863,71957,38244,33678,41252,25920,97.3,94.5,1.2,0.5,0.2,0,0.9,2.7,2,10830,682,258,47,226,1703,415,166,816,40.2,34.2,46.3,18.7,15.7,21.6,20.3,12.9,27.8,12.3,23.9,0.6,8.4,13.3,3.6,215.4
Vermont,Orange County,64.3,62.3,66.3,78.3,77.6,78.9,3.1,2,4.1,2.6,1.8,3.3,79,79.6,82,72,81.7,5.6,9.5,87498,74018,40135,37669,43587,29286,97,95.4,0.3,0.4,0.3,0,0.5,3,1.4,12383,803,249,17,282,1624,472,111,794,43.3,35.9,51.1,15.5,13,18.1,16,9.1,23.1,14.3,26.7,1.5,10.9,15.3,6.3,253.72
Vermont,Orleans County,57.5,56.9,58,73.1,74.6,71.7,5.9,4.7,7.2,6.2,4.5,7.8,78.1,81.3,85.6,71.1,78.1,6.6,10.4,81079,63260,35521,32418,39802,27317,96.8,95.3,0.6,0.3,0.1,0,0.4,3.2,1.6,11338,765,218,24,346,1692,380,165,836,37.1,29.7,44.7,16.7,13.5,20,20.3,12.3,28.5,12.3,23.3,1.2,13.5,21.3,5.6,231.81
Vermont,Rutland County,58.3,56.1,60.5,74.8,72.5,77.2,4.3,3.8,4.8,3.8,3.3,4.2,75,90.4,84.6,74.5,80.7,6.5,10.5,86252,65129,37791,33321,43252,60662,97,95.1,0.7,0.1,0.8,0,0.3,3,1.6,24998,1769,436,68,494,3701,823,297,1453,35.8,28.4,43.6,20.1,17.5,22.9,19.2,13.4,25.5,12.2,22.4,1.4,12.6,18.4,6.5,198.42
Vermont,Washington County,63.2,62.1,64.3,78.1,78.7,77.6,3.1,2.1,4.1,3.1,2.2,4,80.4,79.4,84.2,69.6,81.4,6.8,10,97045,76440,43539,43023,44056,59609,96.8,94.7,0.8,0.1,0.9,0,0.3,3.2,2,25137,1301,455,110,833,3731,614,196,2361,47.1,38.8,55.6,14.5,13.4,15.7,18,13.8,22.4,10.8,20,1.3,9.6,14,5,217
Vermont,Windham County,60.4,61,59.7,75.6,78.6,72.4,4.7,3.9,5.5,5,3.9,6.2,81.8,84.7,85.9,85.2,77.2,8.2,13.4,85752,64523,34554,30713,38702,45811,96.4,93.6,1.2,0.2,1.2,0,0.2,3.6,2.5,19085,836,243,141,818,2455,449,68,1639,42,33.1,50.1,17.8,15.1,20.3,16.5,11.3,21.3,11.5,22.7,1.3,12.1,17.8,6.9,201.09
Vermont,Windsor County,59.3,58.3,60.4,76.3,75.4,77.2,3.6,4.1,3.1,3.3,4.1,2.6,78.6,74.6,87.1,84,79.4,4.3,9.1,94871,69528,41275,38721,45158,57593,96.8,94.5,0.7,0.1,0.9,0,0.6,3.2,1.9,24364,1576,534,67,362,3961,622,442,1647,44.2,36.5,51.7,18.7,18,19.5,16.3,9.1,23.4,10.2,19.6,1,10.6,16.8,4.4,248.66
Washington,Adams County,58.1,50.4,65.6,70.9,62.8,78.5,7.4,8.8,6.4,6.6,7.2,6,67.7,56.6,80,63.7,83.6,16.3,20.8,63639,59485,29572,24588,34856,20353,88.9,53.9,0.4,2.3,0.7,0.4,31.2,11.1,64.6,6158,667,386,24,578,1487,947,298,1721,22,19.4,25.5,13.9,9.2,20.3,16.7,6.4,30.6,29.3,37.8,17.8,18.1,27.2,5.9,172.62
Washington,Asotin County,52.9,51.5,54.4,71.5,69.3,73.8,5.6,6,5.1,5,5.8,4.3,73.8,72.3,72.9,70.6,77.3,7.5,13,80629,62417,35937,30590,42123,22285,95.7,91.1,0.9,1.3,1.2,0.2,1.1,4.3,4.5,9287,510,367,36,333,1344,713,107,547,31.6,26.9,36.4,19.7,12.4,27.3,22.3,16.1,28.7,12,22.3,1.3,14.5,22.3,6.3,172.62
Washington,Benton County,58.7,53.2,64.2,73.3,67.2,79.3,5,4.5,5.4,4.7,4,5.3,70.1,68.9,76.7,54.5,84,8,10.6,99459,83507,45388,36052,58046,204551,92.1,78,1.7,0.9,3,0.1,8.4,7.9,23,74290,5924,5180,413,3692,13892,8069,981,9432,41.5,39.5,43.9,16.2,11.7,21.6,18.6,11.9,26.7,11.9,19.6,2.6,11.8,17.3,5.2,140.08
Washington,Chelan County,59.1,55.6,62.7,76,72.3,79.8,4,2.9,5,3.8,2.9,4.6,74.4,77.7,82,73.1,84.3,8.4,10.7,83389,70736,37288,33188,42267,78508,92.3,72.3,0.4,0.7,0.8,0,18,7.7,28.5,29474,2714,1165,169,1111,6240,1819,291,2958,34.2,29.5,39.4,19.2,15,24,18.3,12.5,24.8,14.3,22,5.8,13.9,21,6,172.62
Washington,Clallam County,45.4,43.5,47.3,64.7,62.4,66.9,6.2,5.2,7.1,6.1,5.2,6.9,66,58.8,82.5,70.6,73.6,8,12.3,81685,65448,38609,31727,44975,76727,93.4,84.9,1,4.1,1.5,0,1.7,6.6,7,33636,1286,728,112,1263,3065,1052,657,3069,35.8,32,39.8,23,19,27.2,19,11.4,27.1,11.2,20.5,1.4,11,17.1,4.5,176.08
Washington,Clark County,60.4,54.2,66.8,74.8,68,81.6,5.3,5.7,5.1,4.9,5.4,4.5,71.9,66,74.4,57.3,85.7,6.1,9.1,103197,90164,47739,37867,58332,496494,92.2,81.4,1.9,0.6,4.7,0.7,2.9,7.8,10.4,184173,12626,11682,1000,6365,34224,21175,1602,13682,38.6,35,43,16.4,11.7,22,20.8,15,27.7,9.5,16.8,0.8,14.7,21.5,6.5,176.08
Washington,Columbia County,57.6,50.7,64.8,81.9,75.5,88.2,2.6,2.1,3,2.1,2.3,2,77.3,83.3,91.9,80.8,90,4.6,9.3,99710,70510,45296,34503,57695,3969,90.4,84.8,1.5,0.2,0.1,0,3.8,9.6,8.1,1849,127,32,0,5,297,53,0,120,41,34.7,48.8,14.3,12.6,16.3,15.7,6.9,26.7,15.3,24.8,3.4,13.7,21,4.8,140.08
Washington,Cowlitz County,52.3,48.4,56.2,67.1,63.1,71.1,6.1,6.8,5.5,5.9,6.7,5.1,67.6,68.4,78.8,62.8,75.1,8.7,12.8,83763,70312,40043,31563,51883,109457,92.6,86.7,0.9,1.5,1.2,0.3,2,7.4,9.5,42776,2197,1542,111,2499,6973,3155,380,3704,29.8,25.2,34.9,18.6,10.6,27.6,20,12.6,28.3,11.4,20.7,0.9,20.3,31,8.2,176.08
Washington,Douglas County,60.9,55.1,66.6,77,72,81.7,3.9,3.9,3.9,3.7,3.7,3.7,74.7,64.2,87.8,78,84.9,7.4,9.7,85188,75187,37119,30264,42773,42622,94.3,66.3,0.5,1.1,0.7,0.3,25.4,5.7,32.6,15278,1184,660,15,818,3861,801,106,1795,29.9,26.6,34,18.2,11.6,26.3,17.8,12.5,24.3,19.9,30.5,6.9,14.2,18.8,8.5,172.62
Washington,Ferry County,41.3,36.4,46,57.3,52.8,61.9,7.2,8.8,5.9,6.9,7.7,6.2,57.2,48.2,68.7,80.7,66,8.7,15,72894,50039,29057,27142,30357,7198,89.8,72.9,0.3,15.8,0.2,0.5,0.1,10.2,1.3,2934,71,127,4,104,313,114,20,200,36.8,35.6,38.3,24.4,16.9,34.2,16.3,13.8,19.5,13.3,22.9,0.9,9.2,10.8,7.1,172.62
Washington,Franklin County,62.4,58.6,65.8,74,70.1,77.5,5.7,5.7,5.6,5,5,5,73.8,67.4,82.7,56.8,82,11.7,15.1,84456,78973,37777,31295,44881,95313,88.1,61.9,2.5,1.4,2,0.2,20,11.9,53.6,27721,3338,2520,182,2527,7672,3690,242,6865,30.3,27.9,33.4,17.4,12.5,23.5,18.7,13.1,25.5,19,28,7.9,14.6,18.4,9.8,140.08
Washington,Garfield County,46.7,34.6,58.4,68.4,55,81.2,11,15.1,8.4,6.1,11.2,2.4,61.9,62.2,63.4,79.7,83.2,5.3,9.2,70419,55181,34960,27899,41230,2278,95.6,93,0,0,2.5,0,0,4.4,2,1004,74,25,0,16,165,73,5,6,40.5,48.6,26.4,14.2,5.3,29.8,20.8,16,29.1,10.9,16.4,1.2,13.6,13.7,13.5,172.62
Washington,Grant County,60.3,53.5,66.8,73.4,66.6,79.7,5.1,5.6,4.8,4.9,4.8,5,70.3,62.6,75.6,68.8,83.9,9.4,13,78601,69287,37894,29734,45226,97874,91.8,63.5,1.1,1.6,1,0,24.5,8.2,42.5,32803,3139,2452,65,2241,8925,3929,428,3915,29.8,24.4,36.8,15.5,11.7,20.4,14.2,6.8,23.7,23.5,33.7,10.3,17,23.4,8.8,172.62
Washington,Grays Harbor County,46.6,47.1,46.1,61.3,63.8,59.2,6.9,6.6,7.3,6.7,6.1,7.2,67.9,73.3,78.2,57.7,64.2,9.5,15.1,76167,58440,35514,32755,39158,74737,93.6,85.1,1.3,3.7,1.4,0.4,1.7,6.4,10.5,29319,1154,977,140,1276,3855,1556,429,2555,31.2,22.7,40.2,22.2,18.1,26.4,19.7,12.3,27.5,12.5,23,1.5,14.4,23.9,4.5,176.08
Washington,Island County,44.9,43.8,46,59.1,58.7,59.5,6.1,6.3,5.9,5.6,5.3,5.9,68.2,65.3,76.5,65.6,84.8,4.8,7.6,95922,82435,42171,32170,49266,85938,93.2,82,2.7,1.1,4.6,0.4,2.4,6.8,8.4,35102,2385,1653,116,974,4383,2257,442,1735,38,35.8,40.3,17.6,12.9,22.5,21,13.8,28.6,11.2,20.8,1.1,12.3,16.8,7.5,190.38
Washington,Jefferson County,39.5,40.8,38.2,57.5,58.4,56.5,7.6,5.6,9.8,8.3,6.3,10.3,62.3,51.9,72.8,52.5,64,8.9,14.2,81014,65365,33623,30049,41276,32590,95.2,88.9,0.6,1.6,1.6,0.6,1.9,4.8,3.9,15497,305,255,37,345,1114,477,23,790,37.8,32.5,42.7,19.2,16.4,21.8,21.3,12.5,29.2,10.6,21.4,0.9,11,17.2,5.4,176.08
Washington,King County,66.9,61.4,72.4,78.9,73.6,83.8,4.6,4.6,4.6,4.3,4.3,4.4,76.9,69.7,76.7,62.5,87.8,5.2,8.4,144802,115895,60993,49905,72699,2240876,91.5,60.5,6.4,0.6,18.8,0.7,4.4,8.5,10,902308,69841,44013,3348,20186,141138,65761,8167,52572,55,54.9,55.1,13.8,11,17.2,17.2,13.2,22,5.2,9,0.6,8.8,11.9,5.1,253.85
Washington,Kitsap County,52.8,50.2,55.3,65.7,64.1,67.2,4.6,4.8,4.5,4.3,4.4,4.2,68.7,62.5,72.1,54.8,84.7,5.5,8,108414,92214,46693,37108,57652,273072,90.9,78.7,2.8,1.1,5,1,2.3,9.1,8.3,104977,6588,5851,400,3121,14373,8615,907,7467,42.4,40.2,45,17.3,13.6,21.6,19.7,13,27.5,10.1,17.7,1.3,10.4,15.6,4.5,309.69
Washington,Kittitas County,58.3,54.3,62.2,72.3,68.2,76.3,6.7,6.7,6.7,5,4,5.8,71.3,73.6,68.3,57.9,81.4,6.7,14.8,94501,69906,36003,27299,43561,44147,93.2,84.8,1,0.5,1.4,0.4,5.2,6.8,9.3,18772,772,624,101,388,2112,1117,191,1071,37.3,37.4,37.2,21.7,18.4,25.5,21,11.4,32.2,10.2,17.7,1.4,9.8,15.1,3.7,140.08
Washington,Klickitat County,48.5,44.1,52.9,63.5,57.9,69.1,6.9,5.2,8.2,7.4,5.6,8.8,61.3,58.3,67.3,62.3,75.8,8.2,14.7,78932,64945,39753,33547,48782,22478,93.6,89.6,0.7,1.4,0.4,0,1.6,6.4,12.1,9332,443,446,81,227,1259,767,103,580,41.5,37.1,46.8,14.3,8,22.1,15.8,10.4,22.6,16.2,27.3,2.4,12.2,17.1,6,176.08
Washington,Lewis County,50.7,46.5,54.9,66.3,61.6,70.9,7.1,6.6,7.5,6.5,5.7,7.1,65.3,56.2,76.5,64.2,76.9,8,13.2,81652,66033,37215,30341,44851,81214,91.4,86.2,0.7,0.8,1.2,0.2,2.4,8.6,10.9,31223,1792,1342,235,979,4223,1964,536,2588,30.5,23,39.4,17.6,13.3,22.7,20.7,11.9,31.2,14.3,25.5,1.2,16.8,26.3,5.5,176.08
Washington,Lincoln County,49.9,46,53.9,70.1,65.4,74.7,5.1,5.3,4.9,5.4,5.7,5.2,69.3,51.6,80.9,58.2,78.9,7.4,11.9,80283,68463,43316,33913,50208,10798,96.7,92.6,0.7,1.7,0.8,0.5,0.6,3.3,3.7,4440,262,311,5,42,958,337,34,251,44.4,44.2,44.6,14.7,7.4,23.5,18.5,10.1,28.4,12.3,22.1,0.7,10.1,16.3,2.8,172.62
Washington,Mason County,48.1,44.6,51.3,64.7,60.5,68.4,6.3,5.5,7,6.4,5.2,7.3,63.8,64.9,78.2,55.5,74.5,8.2,12.8,85660,72294,39051,33497,45335,64964,91,81,0.7,1.8,0.9,0.4,6.1,9,10.7,25085,900,1229,105,936,3243,1345,392,1590,33.2,26.8,41.4,17.9,16,20.4,20,11.8,30.4,16.7,27.6,2.8,12.2,17.8,5,176.08
Washington,Okanogan County,50,48.5,51.5,64.6,62.1,67,6.5,4.7,8,6.1,3.4,8.5,64.2,46.5,76.6,63.8,74.1,14.8,20.1,65308,56671,33306,27843,38988,41966,91.6,69.6,0.2,9.7,0.5,0.1,11.4,8.4,20.8,16630,718,729,116,930,1993,950,173,1928,32.7,27.4,38.4,18.3,15.6,21.2,18.9,11.7,26.8,18.3,30.2,5.4,11.8,15.1,8.3,172.62
Washington,Pacific County,42.6,41.7,43.5,63,60.7,65.3,5.1,3.5,6.6,4.8,3.5,6.1,63.1,90.6,82.8,61.2,70.3,9.2,13.7,78087,59512,36288,33358,44136,22974,93.9,83.4,0.6,2.3,1.7,0.2,5.7,6.1,10.1,9878,368,92,2,272,979,222,125,460,31.7,25.5,38,19.4,16.3,22.5,20.9,11.7,30.2,13.4,25.9,0.6,14.7,20.6,8.7,176.08
Washington,Pend Oreille County,44.6,42.1,46.9,60.5,58,62.9,6.5,6.4,6.6,6.2,5.7,6.7,61.5,71.7,67,66.1,67.4,6.6,11.2,79521,64456,38764,30469,48463,13302,93.5,86.7,0.3,2.9,0.4,0.3,2.8,6.5,4.4,5653,242,196,24,291,503,465,100,275,33.2,28.4,38.8,19.6,13.2,27.1,16.5,7.9,26.6,15.6,28.1,1.1,15,22.4,6.4,172.62
Washington,Pierce County,60.2,57,63.5,72.1,69.4,74.8,5,4.5,5.5,4.7,4.3,5,73.6,68.5,78.6,62.1,84.4,5.7,8.8,104253,90006,47586,39994,56685,910225,89,69.7,6.9,1.2,6.5,1.5,3.2,11,11.6,335969,26190,19491,2032,13734,58874,28277,5132,30227,35.9,30,42.5,17.4,14,21.1,21.1,14.6,28.4,10.6,19.3,1,15,22.2,7,309.69
Washington,San Juan County,51.1,47.9,54.5,71.6,66.8,76.8,3,2.7,3.2,3.3,2.9,3.7,68.8,57.1,72.9,57.4,80,8.4,10.9,94858,74749,37915,29110,48494,17631,95.8,90.5,0.9,0.7,1.3,0.1,2.2,4.2,6.7,8378,174,204,2,155,630,359,44,347,39.8,36.7,43.2,20.6,17.7,23.7,16.5,9.4,24.1,14.6,25.5,2.8,8.5,10.6,6.2,190.38
Washington,Skagit County,55.5,50.9,60.1,72.8,68.2,77.4,4.8,5,4.7,4.2,4,4.4,71.4,56.4,81.1,58.1,83.8,7.2,11.1,93470,82086,43777,34818,52938,128228,93.6,79.4,0.7,1.8,1.9,0.2,9.5,6.4,19,50540,2820,2672,134,2121,7310,3188,536,4310,35.3,29.8,41.7,16.6,12.2,21.7,18.4,11.1,26.9,14.3,24,3.1,15.3,22.9,6.6,190.38
Washington,Skamania County,53.9,52.1,55.6,69,66.2,71.9,6.1,6,6.1,5.6,5.3,5.9,70,89,82.2,77.2,76.4,6.7,9.5,97468,82366,43879,36665,55190,11973,96.1,91.1,0.1,2,1.1,0.2,1.6,3.9,6.8,4723,280,48,23,147,659,186,34,345,41.3,33.9,49.3,14.9,13.3,16.7,18,8,29,11.9,22.6,0.3,13.9,22.3,4.7,176.08
Washington,Snohomish County,64.1,58.3,69.8,76.2,70.6,81.6,4.4,4.4,4.3,4,4,4.1,73.7,65.5,75.3,60,86.2,4.9,7.3,120821,104224,54517,42957,65363,820024,91.1,71,3.4,0.9,11.7,0.4,3.8,8.9,10.8,302970,25666,18270,1039,9250,56498,27737,2768,22732,42.2,40.2,44.7,15.4,11.8,19.7,19.8,13.1,28,10.3,17.8,1.2,12.3,17.1,6.4,190.38
Washington,Spokane County,57.6,54.7,60.6,71.4,69,73.7,5.7,5.4,5.9,5.1,4.8,5.3,72.8,69.3,80.8,63.9,79.5,7.8,12.5,89349,69846,39654,34713,45443,531477,93.2,85.8,1.8,1.2,2.2,0.6,1.7,6.8,6.2,209640,14549,9013,1153,7206,34069,14298,3265,16555,39.5,35.2,44.1,18,15.1,21.2,22,15.9,28.6,8.2,15,0.8,12.3,18.7,5.3,207.69
Washington,Stevens County,47.1,43.5,50.8,63.6,58.1,69.2,5.4,4.7,6.1,4.7,3,6,59.9,56.9,76.4,32.8,74,8.3,12.9,77945,62355,36580,28866,46344,46057,95.1,88.3,0.4,4.9,0.6,0.2,0.7,4.9,4,18222,712,1188,12,671,2350,2186,270,948,31.8,26.2,38.3,18.7,12.1,26.3,19.9,12,29,13.7,24.8,1,15.9,25,5.4,172.62
Washington,Thurston County,56.8,54,59.7,71.3,68.8,73.7,5.7,6.2,5.3,5.3,5.6,5,73.6,63.1,79.8,61,83.1,6.5,9.7,104869,88836,47539,39608,56353,290642,90.4,77.6,2.9,1.1,5.8,0.9,2,9.6,9.6,114556,6825,5985,659,3952,17242,7322,1707,10216,42.7,38.4,47.2,16.8,14.1,19.5,20.8,15.1,26.8,8.4,15.1,1.4,11.3,17.2,5,176.08
Washington,Wahkiakum County,38.9,33,45,57.8,48.2,69.1,4.3,5.5,3.4,4.4,4.7,4.2,50.6,50,82,11.5,72.1,10.1,10.6,68398,59320,34224,28223,47023,4373,93.9,86.2,1.3,0.3,1.6,0,4.5,6.1,7.9,1891,14,96,28,71,141,184,0,49,29,24.5,34.9,18.9,18.2,19.8,21.9,12.7,34.1,17.5,29,2.3,12.8,15.6,9,176.08
Washington,Walla Walla County,53.2,52.2,54.2,66.7,67.8,65.7,6.3,6.1,6.4,5.8,5.6,6,71.8,72.6,78.1,75.7,70.2,5.9,11.1,88155,69418,35570,29355,42775,62168,92.5,80,1.8,1.4,1.6,0.2,7.5,7.5,22,22842,1505,840,95,966,3707,1390,559,2270,35.8,33.3,38.6,20.9,16.5,25.8,20.1,14.8,25.9,10,17.6,1.6,13.2,17.8,8.1,140.08
Washington,Whatcom County,59.3,54.4,64.3,74.5,69.1,79.8,5.1,5.3,4.9,4.2,4.2,4.2,72.2,66.7,76.5,58.4,83.5,7.3,13.4,97256,76312,39841,32129,50207,224533,92.8,81.3,1,2.4,4.2,0.3,3.7,7.2,9.9,89865,5414,4067,360,2263,12253,5724,914,6125,38.7,34.9,43.1,18.2,15.5,21.4,19.6,12.6,27.6,10,17.3,1.7,13.5,19.8,6.3,190.38
Washington,Whitman County,55.1,50.6,59.4,67.8,65,70.3,7.5,8,7.1,5.2,5.9,4.6,69.2,69.8,71.7,50.6,74,9.6,24.7,83840,47538,20199,15263,26544,48197,93.5,80.4,2.1,0.6,8.3,0.1,2,6.5,6.5,18010,1055,504,137,251,2277,1149,159,816,51.2,48,55,18.1,15.1,21.7,14.6,11.7,18,7.6,12.6,1.5,8.5,12.5,3.8,172.62
Washington,Yakima County,57.4,52.8,62,71,66.5,75.5,7.1,7.9,6.5,6.2,7,5.5,71.5,70.6,78.3,70.4,80.2,11.9,15.8,72380,63634,34093,28656,39351,255151,87.7,65.2,1,3.3,1,0.4,16.8,12.3,50.6,84636,7599,4334,491,6625,19489,8164,1090,14923,27.7,22.2,34,17.3,12.4,23.1,17,12,22.9,20.1,29.7,8.9,17.9,23.7,11.2,140.08
West Virginia,Barbour County,45.3,44.1,46.6,62.5,60.7,64.4,10,9.3,10.7,9.8,9,10.5,66.7,55.7,70.8,61.1,72,16.1,20.8,58886,46063,28888,23025,40462,15600,95.4,93.1,1.1,0.4,0.3,0,0.4,4.6,1.1,5813,327,212,37,172,952,446,6,411,25.8,20.2,31.4,24,11.8,36.2,20.1,11.9,28.3,16.2,32.4,0,13.9,23.6,4.1,142.2
West Virginia,Berkeley County,62.4,57.3,67.7,75.4,71,79.8,4.8,5.1,4.6,4.3,4.1,4.5,74.2,70.4,85.7,62.8,84.4,7.5,10.7,88920,74230,42304,34218,48951,120460,95.1,84.9,7,0.1,1.1,0,2.1,4.9,4.9,46838,3016,1625,33,2468,8762,2367,872,4125,33.4,28.3,39.2,16.4,14.3,18.9,19.7,11.9,28.6,9.3,16.7,0.8,21.2,28.8,12.4,154.78
West Virginia,Boone County,36.2,35.1,37.3,46.8,45.5,48,13.9,10,17.3,14.2,10.1,17.7,50.6,55.6,64.2,54.1,59.5,15.9,17.8,66913,55152,35303,26836,47186,22059,98.3,97.6,0.6,0,0.1,0,0,1.7,0.3,7821,320,346,57,231,979,754,230,453,29.9,21.4,38.8,17.5,13,22.1,23.3,11.5,35.5,17.5,34,0.2,11.9,20,3.4,147.44
West Virginia,Braxton County,38.4,36.6,40.3,50.7,47.3,54,15.8,14.2,17.1,16.2,13.7,18.2,54.8,42,60.8,26.9,66,15.2,18.3,49600,46346,28972,24866,35530,12702,92.1,90.8,0.9,0.3,0,0,0,7.9,0.5,4532,202,163,7,154,656,447,58,247,21,19.1,23.2,21.5,12.2,32,24.5,9.3,41.7,13.9,26.1,0.2,19,33.3,3,144.12
West Virginia,Brooke County,51.7,47.8,55.7,69.4,65.5,73.2,4.9,3.4,6.1,4.6,3,6,67.9,57.6,65.3,52.1,78.5,7.7,11.8,76915,55819,34209,25374,44846,22603,97.2,94.7,1.7,0.1,0.5,0.1,0.1,2.8,1,9811,276,375,48,202,816,424,212,823,29.3,18.4,41.7,20.6,19.9,21.4,22.5,12.4,34,10.9,20.4,0,16.7,28.9,2.8,129.77
West Virginia,Cabell County,51.1,48.3,54,64.2,61.8,66.7,5.5,4.3,6.7,5.1,4.3,5.9,64.6,64.3,68.4,66.5,71.4,13.5,21.2,67984,47719,32530,26811,37795,94622,96.9,90.2,4.6,0.1,1.3,0,0.7,3.1,1.5,39398,2049,1555,482,1468,4027,1839,747,3017,37.2,31.6,43.1,21.7,19.2,24.3,24.2,19,29.7,6.1,11.5,0.4,10.8,18.7,2.6,135.73
West Virginia,Calhoun County,37.8,36.6,39,52.7,52.4,53.1,11.2,7.3,14.4,11.6,6.8,15.9,56.3,68.2,60.8,88.8,63.1,20.9,28.4,48369,40797,30006,22807,39967,6420,98.7,98.7,0,0,0,0,0,1.3,0,2390,91,24,20,150,259,94,113,233,26.7,13.6,41,11.5,6.4,17,22.7,10.7,35.7,17.1,32.9,0,22,36.4,6.3,134.03
West Virginia,Clay County,33.7,31.8,35.7,43.8,42.5,45.2,14.6,16.5,12.8,15.2,16.6,13.8,51,47.1,56.6,70.6,52.4,20.9,26.3,53396,40545,25788,20519,34848,8176,99.6,99.4,0,0.1,0,0,0,0.4,0.1,2896,184,73,26,102,239,222,118,242,34.4,23.4,46.7,13.9,7.9,20.7,17.4,7.2,28.7,19.5,37.1,0,14.7,24.4,4,141.84
West Virginia,Doddridge County,45.1,43.9,46,56.9,58.2,56,4.9,4.5,5.3,4.9,5.2,4.6,61.4,55.5,59.6,40.5,58.7,9.8,15.2,80078,64038,34865,26013,44210,7929,98.5,96.8,1.6,0.1,0,0,0,1.5,0.9,2309,70,118,2,158,233,333,42,124,23.3,21.1,26.3,21.9,11.4,36.3,18.3,10.8,28.5,21.6,32,7.4,14.9,24.8,1.5,133.79
West Virginia,Fayette County,43,38.7,47.3,56.7,51.9,61.1,7.3,8.6,6.2,6.5,6.9,6.1,55.8,49.2,67.2,67.8,65.3,14.9,21,62008,50127,33538,29546,37404,41056,98.3,93,5,0.2,0,0,0.1,1.7,1.3,15836,680,473,116,592,1494,1244,536,994,29.1,19.9,40.5,23.4,22.6,24.5,21.9,15,30.6,12.6,22.8,0,12.9,19.7,4.4,137.6
West Virginia,Gilmer County,39,41.8,37.2,49,58.9,44,9.2,8.1,10,8.1,5,10.1,62,53.1,86.9,100,48.9,7.3,11.8,64968,49998,26352,23955,28202,7516,97.2,82.1,11.7,0.3,1.1,0,2,2.8,4.2,2127,103,32,0,55,450,35,0,46,36.8,34.1,40.4,15.7,11.1,21.7,20.7,8.5,36.7,9.8,17.3,0,17,29,1.2,140.11
West Virginia,Grant County,51.9,52.7,51.1,69.2,70.9,67.5,6.6,4.3,8.9,6.2,3.9,8.5,73.8,93.2,79.8,89.4,73.8,6.1,12.1,69611,51474,32644,28070,40087,11063,98.8,96.3,1.7,0,0.3,0.3,0.2,1.2,0.3,4147,344,76,89,163,711,146,63,190,24.5,20.2,28.8,19,12.9,24.9,21.1,11.9,30.1,12.2,24.8,0,23.1,30.2,16.3,139.8
West Virginia,Greenbrier County,49.1,46.2,52.1,65.1,61.8,68.5,5.6,2.6,8.2,5.8,2.9,8.3,63.6,58.7,81.8,73.1,74.8,14.3,18.9,60248,45446,29697,26697,35139,33307,96.1,92.7,1.9,0.1,0.7,0,0.7,3.9,2,14722,694,409,45,373,1429,618,255,1151,29.3,20.4,39,27.2,23.4,31.2,16.9,9,25.4,11.9,22.8,0.2,14.7,24.3,4.3,139.01
West Virginia,Hampshire County,46.3,41,51.3,61.3,54,68.4,6.9,5.4,8,7.6,6,8.8,57.4,94.7,65.1,47,75,11.7,17.9,68380,55470,34709,30420,41178,23214,96.6,95.7,0.7,0,0,0,0.1,3.4,1.2,7912,362,296,25,325,958,752,271,739,24.9,19.4,32,14.5,8.6,22.2,19.7,10.4,31.7,14.6,23.9,2.5,26.4,37.7,11.6,149.1
West Virginia,Hancock County,52,45.6,58.9,71.3,64,78.8,9.5,10.8,8.3,7.4,8.6,6.4,70.4,59.7,78.6,62.8,84.2,10.4,14.1,76780,56748,36042,28749,47527,29223,97.1,94.2,2,0,0.4,0.3,0.2,2.9,1.6,12840,266,291,70,408,1856,535,72,933,32,21.4,44.6,17.8,15.4,20.7,19.4,12.5,27.6,12.3,22.1,0.4,18.6,28.6,6.6,139.22
West Virginia,Hardy County,54.3,52.4,56,72.7,72.3,73.1,2.5,2.4,2.6,2.5,2.5,2.4,74.2,86.8,89.9,55.2,74.9,13.9,18.3,59667,50785,31645,27666,35223,14269,96.5,91.3,4,0,0.5,0,0.7,3.5,4.8,5794,391,195,36,174,638,228,158,355,27.7,27.4,28.1,19.6,16.7,22.9,17.8,11.8,24.6,10.3,16.7,3.1,24.5,27.3,21.3,156.99
West Virginia,Harrison County,54.9,49.2,60.9,68.2,61.6,74.8,5.4,4.8,5.9,5.2,5,5.4,64.8,79.8,75.5,51.6,79.3,10.4,15.2,78803,58995,37634,31414,47108,66222,96.7,94.2,1.3,0.1,0.7,0,0.5,3.3,1.7,26129,1390,834,176,1122,4300,1462,456,2010,36.5,28.2,46.4,18.2,15.8,21.1,21.3,16.1,27.4,10.8,18.7,1.4,13.2,21.2,3.7,139.51
West Virginia,Jackson County,45,41.4,48.6,61.2,57.1,65.3,3.6,1.7,5.1,3.6,1.9,5.1,58.2,62.9,67.6,88.4,68.8,9.6,18.1,74632,57950,44302,34541,54303,28011,98.1,97.1,0.3,0.3,0.4,0,0,1.9,1,11127,555,371,44,253,1995,837,116,620,35.6,25.4,47.1,13.5,8.5,19.3,20.7,14.2,28.2,12.9,22.6,1.7,17.3,29.2,3.7,147.42
West Virginia,Jefferson County,61.2,56.3,66.1,74,68.8,79.2,5.7,6.1,5.3,5.1,5.5,4.7,72.9,73.5,77.5,65.5,83.2,7.2,9.7,113236,94515,46568,36555,57253,57542,94.2,85,5.5,0.1,1.5,0,2,5.8,6.2,21162,1322,815,256,928,3470,1890,210,1944,42.2,38.6,46.5,18.1,16.7,19.8,18.4,11.2,26.7,10.1,18.1,0.8,11.2,15.5,6.2,151.45
West Virginia,Kanawha County,52,49.5,54.8,67.7,65.7,69.7,5.9,5.1,6.7,5.7,5,6.4,69.3,68.9,75.5,76.4,75.3,13.2,16.4,71511,55126,36620,32042,42296,181953,96.1,87.7,6.8,0.1,1.2,0.1,0.2,3.9,1.2,76919,3305,1622,400,3227,8964,3508,1269,6326,38.5,34,43.1,18.8,15.4,22.3,24.8,19,30.6,6.4,12.2,0.5,11.5,19.4,3.5,136.96
West Virginia,Lewis County,47.4,42.5,52.5,62.6,56.7,68.6,8.4,8,8.6,8.3,8.4,8.2,61.9,64.7,76.5,48.7,75,12.2,17.2,65723,49426,37170,28239,48985,16966,96.1,94.5,0.2,0.5,0.6,0,0.3,3.9,1.3,6662,298,347,13,284,781,546,118,622,31.8,26.7,37.9,16.5,10.8,23.5,23.3,15,33.2,15.7,27.7,1.2,12.8,19.8,4.3,139.27
West Virginia,Lincoln County,39.7,36.5,43,52.9,47.1,58.9,6.5,9,4.3,6.9,9.7,4.4,52.2,74.3,56.5,45.4,61.6,13.6,20.6,56526,50884,36041,29069,46314,20625,98.9,97.6,0.6,0.2,0.4,0.2,0,1.1,0.7,7759,390,363,42,340,972,469,154,635,22.2,13.1,32.9,20,15.7,25,26.3,18.6,35.4,14.3,26.6,0,17.2,26.1,6.7,148.21
West Virginia,Logan County,33.7,32,35.3,44.4,43.2,45.5,15.8,12.1,19,15.8,11.5,19.3,48.9,73.9,53.2,26.7,56.4,19.9,25.7,52274,41957,34042,27082,50870,32786,98.2,96.2,1.4,0,0.6,0,0,1.8,1,12382,330,436,0,764,1059,938,269,909,30.4,25.5,35.5,21,15.7,26.7,23.2,12.6,34.4,12.7,24.5,0.2,12.7,21.7,3.1,150.23
West Virginia,McDowell County,23.8,25.6,22.1,30.7,35.1,26.4,13.5,12.4,14.7,13.5,12.1,15.2,39.9,69.1,44,39.2,31.2,24.1,28.9,39829,32838,28550,27877,29876,19334,98.2,89.7,8.2,0.1,0.1,0,0.1,1.8,1.4,6413,154,130,10,267,597,483,81,449,30,16.3,41.6,26.3,19.6,32.1,18.6,11.2,24.9,10.5,22.8,0,14.7,30.1,1.5,145.76
West Virginia,Marion County,55.2,50.9,59.7,70.7,65.9,75.4,5.5,5.1,5.9,5.3,5,5.6,69.4,73.1,75.3,67.9,80.1,10,14.6,75416,60052,37036,28908,46603,56256,97.3,93,3.1,0.2,0.3,0,0.7,2.7,1.4,23278,917,994,64,778,2890,1444,251,1711,35.1,29.7,41.3,17.1,12.5,22.4,22.6,15.1,31,13.1,23.3,1.5,12.1,19.4,3.8,142.22
West Virginia,Marshall County,50.3,45.1,55.5,66.9,61.5,72.1,4.1,4.3,4,3.7,3.8,3.7,63.9,70.3,75.9,66.1,74.8,10.3,14.5,70133,57084,38207,26968,45579,30813,97.9,96,0.6,0,0.2,0.3,0.7,2.1,1,11811,498,297,165,588,1642,441,98,1016,31.4,19.1,46.4,18.8,11.6,27.6,18.8,17.4,20.4,13.5,24,0.6,17.5,27.8,4.9,134.57
West Virginia,Mason County,46,38.2,54.3,61,50.4,72.4,2.7,1.6,3.4,2.9,1.8,3.7,51.5,64.9,58.6,69.5,75.2,12.9,16.5,67461,54453,35339,24040,51894,25667,97.9,96.4,0.4,0.1,1,0,0.2,2.1,0.8,10057,576,225,53,483,1402,617,139,779,29.1,23.7,36.1,18.5,14.5,23.8,18.2,10.2,28.7,12.4,20.8,1.4,21.8,30.9,10,137.63
West Virginia,Mercer County,46.8,43.5,50.5,62.1,59.3,65,4.7,5.2,4.2,4.4,4.8,4.1,62.3,64.7,77.5,55.9,67.8,13.9,18.9,60554,47189,33535,27523,40157,59892,96.5,90.1,5.9,0.1,0.3,0,0.1,3.5,1.2,24634,825,829,42,1083,2114,1376,267,2499,32.6,23.3,42.4,18.8,15.2,22.6,20.8,13.1,28.9,10.9,20.1,1.3,16.8,28.3,4.8,139.42
West Virginia,Mineral County,51.9,49.4,54.4,71.3,67.8,74.7,6.2,3.7,8.4,5.4,3.6,7,70.3,74.1,75.6,62.4,80.3,8.9,12.1,81613,62506,37180,28832,47289,27045,97.7,93.9,2.9,0,0.3,0,0.5,2.3,1,10431,607,221,25,290,1407,527,184,1087,30.7,24.7,37.3,19.9,10.3,30.4,19.3,16.6,22.2,9.5,17.1,1.2,20.6,31.3,8.9,142.7
West Virginia,Mingo County,32.7,29.4,36.2,43.5,39.4,47.7,11.3,10,12.4,10.6,9.5,11.6,43.6,49,50,56.3,54,22.1,28.2,51640,38530,33491,27979,39245,23821,98.8,95.9,2.7,0,0.1,0,0.1,1.2,0.2,9110,367,404,0,738,786,718,351,745,29.5,19.6,40.7,24.8,15,36,13.2,6.5,21,20.9,38.6,0.7,11.6,20.3,1.7,135.34
West Virginia,Monongalia County,59.8,57.7,61.9,72.6,71.3,73.7,6.2,6,6.4,5.1,5.3,5,75.3,85.4,82.7,58.1,78,8.2,19.3,99178,61548,32537,28044,37110,105695,96.6,88.7,3.6,0.1,3.5,0,0.7,3.4,2.2,43640,2946,1042,188,839,5615,1825,297,2324,49.8,45.2,54.9,17.9,16.4,19.6,18.6,15,22.8,6.8,12.7,0.1,6.9,10.7,2.6,138.31
West Virginia,Monroe County,45,43.2,46.9,61.4,58.7,64,11.4,9.1,13.5,9,9.4,8.7,64.9,58.4,75.2,68.1,70.1,10.1,14.4,61994,51685,28984,26622,35769,12492,97.4,96.9,0.6,0,0,0,0,2.6,1.1,4493,250,69,0,215,970,115,37,211,26.8,19.7,34.4,19,9,29.8,17,8.9,25.7,16.2,27.8,3.6,21.1,34.6,6.5,145.72
West Virginia,Morgan County,51.1,47.2,54.9,67.8,62.2,73,7.2,8.8,5.9,5.8,9,3.2,68.3,56.2,77.7,59.8,75.5,4.2,8,72268,61711,38230,29321,43043,17144,96.9,94.6,0.2,1,0.1,0,1,3.1,1.8,6957,274,336,0,181,989,466,62,358,24.8,18.6,32.1,22.5,19.8,25.8,23.1,13.4,34.8,19.8,34.9,1.7,9.7,13.2,5.6,149.21
West Virginia,Nicholas County,44.2,41,47.5,58.2,56.3,60,7.7,6.9,8.4,7.5,6.4,8.6,60.2,55.1,74.1,58.6,65.7,14.1,18.6,61249,46811,30718,25552,36013,24770,97.7,97,0.3,0.1,0.2,0,0,2.3,0.2,9678,331,394,9,271,1262,743,57,1067,25.9,20.1,32.6,25.3,14,38.5,20,14.1,26.8,14.1,26.3,0,14.7,25.5,2.1,144.98
West Virginia,Ohio County,54,48.5,60,69.7,64.8,74.6,5.4,5.8,5,5,4.5,5.5,67.9,66.4,74,60.5,79.1,7.9,13.3,83600,56152,33930,28171,39639,42443,96.4,92,3.2,0.1,0.7,0,0.4,3.6,1.2,17447,1054,495,35,372,2426,745,196,1522,36.1,28.3,44.9,20.8,19.7,22,22,15.8,29,8.2,14.5,1,12.9,21.7,3,129.74
West Virginia,Pendleton County,48.6,41.9,55.2,68.8,61.2,75.9,5.6,7.2,4.4,5.8,7.6,4.5,66.3,77.5,75.3,96,79.4,9,16.1,63876,50692,33353,26058,39675,6249,98.9,93.7,3.8,0.2,0,0,1.2,1.1,1.4,2333,81,43,6,171,411,104,20,173,24.4,17,34.5,21.2,13,32.5,13.4,9.3,19.1,19.1,31.2,2.8,21.8,29.6,11.2,140.75
West Virginia,Pleasants County,50.6,49,52,64.6,66.8,63,6.9,3.3,9.5,7,2.6,10.3,68.6,69.6,66.4,100,70.2,5,7.4,83930,63692,34649,25550,45320,7623,98.7,97.1,0.8,0.2,0,0,0.7,1.3,1.1,2688,134,83,0,127,515,198,3,248,24.3,17.4,33.1,20.9,8.7,36.4,17.3,12,24.1,12.9,23,0,24.6,38.8,6.4,128.55
West Virginia,Pocahontas County,38.4,37.4,39.3,50.5,53.8,47.6,9.3,5.2,12.8,9,3.7,13.5,55.9,54.1,79.3,59.3,55.1,12.5,17.5,60025,40575,26338,24155,28766,8006,99.3,98.9,0.2,0,0.2,0,0,0.7,0.3,2912,227,106,17,95,290,33,66,273,27.8,19.3,37.2,23.1,22.7,23.5,19.2,8.1,31.2,11.6,21.3,1.1,18.3,28.6,7,143.78
West Virginia,Preston County,47.4,46.6,48.1,60.8,62,59.6,8.5,6.1,10.6,7.9,5.7,9.8,65.8,76.8,74.9,77.9,66.2,9.5,14.4,74640,60773,35266,28669,44013,34266,97.7,92.3,4.6,0.3,0.3,0,0.3,2.3,1.5,12510,1037,350,48,396,2120,798,94,803,27.9,21.9,34.6,20.5,11.7,30.3,19.4,9.8,30.2,16.8,31.8,0.1,15.4,24.8,4.9,147.24
West Virginia,Putnam County,56.8,52.1,61.9,73,67.6,78.6,3.6,2.4,4.7,3.5,2.4,4.3,69.7,69.4,79.7,60.6,83.7,8.1,10.5,91310,74927,47139,37446,56624,57385,97.8,95.1,0.9,0,0.9,0.1,0.8,2.2,1.3,22075,1456,728,34,1128,4383,1192,75,1861,39.7,31.5,48.8,12.9,10.7,15.3,22.6,16.6,29.2,10.9,19.9,0.9,14,21.3,5.9,143.58
West Virginia,Raleigh County,45.4,43.6,47.2,57.8,56.6,59,7.3,7.6,6.9,7.4,8,6.8,61.5,60.7,75.6,69,63.8,17.6,22.5,64550,47034,32847,27752,39043,74929,96.8,87.6,7.6,0,0.7,0,0.7,3.2,1.7,30033,1343,878,253,1585,3905,1198,570,2297,33.5,26.5,41.2,21.1,19.8,22.7,23.4,14.8,32.8,11.4,21.1,0.8,10.5,17.8,2.5,141.05
West Virginia,Randolph County,44.9,43.6,46.1,57.8,57.2,58.2,8.6,5.7,10.9,9,6.4,11,61.1,68.7,73.2,37.8,65.8,11.6,15.2,64867,51604,32895,26512,39737,28150,94.7,92.2,1.6,0,0.5,0,0.4,5.3,0.9,10065,382,359,56,533,1208,519,160,802,30,26.1,34.5,19,11.3,27.9,20.3,15,26.3,14.2,23.6,3.4,16.5,24.1,7.9,141.25
West Virginia,Ritchie County,40.9,39.7,42.1,55,54.6,55.3,5.1,3.3,6.8,5.2,2.8,7.4,56.2,55.7,64.3,39.6,59.7,11.7,18.2,61173,49251,33006,26497,40688,8676,98,96.6,0.3,0,0.7,0,0.4,2,0.1,3121,78,102,8,115,346,221,128,284,25.2,14.1,36.8,18.3,13.4,23.4,19.9,7.8,32.5,15.1,29.5,0.1,21.5,35.2,7.2,141.78
West Virginia,Roane County,37.2,34.9,39.6,48.5,48,49,10.6,8.7,12.4,11.5,8.7,14.1,52.5,57.7,77.6,40.1,57,15.9,21.3,52406,42083,32683,29663,35162,14129,97.2,96.6,0.1,0.1,0.4,0,0,2.8,1.2,5376,141,259,104,237,1102,239,101,311,33.8,28.8,39.3,19.5,16.9,22.4,16.5,2.7,31.8,12.3,22.6,1,17.8,29,5.6,139.41
West Virginia,Summers County,35.6,30.3,41.7,47.8,40.3,56.6,7.5,8.6,6.6,7.2,7,7.4,43.3,31,63.3,36.2,61.1,17.4,22.6,62527,44774,32898,28511,39649,12125,97.6,93.6,3.8,0.1,0,0,0.2,2.4,2.2,4982,106,188,0,162,403,380,40,377,33.7,24.7,44.4,18.2,17.9,18.7,20.1,10.8,31,13.7,25.2,0,14.3,21.3,5.9,154.91
West Virginia,Taylor County,48.6,46,51.1,63.2,60.5,65.7,10.9,12.2,9.6,9.2,8.5,9.9,66.2,65.7,79.3,39.9,73.3,10.9,16.2,72453,57577,37232,29682,45258,16727,97.9,96.4,1.3,0,0.1,0,0.1,2.1,1,6557,164,181,149,351,796,484,93,398,27.4,22.1,33.4,15.8,9.2,23.2,23.2,9.5,38.5,18.4,33.7,1.3,15.2,25.6,3.6,140.82
West Virginia,Tucker County,48.9,47.6,50.1,67.7,64.7,70.7,7,4.9,8.8,6.2,4.8,7.4,68,66.1,75.4,86.2,76.4,6.1,9.9,71668,54291,32809,28345,37084,6822,97.8,97.2,0.2,0,0.1,0,0.3,2.2,0.2,2790,189,52,7,38,164,65,64,117,30.2,23.8,37.2,19.3,11.8,27.7,20.4,11,30.8,12.8,24.4,0,17.3,29,4.3,145.29
West Virginia,Tyler County,43,40.5,45.5,57.9,56.7,59.2,6.5,4.6,8.1,6.7,4.3,8.9,59.2,42.9,76,68.4,64.9,7.4,12,77322,55155,30122,23621,34891,8397,97.8,97,0.5,0,0.3,0,0,2.2,1,2894,119,111,3,27,543,240,13,159,28.2,11.4,46.9,18.7,8.4,30.2,18.6,20,17.2,17.4,32.9,0.2,16.9,27.2,5.5,146.35
West Virginia,Upshur County,50.7,47.2,54.1,68.1,64.1,72.1,5.6,5.1,6.1,5.4,5,5.8,67.5,54,76.4,62,77,16.1,20,64220,48472,34327,27084,40104,23965,96.8,94.9,1.7,0,0.1,0,0.1,3.2,1.4,9599,431,191,8,637,1389,375,208,952,29,22.6,36.3,19.4,11.7,28.2,21.9,12.8,32.2,11.3,21,0.2,18.5,31.9,3.1,141.93
West Virginia,Wayne County,43.6,43.1,44.2,59.2,58.7,59.6,4.7,3.9,5.5,4.3,2.8,5.8,60.4,56.7,75.8,57.9,63.4,12.9,17.3,69993,49694,36945,29657,44985,39337,97.6,96.5,0.7,0.1,0.1,0,0.3,2.4,0.7,14479,693,295,212,380,2237,837,622,925,35.8,26.4,45.1,19.2,15.3,22.9,21.1,15.3,26.9,8.2,16.2,0.2,15.7,26.7,4.9,142.23
West Virginia,Webster County,36.5,34.3,38.6,49.3,48.3,50.4,14,11.5,16.1,13.5,12,14.8,54.9,52.7,54.8,50,59.1,16.6,21.5,50382,41115,27809,25735,34567,8415,98.7,98.3,0,0,0,0,0.3,1.3,0.3,2964,120,143,40,64,257,326,27,114,29.6,13.5,47.8,18.5,13.5,24.1,14.6,5.1,25.4,20.8,39.2,0,16.5,28.7,2.8,135.5
West Virginia,Wetzel County,42.9,35,51.4,57.6,47.6,67.8,6.4,7.2,5.8,6,6.3,5.8,50.8,48.9,56.5,28.2,72,12.4,18.8,69062,51896,36761,23581,46725,14629,97.9,97.4,0.1,0,0,0,0.4,2.1,1,5603,248,316,0,294,435,378,46,524,21.5,14.9,30.5,16.4,11.3,23.3,21.9,10.8,37.1,14.5,24.8,0.6,25.7,38.2,8.5,143.03
West Virginia,Wirt County,47.8,51.6,43.9,61.2,64.1,58,3,1,5.4,3.4,1.1,5.9,64.8,49.4,44.1,59.2,61.7,16.1,20.9,63740,53891,36192,28047,45998,5264,97.8,96.7,1.1,0,0,0,0,2.2,0,2081,92,73,33,18,274,133,20,244,29.8,12.6,44.1,15.2,7.6,21.6,24,16,30.7,13.5,29.6,0,17.5,34.2,3.5,139.46
West Virginia,Wood County,51.9,48.6,55.4,68.1,64.2,72.1,5.3,3.7,6.7,5.1,3.5,6.6,66.5,68.8,73.4,73.2,77.5,10.7,14.8,74466,54752,35719,29164,44967,84678,97.7,95.7,1.2,0.2,0.4,0.1,0.1,2.3,1.2,35220,1866,1018,173,1467,4610,2424,346,2411,34.4,28.7,40.5,17,11.1,23.4,23.9,17.6,30.7,9.6,18.2,0.5,15,24.4,5,137.98
West Virginia,Wyoming County,34,29.2,38.9,44.6,37.5,51.7,8,6.6,9,8.5,7.6,9.1,40.6,72.9,48.1,27.6,57,18.2,25.3,57803,48647,40052,30366,52916,21581,99.1,97.5,1.4,0,0.1,0,0.1,0.9,0.6,7795,308,471,78,122,718,924,112,592,33.9,20.8,50.6,14.4,7.2,23.6,14.2,6.5,23.9,17.5,30.2,1.3,20.1,35.3,0.6,148.01
Wisconsin,Adams County,44,45.7,42.6,60.4,66.1,55.9,5.7,5.3,5.9,5.5,5.1,5.9,69.7,69.2,83.1,77.9,59.4,7.1,13.5,73509,56547,33651,28384,39823,20505,96.8,91.3,2.5,0.8,0.7,0,1.3,3.2,4.4,8783,333,116,58,138,979,292,60,403,22.6,16.9,29,20.9,17.2,25,22.3,12.8,32.9,12.2,21.9,1.6,21.9,31.3,11.5,152.25
Wisconsin,Ashland County,59.2,58.5,59.9,75.5,74.4,76.6,5.5,4.9,6,4.5,4.1,5,77.6,92.7,85.8,64.5,80.6,11.4,16,73916,60026,35223,29516,39513,16002,96,83.4,0.9,10.6,0.7,0,0.3,4,3.3,6624,295,224,8,370,1110,393,33,562,27.6,22.9,32.6,17.8,12.4,23.6,23.1,11,36,14.8,27.9,0.8,16.7,25.8,7.1,160.63
Wisconsin,Barron County,60.1,57.2,63,77.9,75,80.5,2.9,3,2.8,3,3.2,2.8,77.5,80.9,88.6,83.6,82.9,7.3,12,77056,60229,35340,29682,42765,46529,98,93.3,1.8,0.7,0.7,0,1.6,2,2.8,18969,1088,494,102,883,3309,795,272,1673,29.9,24.1,36.4,16.2,9.8,23.4,20.2,14.6,26.5,11.7,20.5,1.8,21.9,31,11.8,154.25
Wisconsin,Bayfield County,53.5,54.4,52.7,72.6,73.7,71.5,3.9,2.8,4.9,4.2,2.9,5.5,76,85,86.7,66,75.6,7.4,11.2,79977,68516,35446,29504,42245,16031,96.1,85,1.2,9,0.5,0,0.4,3.9,2.4,7358,397,167,60,168,725,262,191,373,37.3,30.5,44.2,20.2,16.2,24.2,18.1,9.2,27.2,11.5,21.7,1.1,13,22.5,3.2,152.25
Wisconsin,Brown County,66.6,63.4,69.8,81,77.9,84.1,3,2.5,3.4,2.6,2.3,2.8,79.7,80,85.8,71.4,86.7,6.6,9.7,95032,74991,42453,34844,50450,267364,94.1,82.5,2.6,2.1,3.2,0,3.5,5.9,9.3,107772,9034,4150,246,4047,22304,5417,924,8701,37.3,33.2,41.7,16,11.8,20.5,21.4,15,28.2,7.9,14.2,1,17.5,25.8,8.5,199
Wisconsin,Buffalo County,63.9,60.5,67.1,83.3,80.8,85.6,2,1.5,2.5,1.5,1.1,1.8,81.9,88.1,90,67.2,87.1,5.3,8.3,82790,66672,40513,32949,46060,13314,98.2,96.1,0.7,0.2,0,0,1.1,1.8,2.5,5550,448,126,7,156,1139,200,34,222,30.4,25.9,35.7,16,11,22,20.2,10.5,31.6,10.5,18.9,0.7,22.8,33.7,10,155.25
Wisconsin,Burnett County,48.5,48.4,48.6,69.5,69.5,69.4,5.4,4.1,6.7,5.3,3.7,6.9,72.2,86.4,84.5,85.3,74.5,8.6,12,75686,60920,34276,27841,42682,16356,96.3,91.5,0.7,3.4,0.4,0,0.2,3.7,2.1,6990,353,73,16,212,926,184,85,436,31.2,27.9,34.6,18.7,12.8,24.8,18.3,10.8,26.2,10.6,19.6,1.3,21.1,28.8,13.1,148.5
Wisconsin,Calumet County,69.6,66.1,73.1,84.1,80.5,87.6,2.3,1.4,3.1,2,1.1,2.7,81.4,72.7,87.2,82.8,90.1,5.1,6.1,106908,85514,48635,40182,57705,52128,96.9,92.3,0.9,0.4,2.4,0,0.8,3.1,4.6,20467,2019,624,39,360,5856,619,248,1221,38.2,33.2,43.7,11.9,8.5,15.7,20.9,13.7,29,8.5,14.8,1.3,20.6,29.8,10.3,183.75
Wisconsin,Chippewa County,61.7,59.9,63.4,76.6,76.9,76.4,2.8,2.6,2.9,2.5,2.6,2.4,79.1,76.3,86.8,78.6,78.2,6.8,9.6,85265,68857,39368,32957,47329,65877,97.7,94,1.6,0.3,1.4,0,0.3,2.3,1.9,26056,2035,767,211,766,5675,1118,321,1665,34,27.4,41.7,15.7,10.6,21.7,18.9,12.8,26.1,11.7,20.6,1.3,19.7,28.6,9.2,166.75
Wisconsin,Clark County,62.7,56.7,68.4,77.2,70.8,83.2,3.1,2.8,3.4,2.8,2.6,3,72.7,54,78.7,54.2,85.9,8.1,11.9,74261,62726,37936,29680,46131,34655,96.7,94.7,0.7,0.2,0.3,0,0.8,3.3,5.4,12591,1195,1464,36,345,2777,2163,110,862,28.5,22.9,35.6,13.3,7.7,20.4,17.3,9.6,26.9,15.4,25.4,2.9,25.5,34.4,14.3,144.75
Wisconsin,Columbia County,65.3,63.6,66.9,80.2,80.3,80.1,3.4,2.4,4.2,3.3,2.4,4.1,82.6,73.9,89,79.2,83.9,4.7,6.8,95651,80427,46337,37737,53962,58219,97.4,93.3,1.9,0.3,0.9,0,1,2.6,3.8,24016,1773,742,151,499,4677,928,300,1540,36.2,29.1,44.2,15.1,10.5,20.3,20,14.5,26.1,11.3,19.6,2,17.4,26.2,7.5,149.75
Wisconsin,Crawford County,53,51,54.9,70.7,70.3,71.1,3.3,3.1,3.5,2.8,2.1,3.4,71.9,80.2,76.8,70.4,73.8,8,12.5,75212,59433,37740,34849,40819,16167,97.3,94.5,1.9,0.2,0.6,0,0.1,2.7,1.8,6508,358,143,114,143,1113,312,63,474,28.4,23.6,33.9,14.8,10.1,20.3,17.4,10.5,25.5,14,24.4,1.9,25.4,31.4,18.3,173.25
Wisconsin,Dane County,69.5,66.5,72.5,82.8,80.7,84.8,2.4,2.5,2.3,2.2,2.3,2.2,82.6,82.4,85.6,74.5,87,5,10.8,116346,85513,47395,41435,55504,555474,94.5,81.6,5.1,0.3,6,0.1,1.5,5.5,6.7,236036,21165,6528,1103,5199,39846,9099,2171,16368,53.5,51.3,55.8,13.9,11.4,16.5,18,14.3,22.1,5.5,10,0.5,9.2,13,5.1,210
Wisconsin,Dodge County,64.2,61.6,66.5,78.2,77.6,78.7,4.6,5.1,4.1,3.6,4.5,2.8,81.3,67.6,88.8,79.5,81.1,4.9,7.5,88283,72379,42584,34064,49675,89274,96.3,91.7,2.6,0.2,0.7,0.1,1.1,3.7,5.3,35291,2140,1364,81,707,6746,1514,369,1803,27.9,23.3,33.5,15.1,9.6,21.7,19.1,12.4,27.3,11,18.1,2.3,27,36.6,15.2,160.75
Wisconsin,Door County,57.3,52.2,62.7,79.1,74.9,83.2,3.4,3.3,3.5,3.6,3.4,3.6,77.6,86.4,90.3,60.8,86.6,5.4,8.6,88421,69603,36792,29549,44424,29713,97.7,94.4,0.5,1,0.3,0,1.6,2.3,3.6,13612,649,248,19,305,1805,376,135,762,34.4,30,39.5,17.5,13,22.7,19.5,10.8,29.6,13.4,24.1,1.1,15.1,22,7.2,160.5
Wisconsin,Douglas County,60.4,59.5,61.4,77,77,77,3.9,3,4.8,3.3,2.3,4.2,78.8,85.9,81,73.2,80.5,6.6,11,89044,65060,38564,31693,47243,44034,96.5,92,1.3,1.6,1.3,0,0.3,3.5,1.8,18865,1232,505,22,541,2771,620,111,1446,31.7,24.3,39.4,21.8,17.1,26.7,19.4,12.2,26.7,9.6,18.1,0.7,17.5,28.3,6.4,170
Wisconsin,Dunn County,64.5,61.6,67.4,78.9,77,80.7,3.8,3.3,4.3,3.6,2.9,4.2,79.3,76.3,79.9,82.1,84.3,6.1,11.5,89267,70218,33498,28378,41107,45254,97.4,93,0.8,0.2,3,0,0.4,2.6,2.1,17277,1555,501,170,382,3392,824,189,818,32.3,28.3,36.8,17,11.7,22.8,19.6,12.9,27,9.5,16.7,1.7,21.5,30.4,11.7,162.75
Wisconsin,Eau Claire County,66.6,63.8,69.4,81.7,80.4,83,3.6,3.4,3.7,3.2,3,3.4,82.9,82.9,90.3,68.8,86,5.5,12.8,95674,70607,36188,28563,44353,105206,96.1,90,1.3,0.2,3.7,0.4,0.5,3.9,2.7,41976,3495,1246,175,952,8321,1381,310,2200,37.6,33.3,42,17.2,12.5,22.1,21.2,16.5,26.2,5.8,10.5,0.9,18.2,27.2,8.8,196.25
Wisconsin,Florence County,48.7,44.6,52.6,65.5,61.7,69,7,8.8,5.5,7.8,9.5,6.3,68.2,77.9,72.3,92.5,73.6,5.4,10.1,71562,56836,38037,27497,47476,4542,97.7,96.5,0.5,0.8,0,0,0,2.3,0.2,2076,64,40,9,48,239,68,3,56,28.4,20.9,37.4,14.1,9.1,20.3,21.7,11.5,34.1,17.9,31.9,0.8,18,26.6,7.3,143.2
Wisconsin,Fond du Lac County,63.9,60,68,80.6,77,84.1,3.5,3,4,3.1,2.8,3.4,79.2,84.8,89.4,80.8,87,5.3,8.5,93133,72365,41646,32603,51923,103890,96.5,91.3,1.7,0.3,1.5,0.1,1.6,3.5,5.6,42151,3412,839,85,1453,8784,1870,219,2956,30,24,36.6,16.2,12.3,20.6,20,11.8,29.1,11.1,19.9,1.4,22.7,32,12.4,176.25
Wisconsin,Grant County,62.6,60.6,64.3,78.4,79.1,77.8,2.8,2.3,3.2,2.5,1.8,3.1,80.5,71.8,90.5,73,80.2,6.5,13.6,83248,63535,33981,30002,38164,52210,98.6,95.6,1.6,0.1,0.9,0,0.3,1.4,1.9,19775,1785,778,85,471,4035,977,173,1353,33.3,28.3,39,15.6,10.8,21.2,19.2,11.6,28.1,12.6,21.6,2.2,19.3,27.7,9.5,158
Wisconsin,Green County,66.6,62.6,70.6,82.6,79.4,85.7,3.4,3.9,2.9,3.4,4,2.9,82.7,77.5,87.8,77.6,88.2,4.3,7.3,92786,76591,42910,35295,50750,37098,97.5,95.4,0.5,0.1,0.3,0,1.2,2.5,3.4,15392,1105,398,44,464,2945,726,85,1012,35.7,29.1,43.1,13.5,10.1,17.4,19.4,11.4,28.4,11.8,20.5,2,19.5,28.9,9.1,160.5
Wisconsin,Green Lake County,58.5,53.7,63.3,74.6,69.5,79.5,3.4,3.8,3.1,2.9,3.7,2.4,72.1,79.1,78.9,62.1,81.4,8.1,12.6,83399,66051,40693,30497,47616,18990,97.2,94.7,1,0.2,0.3,0,1,2.8,5.4,7987,478,322,45,270,1161,434,216,528,30.5,24.8,37.3,14.1,10.6,18.3,19,11.5,28.2,12.5,21.4,1.7,23.9,31.7,14.6,163.5
Wisconsin,Iowa County,68,65.2,70.6,83.8,81.3,86.3,1.9,1.7,2.2,1.9,1.4,2.4,82.4,76.5,90.5,78.3,88.4,4.2,8.1,102664,80350,44106,39598,48859,23715,97.1,94.9,1,0.1,0.7,0,0.5,2.9,2,9749,851,278,28,266,2350,338,32,461,34.3,30.4,38.6,14.2,10.9,17.9,20.6,10.6,31.6,13.9,23.8,3,17,24.2,9,152.25
Wisconsin,Jackson County,56,56,56,69.1,72,66.8,5.1,3.3,6.6,5,3.2,6.4,74.4,75.9,83.7,75.1,71.4,7.7,13,79839,64770,35292,31723,39543,21004,95.9,86.7,1.8,5.2,0.5,0.1,1.7,4.1,3.8,7950,580,306,30,270,1509,505,73,501,27.8,20.8,36.2,19,14.2,24.7,17.1,9.9,25.7,15.5,25.9,2.9,20.7,29.1,10.6,158
Wisconsin,Jefferson County,66.7,61.7,71.7,82,77.9,86,3.7,3.5,3.8,3,2.7,3.4,80,85.7,84.6,76.2,89.2,5.1,7.3,94826,78191,41864,34400,49670,84808,96.5,92.3,0.9,0.2,0.5,0,2.5,3.5,7.5,33861,2838,753,40,1147,6567,1503,145,2919,34.1,28.9,40.1,17.5,14,21.6,17.8,11.3,25.4,11,19.7,0.9,19.6,26.1,12,174.25
Wisconsin,Juneau County,56,57.8,54.5,69.5,73.9,66,4.3,3.6,5,3.7,3.6,3.8,76.9,68,84.2,68.7,69.6,8.5,14.7,77888,63831,38238,32668,43762,26595,96.5,91.5,2.4,0.8,0.5,0,1.2,3.5,3.3,10363,601,450,27,330,1898,548,187,582,27.2,19.9,35.4,20.3,18.3,22.7,18.7,10.5,27.8,11,19.7,1.3,22.7,31.6,12.8,147.25
Wisconsin,Kenosha County,63.7,60.5,67,76.9,73.7,80.1,5.8,4.7,6.7,5.1,4.2,5.9,77,71.5,83,75.9,85.6,8.1,11.3,93382,76380,42611,35027,50579,168743,92.6,80.7,6.7,0.4,1.8,0.1,2.9,7.4,13.9,65877,4212,2172,182,2779,12388,3444,669,6887,35.8,30.6,41.3,16.5,13.2,20,20.9,14.3,28.1,8.1,15.3,0.4,18.7,26.5,10.2,199.25
Wisconsin,Kewaunee County,65.8,62.7,68.8,82.2,80.6,83.8,1.7,1.5,1.9,1.7,1.4,2,81.7,75.5,90.9,75.9,85.4,3.8,7,92531,78838,42960,34024,50134,20535,97.9,95.2,0.7,0.4,0.6,0,1,2.1,3.4,8104,754,246,33,108,2009,343,113,368,29.8,22.6,38,15.3,9.1,22.3,17.2,8.5,27.2,16.5,28.1,3.3,21.2,31.6,9.3,152.25
Wisconsin,La Crosse County,64.1,62.5,65.8,79.6,79.6,79.7,2.8,2.1,3.4,2.5,1.8,3.2,81.1,82.8,88.4,76.5,82.7,4.5,12.2,94420,68471,38540,32451,44821,120291,96.9,89.9,1.6,0.3,4.4,0,0.6,3.1,2.1,49603,3798,1593,207,1082,9267,1921,456,3121,38.4,33.6,43.1,17.1,13.3,20.9,21.9,15.8,28,7,13.7,0.4,15.5,23.5,7.6,195
Wisconsin,Lafayette County,63.9,58.6,69.2,80.9,74.7,86.8,2,2.3,1.8,1.6,2,1.4,76.1,69.3,80.2,72.4,88,7.8,10.3,83113,70860,41328,35385,46971,16662,98.2,95.9,0.6,0.2,0.6,0,0.9,1.8,4.3,6667,572,317,24,172,1291,572,146,342,34.2,30.1,39,12.9,7.2,19.9,17.9,9.4,28.2,17.3,28.2,4,17.7,25.1,8.8,152.25
Wisconsin,Langlade County,54.7,50.6,58.8,72.6,68.1,76.9,5.7,5.9,5.5,6,6.5,5.6,72.8,59.1,84.4,71,81.5,7.5,13.3,78327,58111,37007,32412,39878,19469,96.1,93.7,0.7,0.9,0.2,0,0.7,3.9,2.4,8404,597,227,9,190,1366,377,18,546,25.1,18.4,33.1,16,12,20.8,22.7,15.1,31.8,15.5,26.8,2.1,20.6,27.8,12.2,157.05
Wisconsin,Lincoln County,57.1,54,60.2,74.7,72.4,76.8,4.8,5.2,4.4,4.5,4.6,4.4,76.1,61.4,88,80.1,80.3,5.1,9.7,86659,66886,38244,31921,46881,28378,97.3,95.6,0.7,0.3,0.3,0,0.4,2.7,2,12055,700,396,17,266,1852,373,154,704,28.9,24.3,34.1,15.5,10.1,21.6,21.2,10.2,33.7,9.3,16.9,0.7,25.1,38.5,9.9,151.75
Wisconsin,Manitowoc County,61.4,57.1,65.8,80,76.5,83.4,2.1,2.1,2.2,1.8,1.5,2.1,77.7,83.3,83.9,68.7,85.6,6.4,9.5,85520,66985,41729,33255,50100,81103,96.9,92,1.2,0.4,2.6,0.1,0.6,3.1,4.5,34834,2300,872,74,993,5853,1553,240,2507,31.4,25.9,37.8,15.5,10.7,21.1,18.2,11.3,26.1,10.5,17.8,2.1,24.4,34.3,12.9,180.36
Wisconsin,Marathon County,65.8,62.4,69.2,82.3,79.8,84.7,3.2,3,3.4,2.9,2.5,3.2,81.9,85.4,90.5,76.4,87.6,4.8,7.9,91767,74055,42757,37135,48332,137597,96.6,89.3,0.6,0.2,5.5,0.1,0.9,3.4,3,56218,5343,1684,275,1502,12036,2766,437,3650,37.1,30.6,44.5,14.5,9.9,19.8,19.8,13.8,26.5,9.3,16.8,1,19.2,29,8.3,180.5
Wisconsin,Marinette County,55.4,52.3,58.4,74.5,70.6,78.1,4.3,3.5,4.9,3.7,2.3,4.8,72.3,52.6,86.1,82.5,82.2,6.4,10.1,71999,60706,38665,28063,48485,41720,97.6,95.8,0.7,0.4,0.3,0,0.4,2.4,2.1,18344,907,515,23,512,2885,405,70,1228,28.2,21.8,35.5,15.3,8.3,23.3,17.9,9.6,27.1,11.6,20.6,1.4,27,39.7,12.7,155.5
Wisconsin,Marquette County,54.1,51.3,56.7,72.2,69.6,74.6,4,3.6,4.4,4,3.8,4.2,72.3,80.6,88.9,85.4,78.1,6.7,10.5,73364,60371,37358,30934,47131,15515,97.7,95.4,0.7,0.4,0.5,0,0.8,2.3,3.8,6688,397,122,44,157,1151,200,77,379,24.4,18.2,31.6,18.1,14.4,22.3,18.5,11,27.1,14.3,25.3,1.5,24.7,31.1,17.4,152.25
Wisconsin,Milwaukee County,61.5,59,64.2,74.3,72.6,76.1,4.9,4.5,5.4,4.8,4.3,5.3,75.9,78.4,80.4,73.9,80.5,13.3,17.9,77793,59724,40319,35278,45485,939123,93.1,55.3,26.6,0.6,4.5,0,6,6.9,15.8,387392,22587,10012,1291,30133,47659,16267,3235,59218,37.9,33.8,42.1,18.7,15.1,22.3,20,14,26,6,11.5,0.5,17.3,25.5,9,205
Wisconsin,Monroe County,60.6,55.6,65.3,75.1,70,79.7,2.6,2.9,2.4,2.6,2.9,2.4,72.9,79.1,80.5,67.8,83.7,8,10.3,82486,68736,41009,32215,48163,46091,97,91.5,1.8,1,0.7,0,2,3,5,17733,1498,803,50,471,3564,1478,162,1681,28.2,22,36,17.1,11.4,24.3,17.7,10.9,26.2,13,21.8,2,23.9,33.9,11.5,155.18
Wisconsin,Oconto County,60.6,57.9,63.2,78.5,76.1,80.8,2.2,1.3,3,2.3,1.3,3.2,77.1,87.7,85.3,78.3,83.4,5.9,8.5,89792,74584,43705,33643,52853,38691,97.2,95.2,0.4,1.2,0.3,0,0.1,2.8,2.1,16352,1375,280,8,231,2857,542,97,1023,31.2,25.8,37.4,14.8,9.6,20.7,17.3,9.2,26.6,13.7,23.5,2.5,23,31.9,12.8,138.75
Wisconsin,Oneida County,53.5,52.1,54.9,72.9,72.4,73.3,2.4,2.2,2.7,2.2,1.9,2.5,73.8,70.5,87.7,77.8,75.2,3.9,8,85962,68299,36876,31704,44391,37468,98.3,95.5,0.5,1.4,0.4,0,0.5,1.7,1.7,15724,1019,443,29,248,2561,587,137,878,33.1,24.5,42,17.7,13.7,21.9,21.4,14.9,28.1,11.2,21.2,0.6,16.7,25.6,7.4,153
Wisconsin,Outagamie County,68.2,64.2,72.3,82.5,79.1,85.8,3.1,2.7,3.5,2.8,2.3,3.3,81,79.1,86.5,75.3,88.8,4.8,6.9,99469,79238,45129,35973,55508,189620,96.4,88.5,1.4,1.3,3.5,0,1.7,3.6,4.6,75847,7597,2768,226,1859,17625,4254,597,4625,37.7,32.5,43.6,14,10.4,18,19.5,13,26.7,9.2,16.7,0.9,19.6,27.4,10.7,185
Wisconsin,Ozaukee County,65.1,59.4,70.9,81.6,77.5,85.7,2.8,2.9,2.7,2.9,3,2.8,79.9,74.7,88.6,74.9,88.2,2.4,4,118928,94737,51336,37799,64926,91029,96.4,92,1.3,0.1,2.1,0.1,0.8,3.6,3.3,36889,2960,1320,134,609,8095,1793,178,1998,49.3,47.1,51.9,13.4,9.9,17.5,19.9,14.8,25.6,6,11,0.3,11.3,17.1,4.7,183.75
Wisconsin,Pepin County,60.7,58.8,62.5,80.4,78.5,82.1,2.6,1.8,3.3,2.1,1.7,2.5,79.9,73.6,93.7,77.3,84.2,6,8.9,81473,68686,41733,33485,49676,7328,98.7,97.1,0.4,0.3,0.4,0.1,0.5,1.3,2.3,3058,219,73,0,92,646,85,9,119,30.6,25.4,36.4,15.1,11.3,19.4,21.8,11.8,32.9,12.1,21.7,1.5,20.4,29.8,9.9,152.25
Wisconsin,Pierce County,67.6,65.4,69.8,82,80.5,83.5,3.1,2.8,3.4,3,2.9,3.1,83.2,81,89.3,74.7,86.2,3.4,9.2,107725,85392,40016,32048,49849,42204,96.9,94.1,0.7,0.3,1.2,0,0.6,3.1,2.4,15860,1403,371,36,287,3772,752,220,801,34.9,30.1,39.9,17.3,11,23.9,19.1,12.3,26.1,11.3,20.3,2,17.4,26.3,8.1,155.5
Wisconsin,Polk County,60.5,57.4,63.4,78.1,74.6,81.4,4,4,4,3.8,3.7,3.8,77.5,80.9,84.4,76.4,84.6,5.6,8.6,86176,73987,42353,34631,50074,44806,97.4,95.4,0.4,0.6,0.4,0,0.5,2.6,2,18263,1308,452,32,555,3211,953,93,1244,32.6,26.6,39.4,14.8,8.8,21.7,16.5,10,23.9,11.9,21.1,1.5,24.2,33.6,13.6,133.5
Wisconsin,Portage County,64.7,61.8,67.5,80,77.4,82.4,3.4,3.4,3.3,3.1,3.1,3.1,79.8,80.7,92.7,77.4,85.1,4.8,10.6,95051,71450,36725,29832,44936,70378,97.4,91.7,0.8,0.3,3,0,1.6,2.6,3.5,29041,1934,706,168,698,5176,1001,263,1562,37.3,31.7,43.7,16.2,12.9,19.9,19.2,12.5,26.7,9.2,16.5,1.1,18.1,26.5,8.7,181.25
Wisconsin,Price County,53.4,50,56.5,73,68.2,77.2,2.5,1.3,3.4,2.4,1.1,3.4,68.9,61.6,84.6,63.1,80,8.2,13.2,73186,56737,37276,29396,45389,14003,97.6,94.8,0.4,0.5,0.6,0.8,0.5,2.4,2,6576,256,171,5,190,805,333,41,425,27.3,22.2,33.5,14.9,9.8,21.1,17.9,8.5,29.4,12.6,22.2,1,27.3,37.3,15,149.75
Wisconsin,Racine County,61.7,58.5,64.9,75.9,73,78.6,3.9,3.3,4.5,3.4,2.6,4.2,75,72.7,83.6,72.2,82.1,8.1,11.7,91698,73274,42959,35835,50728,197379,93.7,77.8,11.4,0.5,1.3,0.1,2.6,6.3,14.1,79040,5280,2821,71,4066,12946,3509,295,9559,33.6,27.9,39.8,16.5,13,20.3,19.7,12,28,9.3,17.4,0.5,20.9,29.7,11.3,197.5
Wisconsin,Richland County,57.5,54.6,60.4,74.8,72.4,77.1,2.8,2.9,2.7,2.9,3,2.9,74.6,78.7,75.6,55.3,79.5,9.3,14.3,76755,61137,38001,31962,45025,17353,97.7,93.9,0.6,0.1,0.7,0,2.2,2.3,2.7,7157,387,288,30,200,843,565,78,528,29.1,24.4,34.3,15.3,9.2,22.1,17.7,9.7,26.7,11,19.6,1.5,26.9,37.1,15.5,157.05
Wisconsin,Rock County,62.4,59,65.9,77.7,74.6,80.8,4.5,5,4,4.1,4.6,3.8,78.3,76.2,85.3,73,84,7.2,10.3,84933,71415,40746,33633,48290,163522,94.9,84.5,4.8,0.3,1.2,0,4.1,5.1,9.4,66030,4602,2146,324,3038,11596,3067,934,6647,32.3,25.1,40.1,15.4,10.7,20.5,19.9,13.9,26.4,10.1,18.9,0.6,22.3,31.3,12.5,194
Wisconsin,Rusk County,54.5,49.5,59.3,72.3,67,77.2,5.2,4.9,5.4,5.4,5.2,5.5,70.7,81.9,80.2,64.2,81.7,7.6,12.3,68201,56656,34366,27754,42426,14182,97.4,95.7,0.6,0.2,0.4,0.1,0.4,2.6,2.1,6063,383,183,16,159,863,349,132,223,26,20.8,32.4,13.7,7.7,21.2,18.2,9.2,29.4,15,26,1.3,27.1,36.3,15.7,148.8
Wisconsin,St. Croix County,70.1,67,73,84.5,81.9,87.1,2.2,1.8,2.5,2,1.6,2.5,83.2,80,87.9,82.7,89.5,4,5.4,115182,99539,51554,42363,60717,92495,96.6,94.2,0.7,0.1,0.9,0,0.8,3.4,2.6,35387,4341,910,33,819,9844,1961,137,2333,43,38,48.4,14,11.2,17,18.7,12,26,8.9,16.3,0.8,15.5,22.5,7.7,163
Wisconsin,Sauk County,65.8,62.3,69.4,81.3,78.5,84,2.5,2.2,2.8,2.5,2.2,2.9,80.3,80.7,86.1,71.9,86.6,5.9,8.7,89925,73795,41257,34955,47398,65428,96.9,92.6,0.8,1.3,0.5,0,1.6,3.1,5.6,26850,2430,781,69,746,5275,1088,138,1935,34.8,27.8,42.5,18.7,15.7,22,18.9,12.5,25.9,10.3,18.8,1,17.4,25.3,8.6,175
Wisconsin,Sawyer County,52.9,51.3,54.2,69.5,66.4,72.3,6.1,4.8,7.2,6.8,5.5,7.9,70.2,81,89.9,76.1,78.5,10.2,14.5,77094,57782,33879,30242,37800,17813,95.2,77.4,0.3,15.8,0.5,0,1.2,4.8,2.8,7932,404,125,60,217,1027,106,161,662,29.9,23.7,36.9,22,19.2,25.3,22.3,14.6,31.3,10.6,18.5,1.4,15.2,24,5.1,151
Wisconsin,Shawano County,60,58.1,61.9,77.8,76.1,79.4,3.2,2.9,3.6,3.3,2.9,3.7,78.4,84.7,86.5,63.5,82.7,8.8,10.2,78841,65146,36926,29324,46099,40836,95.6,87.2,0.5,6.9,0.6,0,0.4,4.4,3.1,16732,1121,560,14,454,3108,824,131,1084,30.3,24.1,36.9,16,9.9,22.6,18.3,9.7,27.6,14.2,23.5,4.2,21.2,32.8,8.8,151
Wisconsin,Sheboygan County,64,60.1,67.9,80.2,77.5,82.7,3.1,3,3.1,2.9,2.8,3,79.7,78.9,85.7,80.3,85.3,3.9,7.4,88904,71234,43855,35306,51618,117528,96.3,86.3,2.1,0.2,6,0,1.7,3.7,6.9,48751,4462,1331,61,1094,10486,2049,221,3402,32.6,29.5,36.2,15.4,10.7,20.9,17.9,10.4,26.7,8.9,15.4,1.3,25.2,34.1,14.8,181.75
Wisconsin,Taylor County,62.5,58.1,66.7,80.2,75.8,84.3,3.4,3.6,3.3,3.3,3.4,3.3,78.4,81.1,85.4,59.1,87.2,4.6,8.2,77492,61422,39206,32425,45436,19960,97.8,96.5,0.2,0.1,0.4,0.1,0.4,2.2,2.3,7691,511,393,4,152,1586,650,82,480,28.6,23.8,34.3,14.4,9.1,20.8,15.4,7.8,24.6,12.8,21.1,2.8,28.8,38.1,17.5,154.47
Wisconsin,Trempealeau County,65.3,62,68.4,82.8,79.7,85.6,2.7,1.6,3.6,2.6,1.4,3.7,80.9,76.6,84.5,68.4,88.9,4,7.3,84631,70126,41800,36175,48013,30504,98.4,92.3,0.5,0.3,0.4,0.1,4.8,1.6,9.1,12201,1078,707,38,348,2589,935,103,899,30.5,26.2,35.3,15.6,9.2,23,18.6,11.1,27.2,10.6,18.6,1.3,24.8,34.8,13.1,141
Wisconsin,Vernon County,58.2,56.3,60,74.8,73,76.6,2.2,1.4,2.8,2,1.3,2.6,74,69,85.2,55,78.7,8.7,14.9,81328,63147,39080,33902,45266,30719,97.1,96,0.2,0.1,0.3,0,0.5,2.9,1.7,11833,934,606,102,274,2477,826,200,778,33.7,26.1,41.9,16,10.4,22.1,18.5,11.3,26.3,13.8,24.6,1.9,18.1,27.5,7.8,155.25
Wisconsin,Vilas County,50.9,48.2,53.5,73,70,75.7,4.9,3.9,5.8,4.4,3,5.5,72.2,68.3,79.8,87.9,80.1,6.8,10.1,76442,61952,34055,26530,43774,22813,96.3,86.4,0.5,9,0.2,0,0.2,3.7,2.7,10550,388,214,28,275,892,577,18,783,32.9,29.7,36.6,23.8,20.4,27.8,21.1,13.3,30.2,11.6,20.6,1.1,10.7,16.1,4.4,151
Wisconsin,Walworth County,64.4,61.1,67.8,79.5,76.6,82.3,3.7,3,4.3,3.4,2.7,4.1,78.8,75.6,86.4,82.1,85.9,4.3,9.3,94927,75626,38390,30263,47646,105945,95.1,89.9,0.8,0.3,0.7,0.1,3.3,4.9,11.4,42018,3253,1037,24,1083,8168,1658,294,3395,31.8,27.4,36.7,18.3,12.8,24.3,21.1,13.9,29.2,10.3,19.1,0.6,18.5,26.9,9.2,175.5
Wisconsin,Washburn County,52.2,52,52.3,71.4,70.5,72.3,4,3.7,4.3,3.7,3,4.3,72.7,52.1,80.1,69.4,75.6,8.2,12.8,76593,59460,33842,27250,42034,16561,97.3,94.4,0.6,1.2,0.5,0.1,0.3,2.7,1.9,7084,334,317,31,94,1113,240,53,411,30.5,24.5,36.5,18.4,12.7,24.2,20,10.1,29.8,13.2,25.2,1.2,17.9,27.4,8.3,148.5
Wisconsin,Washington County,67.8,64.1,71.5,84.5,81.7,87.2,2.8,1.8,3.7,2.4,1.7,3,83.1,83.7,90.6,74.6,89.9,2.7,4.7,110078,93276,51694,42509,61928,136300,97,93.1,1.4,0.3,1.4,0,0.8,3,3.4,55807,5049,1758,163,932,12920,2550,383,3149,41.7,37.1,46.7,12.7,8.8,17,21.1,14,29,8.4,15.3,0.8,16.1,24.7,6.5,178.75
Wisconsin,Waukesha County,66,61.5,70.7,82.7,78.8,86.5,2.7,2.1,3.3,2.6,2,3.1,80.5,82.1,84.6,71.4,89.4,3.1,4.9,127111,102798,55300,43757,68060,405332,96.4,89.9,1.6,0.2,3.8,0,0.9,3.6,5.1,164141,15351,5152,760,2163,37133,9440,1569,7712,49,46,52.2,12.4,10.3,14.7,21.7,16.3,27.7,6.2,11.2,0.6,10.7,16.1,4.8,207.5
Wisconsin,Waupaca County,61.9,58.9,64.7,79.9,78.2,81.6,2.2,2.2,2.3,2,1.8,2.1,79.6,85.7,85,69.3,83.4,6.4,9.3,85631,70926,42556,32986,52808,51769,97.8,94.9,0.7,0.3,0.5,0,1.3,2.2,3.3,22173,1240,514,44,739,3629,1069,214,1500,28.8,23.5,34.9,16.3,10.7,22.7,18.6,10.2,28.3,11,19.9,0.8,25.2,35.7,13.3,155.5
Wisconsin,Waushara County,52.5,51.6,53.4,69.6,70.6,68.7,4,3.4,4.5,4.1,3.2,4.8,73.1,74.8,81.7,75,72.2,7.4,10.8,76348,62374,37612,29391,45673,24527,97.6,91.1,1.9,0.8,0.4,0,3.4,2.4,6.5,9886,662,352,5,207,1464,492,63,569,24.9,19.3,31.7,18.6,13.7,24.6,18.8,11.4,27.7,12.9,21.5,2.6,24.8,34.2,13.4,154.13
Wisconsin,Winnebago County,64.3,62,66.6,79.2,78.6,79.7,2.6,2.5,2.7,2.2,1.9,2.4,80.3,84.5,84.4,72.2,81.6,5.6,10.8,90364,69692,40300,34688,48253,171304,96.9,89.8,2.6,0.4,3,0.1,1,3.1,4.4,71416,5910,1697,211,2243,11584,2816,724,5012,34,29.1,39.3,16.1,12.7,19.9,22.2,15.6,29.4,6.7,11.8,1.1,21,30.8,10.3,200
Wisconsin,Wood County,59.7,57.6,61.9,77.1,75.4,78.7,4.3,2.6,5.9,4.1,2,5.9,76.9,72.3,88.4,70.9,83.8,7.1,10.2,78512,63216,39583,33254,46864,74107,97.3,93,0.7,0.5,2.1,0,1.1,2.7,3.4,31790,2365,886,124,881,5763,1407,260,2039,30.8,23.6,38.3,17.5,11.2,24.1,19.6,13.4,26.2,10.9,20.4,1,21.2,31.5,10.4,181.25
Wyoming,Albany County,64.3,61.2,67.1,75.5,73.3,77.4,4.3,4.8,3.9,3.4,4,2.9,76.5,75.7,80.1,62.5,79.8,8.5,23.6,95955,55299,23793,19554,28890,37311,94.2,87.4,0.9,0.7,3.8,0.1,1.3,5.8,9.9,16016,800,620,50,245,1982,923,175,597,50,47.9,52.6,15.1,11.3,19.8,16.7,10.9,23.8,9.8,16.9,1.1,8.4,13,2.7,160.94
Wyoming,Campbell County,68.2,58.7,76.9,77.9,68.1,86.9,3.3,3.7,3.1,2.1,2,2.2,69.7,63.4,82.7,54,89.8,9.2,11,103069,95426,50220,35871,71119,46758,94.6,90.2,0.3,1.1,0.1,0,2.8,5.4,8.6,17190,1309,1600,0,652,4543,1791,0,1040,31.1,24.2,41,14.1,12.3,16.6,16.1,6.4,29.7,22.1,34.8,4.3,16.6,22.3,8.4,114.89
Wyoming,Carbon County,58.4,52.9,63.2,72.2,66.1,77.2,3.9,5.1,3,3.1,4.7,1.9,69.5,24.8,79.9,51.2,78.8,11.3,15.1,82438,68293,39927,29142,54138,14714,95.6,87.5,1.1,1.8,0.7,0,4.5,4.4,18.6,5937,234,483,0,318,740,534,33,687,26.1,21.4,32.7,19.8,15.7,25.5,17.3,7,31.8,21.2,35.5,1.2,15.5,20.3,8.8,128.27
Wyoming,Crook County,62,52.4,70.8,80.9,67.8,93,0.3,0.9,0,0.4,1,0,68.5,17.6,73.5,58.9,93,5,7.6,96621,73940,47646,34466,66606,7185,96.6,94.9,0,0.9,0.3,0,0.4,3.4,2.5,2822,186,366,0,20,679,307,20,63,31.2,25.4,39.7,16.8,12.5,23.2,13.1,2.6,28.8,27.8,43.3,4.7,11.1,16.1,3.6,83.12
Wyoming,Goshen County,55.8,52.1,59.2,71.5,67.6,74.7,3.6,3.3,3.9,3.8,3.9,3.6,70.4,78.7,87.3,76.7,77.7,4.8,8.1,75308,63567,30760,23651,38117,12642,94.8,90.2,0.7,1.3,0.9,0.2,1.6,5.2,11,4962,342,112,181,107,816,180,0,229,38.5,33.8,44.3,17.8,11.1,26.3,13.7,8.6,20.2,16.3,26.9,2.9,13.7,19.6,6.2,102.29
Wyoming,Laramie County,60.6,58.3,62.8,74.6,73,76,4,2.9,4.9,3.6,2.6,4.5,76.6,75.8,84.3,67.5,87.3,5.7,9,96334,77990,42826,34201,52699,99905,93.9,86.2,2.4,1,1.1,0.1,3.1,6.1,15.3,40842,3468,1295,189,1650,7691,2421,284,3230,38,33.5,43.1,17.1,12.9,22,21.2,14.6,28.6,12.2,22.1,1.1,11.5,17.1,5.2,123.93
Wyoming,Lincoln County,64.3,61.3,67.2,80.1,75.3,84.8,3.3,2.1,4.3,3.1,2,4,76.9,69.3,82.6,69.1,88.4,3.7,6.7,102895,81570,41340,29788,56022,19457,96.1,95,0.1,0.3,0.4,0,0.4,3.9,4.9,7383,759,564,3,124,2406,788,6,253,29.6,26.2,33.3,14.9,9.1,21.4,21.8,7.5,37.9,22.3,40,2.3,11.5,17.1,5.2,168.95
Wyoming,Natrona County,65.1,60.7,69.5,78.7,74.2,83,4,2.9,4.8,3.5,2.8,4,76.5,71.9,82,62.6,86.9,7.2,9.9,90994,69869,42327,33787,53197,79382,95.4,92.2,0.8,1,0.5,0,1,4.6,8.9,32634,2054,1818,71,1316,5797,2186,149,2961,36.3,31.1,42.4,18.3,13.5,23.8,19.6,13.7,26.6,11.4,20.4,0.9,14.3,21.3,6.2,123.88
Wyoming,Park County,58.5,55.6,61.5,78.4,73.4,83.7,3.2,3.2,3.2,1.9,2.7,1.2,75.4,70.4,79.2,60.6,84.7,6.3,8.6,81630,68219,35201,27675,47728,29664,95.9,92.9,0.7,0.7,0.3,0,1.2,4.1,5.7,12607,710,551,20,260,2124,1099,131,635,37.2,34.6,40.1,15.9,11.7,20.3,23.2,13.7,33.3,12.5,23.5,0.9,11.2,16.5,5.5,130.42
Wyoming,Platte County,55.1,47.9,61.7,73.5,65.2,81.4,0.4,0.7,0.1,0.4,0.8,0.2,65.7,67.8,83.9,89,82.9,3.5,10.9,90785,64748,34792,27523,42878,8607,92.6,90.5,0.5,0.1,0.7,0.6,0.2,7.4,8.5,3793,92,72,87,22,601,174,113,118,37.1,30.6,46.1,13.1,10.2,17.1,17,7.9,29.7,19.5,33.2,0.4,13.3,18.1,6.7,102.78
Wyoming,Sheridan County,61.3,57.3,65.4,79.7,75.3,84.1,2.5,2.3,2.7,2.4,2,2.8,76.9,92.1,88.7,79.2,86.7,4.4,8.9,104545,68159,41165,32996,57272,30812,97.6,93.6,0.5,1.4,1,0,1.2,2.4,4.6,13003,1120,238,24,295,2963,803,130,852,41.1,40.4,41.7,20.6,13.2,29,15.9,9.2,23.4,12.7,21.8,2.2,9.8,15.3,3.6,140.26
Wyoming,Sublette County,62.7,62.4,62.9,79.9,76.8,82.5,5.2,0.2,8.7,2.6,0.2,4.4,76.9,72.2,85.1,68,86.3,8,8.3,108647,89753,50459,38451,62417,8830,96.4,96,0,0.2,0,0,0.2,3.6,7.3,3337,449,128,0,50,743,145,0,188,35.4,35.2,35.7,8,6.4,10.1,28.5,11.4,50.7,15.7,26.1,2.3,12.4,21,1.2,106.31
Wyoming,Sweetwater County,63.9,57.9,69.6,76.2,69.1,82.8,6.7,4.5,8.4,6,4,7.4,71.9,64.3,79.7,55.3,89.5,8,10.5,102299,83568,45771,29709,65759,42459,93.3,86.8,1.2,1.2,1.1,0.1,2.8,6.7,16.1,15529,1023,1161,268,599,3903,1649,146,1181,30.3,24,38.3,14.2,8.4,21.5,19.9,11.3,31,19.5,34.6,0.4,16.1,21.8,8.8,162.86
Wyoming,Uinta County,63.2,60,66.2,78,70.8,85.2,3.5,3.4,3.5,3.2,3.8,2.6,73.6,65.1,85.1,70.2,87.7,4.8,8,92109,81866,36062,24529,57786,20514,95.2,92.1,0.3,0.3,0.2,0,2.4,4.8,9.7,7675,914,470,0,191,2431,638,131,338,31.2,23.3,40.2,18.6,11.2,27.2,18.3,10.2,27.6,16.9,30.5,1.2,15.1,24.8,3.8,105.51
Wyoming,Washakie County,61.7,60.4,63,82.4,78.8,85.9,2.5,0.9,4,2.1,1.1,3,79.7,49.7,92.8,74.1,88.6,2.6,6.6,77633,67875,34971,26346,44644,7768,94.3,85.7,0,0.9,0.4,0,7.3,5.7,14.4,3370,164,184,0,31,827,98,12,143,38.9,35.9,42.2,15.3,7.6,23.5,17.5,3.9,31.8,14.8,27.2,1.6,13.5,25.5,0.8,93.18
Wyoming,Weston County,53.9,48.8,58.3,70.4,68.2,72.3,4,1.2,5.8,3.1,0.6,5,68.6,72.5,71.5,78,76.1,13.4,14.1,77966,71467,38659,27652,60201,6891,93,89.3,0.4,1.3,0.8,1.1,0.2,7,1.9,2754,223,67,15,54,399,157,23,123,32.4,22,46.8,14.8,11.5,19.4,12.3,3.4,24.5,17.4,27.8,3,23.2,35.3,6.3,127.85
Puerto Rico,Adjuntas County,28.8,24.5,33.4,39.5,34.5,44.7,24.6,19.2,28.4,25,19.5,28.9,42.8,33.2,62.5,83.3,62.9,64,67.1,17703,16759,13680,13780,13602,18068,94.3,84.3,1.5,0.1,0,0,8.4,5.7,99.5,5611,99,216,0,440,436,305,72,1592,24.6,21.2,28.9,30.6,31.7,29.1,18.4,6.7,33.7,13.5,24,0,12.9,16.4,8.3,28.15
Puerto Rico,Aguas Buenas  County,35,29.2,41.2,47.8,40.9,55,7.6,6.5,8.3,7.7,6.4,8.6,43.7,80.6,63.1,48.6,60.2,43.6,45.1,25280,20419,15477,17382,14609,38307,67.1,61.3,1.8,0.1,0.1,0,3.9,32.9,94.1,12995,262,88,0,701,1188,673,189,2220,24.4,19.5,31.1,24,25.8,21.7,26.5,17.9,37.9,12.7,22,0.3,12.4,14.8,9.1,37.67
Puerto Rico,Albonito  County,31.3,26,37.2,43.4,36.5,50.8,17.3,20,15.2,16.9,19.2,15,45.3,41.7,61.2,52.2,60.2,46.7,49.7,23003,18465,18823,18345,19041,55241,91.6,74.4,3.4,0.1,0.1,0,13.6,8.4,98.1,21442,173,252,0,1477,1527,1040,183,3276,30.2,23.7,38.7,21.6,24.8,17.3,24.8,16.3,35.8,10.4,17.8,0.8,13,17.4,7.4,28.15
Puerto Rico,Aguada County,42,36.5,48,58.3,52.5,64.5,5.7,4.4,6.8,5.7,4,7.1,54.7,50.2,59.2,24.9,69.5,41.9,42.7,26694,23810,18540,18737,18395,24567,61.4,40.6,6.5,1.2,0,0,13.1,38.6,99.4,8917,85,107,0,656,739,264,167,1555,22.9,13.3,34.6,26.2,26.1,26.3,22.5,13.9,33,12.8,23,0.6,15.5,23.7,5.7,46.15
Puerto Rico,Aquadilla County,36.2,30.8,42.2,51.7,45,58.8,7.5,9.3,6.1,7.2,9.5,5.3,49.7,69.6,62,53.3,62.1,39.3,43.7,27294,23042,18288,20458,17465,24565,67.8,49,14.2,0.6,0,0,4.1,32.2,99.8,8764,77,34,45,454,385,284,152,1669,27.4,17.5,39.7,24,28.4,18.6,17.7,10.6,26.5,11.7,19.3,2.2,19.2,24.2,13,46.15
Puerto Rico,Anasco County,38.4,33.3,43.9,53.7,47.5,60.3,9.1,9.8,8.6,8.4,8,8.6,51.7,72.7,77.8,74.6,65.9,43.4,44.7,27207,23096,17602,18752,16993,25859,68.3,59.8,2.7,0,0,0,5.8,31.7,95.7,8883,117,112,0,482,824,415,170,1258,23.3,19.5,27.9,23.8,26.2,20.8,24.1,12.1,38.7,9,16.4,0,19.8,25.8,12.6,37.5
Puerto Rico,Arecibo County,33,29.1,37.4,46.1,42.1,50.4,18.8,18.4,19.2,18.1,18.6,17.6,51.8,67.6,62.9,67.4,61.3,42.8,47,26464,21049,18670,18879,18529,88017,82,51.1,3.3,0.1,1,0,26.6,18,99.3,31624,864,330,86,2180,2817,880,447,5078,26.4,19.2,34.5,20.2,24.5,15.3,28.1,16.6,41.1,10.2,18.6,0.6,15.2,21.1,8.5,39.86
Puerto Rico,Barceloneta County,35,35.4,34.5,48.4,49.4,47.4,15.9,11.9,20.2,14.4,8.5,20.4,54,61.6,73.2,75.8,59.6,44.5,44.9,23220,20766,22237,22530,21597,22836,76.3,51,4.1,0.2,1.4,0,19.6,23.7,99.4,7847,342,139,0,488,504,141,104,1931,31.3,25.9,35.9,17,18.1,16.1,29.2,14.6,41.6,9.4,19.2,1.2,13,22.2,5.2,39.86
Puerto Rico,Barranquitas County,34.7,27.1,42.7,47.1,37.9,56.3,16,17.8,14.7,15.3,17,14.1,45.7,60.7,62,37.9,65.5,48.8,51.8,23787,22116,18431,18383,18447,28982,78.4,64.6,7.4,0.1,0,0,6.4,21.6,99.9,8863,276,51,66,896,579,372,126,2302,26.7,17.9,40,17.9,20.3,14.4,26,20.1,34.8,12.8,20.9,0.5,16.6,20.9,10.3,37.67
Puerto Rico,Bayamon County,42.1,38.6,46.3,58.1,55.3,61.2,10.8,10.6,11.1,10.6,10.4,10.8,61.7,72.7,69.4,61.3,68.9,30.5,33.7,36850,30315,20956,20957,20955,185939,74.7,48.7,7.3,0.1,0.2,0,18.4,25.3,98.9,66689,2139,1024,28,4308,5678,2444,404,10661,34,27.5,40.6,19.6,21.7,17.4,29.6,21.2,38.2,7.4,14.1,0.5,9.5,15.5,3.3,41.54
Puerto Rico,Cabo Rojo County,35.2,30.9,40,50.2,45.4,55.6,15.2,14.1,16.2,14.6,13.3,15.7,52.3,44,67.8,72.9,65.9,43.9,47.5,24292,20253,16696,16059,17024,47403,88.6,34.4,3.9,0.4,0.4,0,49.5,11.4,99.2,16722,444,167,26,775,1792,388,67,2578,27,17.1,38.2,17.5,17.3,17.7,29.6,24.8,35.2,13,23.6,1,12.8,17.1,8,37.5
Puerto Rico,Caguas County,43.3,39.2,48.2,59,55.7,62.7,11.3,10.7,11.8,11.2,10.3,12.2,62.1,71.9,72.5,59.7,71.8,34,37.5,34950,29498,22165,22362,21880,128182,89.7,62.4,9,0.3,0.3,0,17.7,10.3,98.1,48226,1390,484,22,2301,4608,1469,262,8665,37.2,29.7,44.8,19.6,23.5,15.5,25.3,16,34.7,7.4,14.6,0.1,10.6,16.2,4.8,37.67
Puerto Rico,Camuy County,36,30.8,41.9,50.2,43.9,57,7.1,7.5,6.7,7.1,7.3,6.9,47.3,56.2,65.1,53.4,62.7,41.4,44.4,25506,21522,17886,17299,18452,32885,96.5,89,1.4,0,0,0,6,3.5,99.3,11367,283,385,27,628,1197,792,189,1719,30,16.4,46.7,17,21.1,11.9,28.6,22.9,35.6,10.9,19.6,0.2,13.6,20,5.6,39.86
Puerto Rico,Canovanas County,41.1,37.2,45.5,54.2,49.2,59.8,21,21.8,20.2,19.9,20.9,19,62.7,75.6,75.1,76.3,74.2,35.2,38.4,32388,25634,21371,21093,21644,42811,91.7,38,13,0.1,0.7,0,39.9,8.3,99.9,14612,434,171,0,1028,1852,344,87,2993,28.5,21.3,36.3,21.8,23.4,20.1,28.5,18.8,39,10.4,19,1.1,10.8,17.6,3.5,34.62
Puerto Rico,Carolina County,45,41.5,49.2,62.2,59.1,65.8,14,14,14,14,13.9,14,68.8,74.6,80.3,77.2,76.9,27,29.8,39504,33439,23267,22300,24329,155886,87,42.3,17,0.6,0.3,0,26.7,13,98.7,61112,1281,496,206,3576,4972,1123,202,10069,35.2,29.6,40.5,20.9,23.3,18.6,29.2,20.3,37.8,5.8,11.2,0.6,8.9,15.6,2.5,34.62
Puerto Rico,Catano County,38.2,34.3,42.8,52.3,48.9,56,14.1,13.8,14.4,14.4,13.2,15.5,56.7,55.3,67.5,53.4,67.5,42,46.1,26665,21897,20517,20234,20799,23536,72.3,53.1,9.6,0,0.2,0,9.3,27.7,99,8716,149,66,0,807,618,180,44,1663,28,23.1,33.2,22.9,28.5,17,27.8,13.2,43.5,8.6,15.9,0.7,12.7,19.3,5.6,41.54
Puerto Rico,Ceiba County,38.3,32.5,45.1,54.6,48.2,62,9.8,9.2,10.4,10.3,9.5,11.1,53.2,83.7,71.4,45.5,69.7,37,41.3,30056,22615,17390,17174,17633,11463,89.1,34.4,6.6,0.4,0.7,0,47,10.9,98.7,4123,123,40,0,204,476,146,0,601,23,18.1,28.8,32.2,34.2,29.9,20,11.4,30.1,12.2,21.5,1.2,12.6,14.8,10,60.16
Puerto Rico,Ciales County,25.5,22.2,28.9,35.5,31.2,40.2,23.7,21.8,25.2,23.5,20.9,25.6,39.5,57.6,59.2,60,53.9,50.8,55.2,23294,20699,16491,17561,15529,17045,78.2,68.3,2.2,1.3,0.4,0,5.9,21.8,99.3,5623,105,81,11,389,323,325,0,903,20.9,11,33,25.3,21,30.5,19.3,11.3,29,16.1,28.6,0.7,18.5,28,6.8,39.86
Puerto Rico,Cidra County,38.1,31.2,45.7,51.6,43.3,60.5,7.5,10.4,5.2,7.4,10.3,5.1,48.2,67.1,68.2,47.4,64.7,35.2,39.9,28608,25426,18968,18588,19170,40125,77.4,48.7,12.2,0.2,0,0,16.4,22.6,99.5,13447,202,327,72,693,1342,593,243,2118,28.7,20,40.3,21.5,21.6,21.3,24.9,19.3,32.3,11.3,19.4,0.6,13.6,19.7,5.5,37.67
Puerto Rico,Coamo County,36.7,34.1,39.7,49,46.1,52.2,7.3,8.7,6,7.6,8.9,6.2,50.7,58.3,66.8,41.2,55.8,44.2,49.6,26273,21001,17693,17572,17771,35268,67,44.1,19.3,0,0,0,3.5,33,99.7,13023,178,60,0,794,1115,644,169,2034,24.7,18,31.9,26.8,29.8,23.7,22,13.3,31.2,11.4,20.5,1.8,15,18.5,11.4,28.15
Puerto Rico,Comerio County,35.9,31.3,40.7,47.8,43.8,51.7,14.9,19.7,10.6,14.3,18.7,10.3,53.9,66.7,68.1,30,57.9,52.3,53.8,21086,15986,18819,20073,17774,18990,73.8,59.8,9,0,0,0,5,26.2,99.8,5274,46,0,0,544,439,55,34,1284,30.5,16,48.6,18.2,20.4,15.3,21.6,11,34.7,13.1,23.6,0,16.7,28.9,1.4,37.67
Puerto Rico,Corozal County,33.6,28.9,38.7,45.8,40.1,52,19.5,18.9,19.9,19.6,18.8,20.2,49.3,76.6,71.8,51.3,65.2,45.6,47.8,25681,21021,20298,20836,20016,34631,78.6,59.9,6.2,0,0,0,12.5,21.4,99.6,10614,329,108,0,832,1324,441,217,2282,29.7,15.7,46.8,22.4,26.5,17.3,22.4,16.4,29.6,12.5,22.7,0,13.1,18.6,6.3,41.54
Puerto Rico,Culebra County,56.3,53.9,58.4,73.8,65.2,81.4,2.5,0,4.5,2.8,0,4.8,65.2,100,100,65.9,85.5,16.2,23,37948,27363,18227,17452,18871,1293,96.6,35,2.4,0,0.9,0,58.3,3.4,91.6,489,0,4,0,47,60,6,0,75,17.7,8.2,29.5,27.7,18.4,39.2,19.3,12.5,27.7,17.7,30.9,1.4,17.6,30,2.2,60.16
Puerto Rico,Dorado County,40.7,37,44.7,54.6,49.5,60.1,16.1,14.4,17.6,15.4,14.6,16.1,58.1,80,73.8,78.5,72.5,26.6,30.9,41372,32421,25974,25772,26118,36030,70.2,55.6,8.7,0,0,0,5.8,29.8,97,11807,630,47,63,689,2092,659,75,1607,38.2,31,46.2,17.1,19.1,14.9,27,20.9,34,8.2,14.5,1.1,9.5,14.6,3.9,41.54
Puerto Rico,Fajardo County,37.2,34.2,40.6,51.6,48.4,55.3,25.6,27.1,24.1,25.6,26.4,24.9,65.9,83.1,79.6,64.6,73.6,39.7,42.7,27931,23654,17415,17338,17496,32336,78.1,39.4,8.3,0.1,0.2,0,30.1,21.9,99.2,12158,92,45,0,736,1087,226,44,2264,27,19.4,34.7,27.1,31.5,22.7,23.1,13.4,32.9,7.3,14.6,0,15.4,21.1,9.7,60.16
Puerto Rico,Florida County,36.9,28.4,46.4,50.7,38.5,64.8,19.7,28.5,12.4,18.1,27.1,10.5,52.8,64.7,62.4,0,72.4,43.5,49.1,25520,23421,16786,17885,16047,11725,75.1,53.9,2,0,1.2,0,17.9,24.9,99.1,4331,0,63,0,193,206,238,106,915,22.3,12.3,37,13.4,8.8,20.2,30.6,26.4,36.7,12.4,20.9,0,21.2,31.6,6,39.86
Puerto Rico,Guanica County,24.7,23.5,26,35.9,33.5,38.7,34.1,21.6,43.1,33.7,21.6,42.6,42.7,43.8,45.3,45.5,67.4,63.5,66.8,15099,14013,15856,17499,15033,14297,94.7,53.7,4.9,0.1,0,0,36,5.3,98.7,5518,76,75,0,267,133,177,65,1141,33.3,16,50.7,23.2,35.3,11,22.4,15.1,29.8,5.4,10.7,0,15.7,22.9,8.5,37.5
Puerto Rico,Guayanilla County,28.8,26.4,31.5,40.2,37.7,42.8,23.9,20.2,27.1,24,18.9,28.3,46.5,64.6,47.6,72.9,59.7,49.3,53.2,23929,20735,15902,15925,15886,18047,95.9,76.8,1.8,0.2,0.6,0,16.5,4.1,99.7,6375,166,36,22,418,382,202,55,1367,34.4,23.7,45.7,21.8,25.1,18.3,22,14.9,29.5,11.4,18.4,3.9,10.4,17.8,2.6,28.15
Puerto Rico,Guaynabo County,45.6,42.1,49.7,62.4,60.3,64.6,9,8.9,9.1,9.1,9,9.2,66.4,79.1,75.9,85.9,72.1,21,25.1,55363,42702,26450,25444,27589,90014,73.6,50.6,6.5,0.2,0.1,0,16.2,26.4,98.5,31429,1345,369,32,1535,3406,1164,81,3698,46.3,42.4,50.3,13.2,14.1,12.3,27.9,20.8,35,5.3,10.2,0.2,7.4,12.5,2.1,39.81
Puerto Rico,Gurabo County,48.3,41.8,55.8,61.3,55.3,68.1,15,16,14.1,13.8,14.7,13,65.5,78.8,79.5,55.3,78.7,27,30.5,44461,38662,23687,25702,22486,41237,90.4,50.6,11.2,0.3,0.2,0,28,9.6,96.7,14486,722,185,0,760,1641,656,58,2318,38.2,32.5,44.8,17.7,18.7,16.5,25.6,17.9,34.4,9.2,17.2,0,9.4,13.7,4.4,37.67
Puerto Rico,Hatillo County,38.5,32.8,44.9,53,44.9,61.8,6.8,5.9,7.6,7.1,6.2,7.8,47.9,59.5,61.5,41.9,67.2,42.1,42.6,30100,22841,18183,18041,18261,38739,94.4,85.4,2,0.1,0,0,6.9,5.6,99.6,13634,375,389,80,730,1954,1180,79,1429,35.6,26.5,46.8,20.8,21.5,19.9,23.6,18.7,29.8,10.8,19.5,0,9.2,13.9,3.5,39.86
Puerto Rico,Hormigueros County,36.5,34.3,39.2,54.5,53.4,55.8,19.6,15.9,23.2,19.3,14.9,23.6,62.8,79.1,76.8,48.5,73.7,39.4,42.8,27166,22684,18687,18664,18709,15726,96,18.2,2.2,0,0,0,75.5,4,99.1,6272,133,23,0,248,485,140,47,892,32.3,24.7,39.4,14.2,18.9,9.8,34.8,22.3,46.4,7.7,14.8,1,11,19.2,3.4,37.5
Puerto Rico,Humacao County,33.7,28.7,39.5,48,42.5,54.1,9.2,7.6,10.4,9.3,7.8,10.6,46.1,53.2,57.1,53.3,60.7,33.3,39.2,29736,24450,19210,20051,18712,51398,97.3,31.5,14.1,0.2,0.8,0,50.6,2.7,99,17749,470,229,33,909,1565,661,219,2741,30.5,23.3,39.3,22.8,28,16.6,22.1,14.1,31.7,9.1,16.2,0.6,15.4,18.4,11.8,60.16
Puerto Rico,Isabela County,32.3,28.6,36.3,45.3,40.4,50.5,8.8,9.2,8.5,8.2,8.2,8.1,44,42.7,64.3,25.9,54.9,47.5,50.5,23370,18664,18757,17372,20835,42985,91.3,56.6,6.6,0.1,0.1,0,27.9,8.7,98.1,14846,386,73,0,840,1150,581,266,2644,29.6,19.9,41,22.7,25.1,19.8,24,14.4,35.4,8.4,15.2,0.3,15.3,25.3,3.5,46.15
Puerto Rico,Jayuya County,28.6,23.4,33.9,39.7,32.9,46.8,18.8,19.3,18.4,16.9,18,16.1,40.2,26.8,58.1,55.6,55.7,53.6,56.9,20561,18290,17282,16899,17543,14877,96.8,53.5,3,0,0,0,40.3,3.2,98.8,5004,35,14,0,466,211,313,31,1238,27.4,16.5,43,21.4,26.2,14.5,16.7,11.8,23.7,10.6,18,0,23.9,27.6,18.7,28.15
Puerto Rico,Juana Diaz County,36.4,32.8,40.6,49.8,45.2,55.1,20.7,20.2,21.1,20.2,20,20.3,56.8,69.2,66.2,77.8,69.5,41.7,45.1,27517,23348,17831,17739,17883,46704,47.8,32,8.3,0.1,0.2,0,7.2,52.2,99.8,15287,689,163,0,1039,1849,822,152,2407,26,17.4,35.2,20,25,14.6,27.3,16.8,38.6,12.2,20.1,3.8,14.5,20.7,7.8,28.15
Puerto Rico,Juncos County,40.9,38.8,43.4,53.6,51.1,56.4,16.4,15.2,17.5,16.4,15.2,17.5,60.3,69.9,77.1,59.8,68.4,38.4,40,29005,24288,20883,19752,21888,37290,83.3,36.8,18.7,0.3,0.2,0,27.3,16.7,99.4,13065,425,32,0,1150,1099,428,174,2386,22.1,15.6,28.5,27.6,32.3,22.9,27.4,17.6,37.1,9.4,17.7,1.3,13.5,16.8,10.2,60.16
Puerto Rico,Lajas County,30.4,29.6,31.4,42,42.6,41.3,21.5,19.7,23.3,20.9,21.1,20.7,54,29.5,65.6,31.9,52.2,57.4,59.8,19358,16996,15525,15639,15431,23407,92.2,32.8,1.5,0,0,0,57.8,7.8,97.9,7765,124,128,0,482,581,256,0,1477,24.9,17.6,32,20.4,25.3,15.6,24.7,23.1,26.3,8.6,15.3,2.1,21.5,18.7,24.1,37.5
Puerto Rico,Lares County,32.7,27.2,38.4,46.2,39.5,53,11.8,14.6,9.7,11.5,13.8,9.6,45.8,46.3,61.9,62,58.6,53.4,56.1,21155,19216,15238,15889,14795,28092,97.2,82.9,1.8,0,0,0,12.5,2.8,99.3,9882,289,93,0,708,1332,442,61,1108,30.2,22.6,40.3,20.2,21.2,18.9,20.1,13.2,29.4,14.2,24.4,0.5,15.3,18.6,10.9,39.86
Puerto Rico,Las Marias County,31.2,24.9,37.7,44.2,37.4,51.1,6.8,11.3,3.5,6.7,10.3,3.8,41.6,19.6,47.5,35.2,53.2,46.8,49.4,24726,16735,15698,16350,15197,8896,93.6,54.9,0.7,0,0,0,38.1,6.4,99.2,2695,56,63,0,196,418,241,28,386,34.4,26,46.7,24.8,26.9,21.8,12.8,5.7,23.2,15.6,25,1.8,12.4,16.4,6.6,46.15
Puerto Rico,Las Piedras County,36.3,36.1,36.4,49.3,49,49.7,12.5,10.3,14.7,12.5,10.6,14.5,54.8,75.9,64.6,87.7,58.2,34.5,37.2,30437,26668,22424,20856,23810,35495,97.9,11.5,51,0.1,0.1,0,35.2,2.1,99.7,12068,338,163,0,605,1379,594,272,2212,37,30.3,43.1,17.2,17.3,17.1,21.8,14,28.8,10.4,21.9,0,13.6,16.5,11,60.16
Puerto Rico,Loiza County,36.4,35.6,37.3,49.9,49.4,50.6,25.3,23,27.8,24.4,22.2,26.8,63.5,84.3,78.1,72.7,69.1,43.5,47.2,26492,21300,19143,18490,19830,24216,95.8,19.8,37,0,0.1,0,38.8,4.2,99.8,8727,110,41,0,734,632,157,32,2055,23,14.5,30.5,35.5,37.6,33.6,22.5,13.7,30.2,8.5,16.1,1.8,10.6,18.2,3.8,34.62
Puerto Rico,Luquillo County,36.3,32.1,41.2,50.7,46.5,55.5,24.6,25.6,23.6,23.2,23.2,23.2,60.6,49.6,70.2,81,72.3,39.3,44,28639,24215,17897,16751,18552,17917,80.2,39,7.6,0.1,0.2,0,33.3,19.8,99.3,6803,170,47,0,434,549,388,80,1063,22.8,13.8,32.7,29,34.6,22.7,23.9,13.2,35.7,10,19.1,0,14.3,19.3,8.9,34.62
Puerto Rico,Manati County,33.1,28.7,38.2,47,41.5,53.3,19.2,22,16.5,19,22.1,16.1,53.2,84.2,62.1,67.6,63.6,41.1,46.7,26467,21175,19332,18641,20107,39693,74.7,57.6,3.2,0.1,0.3,0,13.6,25.3,97.8,14500,473,164,0,911,1104,657,157,2108,33.3,24.6,43.2,21.5,22.7,20,22.8,13.9,32.8,9.2,16.8,0.6,13.3,22,3.4,39.86
Puerto Rico,Maricao County,32.5,26.7,38.7,45.7,38.9,52.8,2.6,1,3.7,2.4,1,3.5,39.3,70,39.6,30.6,54.7,47.2,52.4,23019,20953,16922,18729,14988,5389,95.5,56.5,0.5,0.4,0,0,38.1,4.5,99.2,1888,38,0,0,59,96,132,0,252,9.1,8.1,10.4,22.8,20.6,25.8,17.6,9,29.4,21.8,35.9,2.6,28.7,26.3,31.8,37.5
Puerto Rico,Maunabo County,25.6,25.8,25.3,35.1,39.2,30.8,27.2,23.3,30.9,27.7,23,33.2,50.9,59.5,60.4,100,46.1,41.7,46.1,26936,23629,17896,17465,18621,10700,96.9,6.8,52.1,0,0,0,38,3.1,99.6,3891,222,0,0,83,244,115,0,507,22.7,5.8,38.3,22.1,21.1,23.1,28.9,23.3,34.2,9.5,19.2,0.6,16.7,30.6,3.9,60.16
Puerto Rico,Mayaguez County,29.7,26.7,33.1,42.9,40.5,45.4,25,24.2,25.7,24.4,23.5,25.2,52.9,63,70.2,45.4,60.8,48,53.6,23454,16896,16748,16606,16873,74146,94.9,19.9,2.8,0,0,0,72.2,5.1,99.2,29241,324,450,23,2232,1233,735,238,5111,33.4,30.6,36.5,23.6,25,22,24.3,15.6,33.9,6.5,11.9,0.6,12.2,16.9,7,37.5
Puerto Rico,Moca County,33.3,28.5,38.5,45.1,38.9,51.8,24.6,27.9,21.9,23.3,26.6,20.4,52.9,83.8,71.8,69.4,65.4,47.7,49.9,23772,19277,20101,19623,20411,37532,94.2,76.7,4.1,0.3,0.1,0,13,5.8,99.4,13315,438,234,87,880,1253,654,66,2362,25.8,20.3,32.9,20.6,23,17.5,29.1,18.4,42.7,12.2,21.7,0,12.3,16.6,6.9,46.15
Puerto Rico,Morovis County,36.3,29.1,43.7,47.1,38.3,56.3,16,17.5,14.9,15.8,17.2,14.8,46.3,77.5,67.3,48.8,66.1,43.6,46.8,25352,23542,18311,20033,17769,29069,74.9,62.3,4,0,0,0,8.5,25.1,99.6,9654,376,72,38,473,713,397,76,2031,28.3,18.6,42.4,17.9,19.1,16.1,20.3,13,30.8,15.4,25.4,0.8,18.2,23.9,9.8,39.86
Puerto Rico,Naguabo County,32,24,41.3,43.2,33.6,54.6,15,16.2,14.2,15.7,16.3,15.2,40.2,52.9,48,42.2,64.4,45.5,50.4,22449,20069,18292,18630,18016,23722,94.5,46.2,1.6,0,0.1,0,46.7,5.5,99,8160,156,108,0,743,486,618,0,1789,24.2,17.4,34.2,25.2,28.2,20.6,17.2,6.5,32.9,19.7,33.1,0,13.8,14.8,12.3,60.16
Puerto Rico,Naranjito County,31,29.5,32.6,42.8,42.2,43.3,16.9,12.1,20.9,17.1,12.2,21.4,48.1,48.3,54.5,80.7,55.7,46.7,45.4,24243,20880,19481,20130,18496,29200,68.9,58,7.2,0,0,0,3.7,31.1,100,8302,448,0,27,563,953,277,0,1984,24.1,18.8,29.9,23.5,21.6,25.7,30.9,23,39.6,12.3,21,2.8,9.1,15.7,2,41.54
Puerto Rico,Orocovis County,27.4,25.7,29.1,37,34.5,39.5,24.3,19.3,28.2,24.1,19.9,27.4,43.1,70,58,63.6,54.5,52.2,55.8,19936,17044,17556,18226,16979,21510,76.2,62.5,4.5,0.2,0,0,9,23.8,99.3,6828,167,0,0,689,474,276,206,1176,28.5,15.7,42.9,19,19.3,18.6,20.3,13.3,28.2,17.6,30.6,3,14.6,21,7.4,28.15
Puerto Rico,Penuelas County,33.7,28.2,39.7,45.2,38.8,52.2,14.8,15.5,14.2,15.2,15.8,14.6,46.1,40.3,57.1,55.5,61.2,47.7,53.8,22124,19754,16248,16942,15789,20625,95.9,72.3,2.6,0,0.1,0,20.8,4.1,99.1,6756,155,134,60,578,434,396,49,1870,25.2,19.8,32.1,24.4,26.4,21.8,21.8,11.6,35,13.3,23.7,0,15.3,18.5,11.1,28.15
Puerto Rico,Ponce County,31.8,29.5,34.4,44,42.2,45.9,12.8,11.4,14.1,13.2,11.5,14.7,47.6,54.3,60.3,49.6,54,46.6,50.6,24443,19344,18697,18966,18477,139245,77.1,63.4,5.9,0.1,0,0,7.6,22.9,99.4,52008,992,427,197,4059,2754,2074,457,10161,34.4,26.4,42.8,21,22.6,19.4,25.6,19.3,32.3,8.2,14.9,1.1,10.8,16.9,4.4,28.15
Puerto Rico,Quebradillas County,35.6,29.7,41.9,49,42.5,56,5.3,6.9,4,5.5,7,4.3,45.7,74.3,61.2,78,58.5,43.2,45.4,25547,20652,16457,13903,17754,23743,91.6,77.9,2.7,0.2,0,0,10.7,8.4,98.3,8261,293,105,88,355,862,590,101,1489,18.2,12.7,25.3,26.6,24.4,29.5,24.6,17,34.5,16.7,26,4.7,13.8,19.9,6,39.86
Puerto Rico,Rincon County,40,33.8,47.1,56.9,51.4,62.8,8.2,6.2,9.8,8.4,6.4,10,54.9,87.8,65.4,54.8,69.7,36.6,40.9,32187,26971,17061,17962,16554,15097,57.5,51.6,1.4,0,0,0,4.4,42.5,92.1,5704,227,39,0,227,374,223,0,805,31,30.6,31.5,26.2,29,22.9,24,11.3,39.5,6.9,11.5,1.2,11.9,17.6,5,46.15
Puerto Rico,Rio Grande County,40.9,37,45.3,56.5,52.2,61.1,21.2,23.3,19.3,20.3,22.6,18.1,67.5,61.4,83,77.3,74.7,35,37.6,30661,25810,19215,19649,18939,47630,82.4,36.8,12.7,0.1,0.4,0,32.4,17.6,99.3,15573,552,337,0,760,1609,425,276,2505,26.7,20.2,33.9,23.4,24.5,22.1,29.3,19.9,39.9,8.5,16.1,0,12.1,19.4,4.1,34.62
Puerto Rico,Sabana Grande County,31.5,27.6,36,46.3,39.5,54.4,18.5,16,20.5,19.4,16.8,21.5,47.5,100,70.6,29.4,69.7,43.1,44.8,26449,20554,18261,18179,18365,22860,93.3,64.1,1.5,0.3,0,0,27.3,6.7,99.2,6868,14,0,0,246,1331,93,29,1407,28.3,24.5,32.7,27.9,27.2,28.8,21.7,11.1,34.2,10.4,19.2,0,11.7,18,4.4,37.5
Puerto Rico,San German County,26.7,23.2,30.4,39.2,34.6,44,7.3,7.8,7,7.3,8.2,6.6,37.6,29.4,39.7,61.4,47.2,43.8,50,24956,17976,18128,19722,17514,32031,93.6,62,1.3,0.1,0,0.1,30.1,6.4,98.9,11475,169,92,45,725,735,490,332,1507,33.4,22.1,47.1,18.9,22.2,15,20,11.7,30.2,11.2,20.1,0.4,16.5,24,7.3,37.5
Puerto Rico,San Juan County,43.3,39,48.4,58.5,55.1,62.5,16.6,16.5,16.7,16.4,16.2,16.7,65.7,66.5,75.2,64.7,75.4,36.7,39.7,34189,26538,22020,21480,22572,344791,83.5,48,12.4,0.2,0.3,0,22.7,16.5,98.1,142829,3666,1275,68,9384,7930,2993,533,23537,42.1,39.5,44.8,18.9,16.7,21.2,25.5,20.1,30.9,7.1,13.5,0.6,6.5,10.3,2.6,39.81
Puerto Rico,San Lorenzo County,35.5,33.1,38.1,48.5,46,51.1,8.8,10.2,7.4,8.6,10.4,6.7,51.3,69.4,72.3,79.1,55.2,42.2,45.5,26250,21080,17744,16849,18423,37822,95.1,28.6,30.9,0,0.3,0,35.4,4.9,99.7,13571,418,88,64,661,1002,217,195,2342,29.7,19.1,41.1,13.5,16.6,10.2,26.5,17.9,35.6,13.3,25.4,0.4,17,21,12.7,37.67
Puerto Rico,San Sabastian County,32.7,25.5,40.5,47.3,37.4,57.9,13.1,18.1,9.3,13.2,18,9.5,45.6,33.7,62.6,43.6,64,45.7,50.6,23237,18325,15647,15224,15890,39351,91.9,64.3,3.2,0,0.4,0,24,8.1,96,13808,212,156,35,583,1490,944,170,1813,26.5,20.1,35.7,22.4,21.2,24.1,24.7,17.2,35.5,16.3,27.1,0.5,10.2,14.3,4.2,46.15
Puerto Rico,Toa Alta County,45.3,44.3,46.3,58.3,58.1,58.6,10.1,8.1,12.2,9.7,7.7,11.8,63.1,60.4,75.8,77.3,66.6,30.3,32.4,35683,30627,24291,23778,24951,67602,84.9,68.9,6.2,0.1,0,0,9.7,15.1,98.9,22055,868,202,155,1213,2932,1062,281,3594,32.3,24.5,39.6,19,23.4,14.8,31.1,20.1,41.5,7.1,13.5,1.2,10.5,18.5,3,41.54
Puerto Rico,Toa Baja County,44.4,39.6,50,60.1,54.6,66.3,13.4,12.9,13.9,13,12.3,13.6,62.3,61.9,68.2,63.8,77.5,31.5,35.6,34833,28980,21023,21020,21026,76248,85.3,52,9.7,0.4,0,0,23.4,14.7,99,28002,620,352,71,1743,2519,1239,337,4739,28.1,21.3,35.4,19.9,19.8,20,30.7,20.9,41.3,9.2,17.4,0.4,12,20.6,2.8,41.54
Puerto Rico,Trujillo Alto County,49.1,45.3,53.5,65.9,62.8,69.5,5.5,5.3,5.8,5.4,4.9,5.9,66,84.9,81.4,75.2,74.3,25.4,28.2,44353,37003,23064,23137,22984,68001,84.4,64,12.4,0.1,0.2,0,7.7,15.6,99.3,24022,783,192,124,1369,3479,596,440,3521,39.2,30.4,48,17.2,21.1,13.4,30,24.6,35.4,6.7,12.9,0.4,6.9,11,2.9,34.62
Puerto Rico,Utuado County,26.6,23.9,29.4,37.4,33.6,41.3,31.9,35.8,28,31.7,36.2,27.3,52.7,67.6,73.3,78.4,56.8,49.1,54.6,21913,17235,17417,15583,18464,28585,96.8,51.4,1.3,0,0.1,0,44.1,3.2,98.6,10111,403,162,163,510,899,271,237,1631,29.3,21.3,38.5,22.2,26.1,17.8,25.4,14.3,38,10.4,19.6,0,12.6,18.7,5.7,39.86
Puerto Rico,Vega Alta County,36.5,32.6,40.8,49.9,44.8,55.5,21.2,21.2,21.3,19.4,20.6,18.2,56.4,86.4,67.5,83.6,68.1,43.7,45,24930,23793,20700,20821,20500,35728,76.5,45.7,8.6,0,0,0,22.2,23.5,99.2,12146,522,108,0,854,1597,460,0,2352,31.1,22.9,40.2,23.6,24.1,23,24.6,19.5,30.2,6.7,12.3,0.4,14,21.1,6.1,41.54
Puerto Rico,Vega Baja County,35.5,32.6,38.7,49.1,45.5,53.1,17.6,17.6,17.6,17,16.8,17.3,54.7,78.4,66.9,52.8,64.3,38,43.4,28178,23443,20702,20046,21274,54544,76.6,56.3,4.4,0.1,0,0,15.9,23.4,97.7,19799,477,263,64,1045,1729,687,272,2907,28.1,19.4,37.3,21.8,23.6,19.9,25.4,17.3,33.9,9.2,17,0.8,15.6,22.7,8,41.54
Puerto Rico,Vieques County,28.4,25.5,31.1,42.5,41.1,43.6,15.2,17.5,13.3,15.3,17.5,13.5,49.8,41.7,72.2,70.8,50.5,45.2,53.2,21454,16287,17211,18362,16761,8317,96.2,31.2,7.6,0,0.2,0,57.3,3.8,92.1,2374,92,80,0,272,36,0,46,679,22.4,5.7,43.2,32.9,31.2,35.1,10.3,1.7,20.9,25,45.1,0,9.4,16.2,0.8,60.16
Puerto Rico,Villalba County,34.8,29.6,40.5,46,40.4,52.1,18.6,20.9,16.7,18.7,20.8,16.9,51,56,69.1,63.5,62.7,40.9,44.5,26518,22587,17462,18214,17077,22341,65.5,47,8,0,0,0,10.5,34.5,99.6,7823,93,48,0,650,641,56,61,1674,28.5,20.4,38.7,21.5,21.9,21.1,17.4,11.2,25.2,14,21.1,5,18.5,25.4,10,28.15
Puerto Rico,Yabucoa County,31.9,28.9,35.3,45.4,41.8,49.4,15.2,15.2,15.2,14.9,14.4,15.4,48.9,82.7,63.5,39.4,58.3,47.1,52.6,25369,18821,17357,17256,17463,31047,97.3,10.3,51.9,0,0,0,35.1,2.7,99.9,11905,222,104,0,683,738,339,69,1905,19.9,11.2,29.6,27.1,29.9,24,22.3,12.8,33,10.2,19,0.3,20.6,27.2,13.2,60.16
Puerto Rico,Yauco County,32.1,29.1,35.6,44.9,42.2,48,17.4,14.1,20.1,17.8,14.1,21.1,49.2,50.2,58.6,58.1,60.8,43.3,46.4,25978,17924,18495,17794,19173,34704,92.5,70.7,3.7,0.1,0,0,18,7.5,99,11836,215,355,190,628,755,858,113,1957,33.5,26.4,41.2,18.7,24.2,12.8,25.7,13.3,39.3,5.4,10,0.4,16.6,26.1,6.3,28.15
